"Species","Year","Total_Catch_Yr","Total_Income_Yr","Total_Fishing_Trips_Yr","CPUE"
"#N/A","2012",8277,16888171.6383308,1593,5.19585687382298
"#N/A","2013",37206,68602628.3210655,2234,16.6544315129812
"#N/A","2015",20319,68180466.2569832,727,27.949105914718
"#N/A","2017",20516,76418502.5118483,1130,18.1557522123894
"#N/A","2022",12,12000,100,0.12
"#N/A","2023",94,318666.666666667,1259,0.0746624305003971
"Abalistes stellaris","2013",2,30000,221,0.00904977375565611
"Ablabys macracanthus","2023",13,32500,710,0.0183098591549296
"Ablabys taenianotus","2012",1,3000,47,0.0212765957446809
"Ablabys taenianotus","2013",27,34000,1813,0.014892443463872
"Ablabys taenianotus","2022",3,7500,66,0.0454545454545455
"Ablabys taenianotus","2023",2,6000,176,0.0113636363636364
"Ablabys taenionotus","2015",2,3000,142,0.0140845070422535
"Ablabys taenionotus","2016",7,22000,641,0.0109204368174727
"Abudefduf saxatilis","2012",9,73000,708,0.0127118644067797
"Abudefduf septemfasciatus","2012",680,345000,725,0.937931034482759
"Abudefduf septemfasciatus","2013",260,130000,717,0.362622036262204
"Abudefduf septemfasciatus","2016",225,112500,522,0.431034482758621
"Abudefduf septemfasciatus","2017",227,113500,189,1.2010582010582
"Abudefduf sexfasciatus","2023",57,85500,160,0.35625
"Acanthurus Negricaudus","2016",3,5000,306,0.00980392156862745
"Acanthurus bariene","2016",1016,7984000,2087,0.486823191183517
"Acanthurus bariene","2018",165,1396000,1423,0.115952213633169
"Acanthurus bariene","2019",75,657000,842,0.0890736342042755
"Acanthurus bariene","2022",29,290000,171,0.169590643274854
"Acanthurus bariene","2023",150,1500000,1312,0.114329268292683
"Acanthurus cf leucosternon","2022",2,50000,41,0.0487804878048781
"Acanthurus cf leucosternon","2023",1,25000,35,0.0285714285714286
"Acanthurus chronixis","2012",2560,3391369.37716263,1572,1.62849872773537
"Acanthurus chronixis","2013",188,438585.317460318,2171,0.0865960386918471
"Acanthurus chronixis","2022",397,2802000,389,1.02056555269923
"Acanthurus chronixis","2023",123,742000,1525,0.080655737704918
"Acanthurus grammoptilus","2012",149,112000,813,0.183271832718327
"Acanthurus grammoptilus","2013",302,302280.24691358,2160,0.139814814814815
"Acanthurus guttatus","2022",1,75000,43,0.0232558139534884
"Acanthurus leucoheilus","2015",47,222500,677,0.069423929098966
"Acanthurus leucoheilus","2016",215,861000,1957,0.109862033725089
"Acanthurus leucoheilus","2017",83,390000,563,0.147424511545293
"Acanthurus leucoheilus","2018",101,450000,1423,0.0709768095572734
"Acanthurus leucoheilus","2019",41,205000,842,0.0486935866983373
"Acanthurus leucoheilus","2023",17,76500,510,0.0333333333333333
"Acanthurus leucosternon","2013",5,125000,389,0.012853470437018
"Acanthurus leucosternon","2016",17,330000,873,0.0194730813287514
"Acanthurus leucosternon","2017",3,42500,201,0.0149253731343284
"Acanthurus leucosternon","2018",3,45000,326,0.00920245398773006
"Acanthurus leucosternon","2019",1,15000,98,0.0102040816326531
"Acanthurus leucosternon","2022",6,150000,70,0.0857142857142857
"Acanthurus leucosternon","2023",10,255000,387,0.0258397932816537
"Acanthurus lineatus","2012",742,1477929.75206612,1593,0.465787821720025
"Acanthurus lineatus","2013",3231,7368911.04014599,2234,1.44628469113697
"Acanthurus lineatus","2015",710,1489500,727,0.976616231086658
"Acanthurus lineatus","2016",6566,16357000,2087,3.1461427886919
"Acanthurus lineatus","2017",1207,3533317.12962963,1130,1.06814159292035
"Acanthurus lineatus","2018",1274,3768500,1423,0.895291637385805
"Acanthurus lineatus","2019",467,1414000,842,0.554631828978622
"Acanthurus lineatus","2022",857,3734000,389,2.20308483290488
"Acanthurus lineatus","2023",1023,4146000,1525,0.670819672131148
"Acanthurus maculiceps","2012",9,138000,755,0.0119205298013245
"Acanthurus maculiceps","2015",19,407500,669,0.0284005979073244
"Acanthurus maculiceps","2016",380,3894500,2087,0.182079540009583
"Acanthurus maculiceps","2017",36,515000,444,0.0810810810810811
"Acanthurus maculiceps","2018",28,380000,947,0.0295670538542767
"Acanthurus maculiceps","2019",3,30000,78,0.0384615384615385
"Acanthurus maculiceps","2022",3,30000,70,0.0428571428571429
"Acanthurus maculiceps","2023",1,10000,90,0.0111111111111111
"Acanthurus mata","2022",2,8000,30,0.0666666666666667
"Acanthurus nigricans","2012",148,1315843.67391304,1509,0.098078197481776
"Acanthurus nigricans","2015",20,213000,527,0.0379506641366224
"Acanthurus nigricans","2016",536,5353000,2087,0.256827982750359
"Acanthurus nigricans","2017",230,2643270.83333333,1130,0.20353982300885
"Acanthurus nigricans","2018",48,530500,927,0.0517799352750809
"Acanthurus nigricans","2019",3,32500,407,0.00737100737100737
"Acanthurus nigricans","2022",214,3557500,303,0.706270627062706
"Acanthurus nigricans","2023",441,7144250,1525,0.289180327868852
"Acanthurus nigricauda","2012",5,29000,359,0.0139275766016713
"Acanthurus nigricauda","2022",1,5000,43,0.0232558139534884
"Acanthurus nigricauda","2023",1,3000,187,0.0053475935828877
"Acanthurus nigrofuscus","2012",461,408739.669421488,1572,0.293256997455471
"Acanthurus nigrofuscus","2015",21,49000,443,0.0474040632054176
"Acanthurus nigrofuscus","2016",418,429000,2087,0.200287494010541
"Acanthurus nigrofuscus","2017",100,1e+05,1035,0.0966183574879227
"Acanthurus nigrofuscus","2018",196,196000,1423,0.137737174982431
"Acanthurus nigrofuscus","2019",63,63000,764,0.0824607329842932
"Acanthurus nigrofuscus","2022",4,5000,113,0.0353982300884956
"Acanthurus nigrofuscus","2023",65,81250,858,0.0757575757575758
"Acanthurus nigroris","2015",650,864000,727,0.894085281980743
"Acanthurus nigroris","2016",1522,1873500,2087,0.729276473406804
"Acanthurus nigroris","2017",874,1338008.47457627,1130,0.773451327433628
"Acanthurus nigroris","2018",490,938000,1423,0.344342937456079
"Acanthurus nigroris","2019",309,326100,842,0.366983372921615
"Acanthurus nigroris","2022",149,223500,201,0.741293532338308
"Acanthurus nigroris","2023",878,1766694.63087248,1525,0.575737704918033
"Acanthurus olivaceus","2012",163,267347.56097561,1593,0.102322661644696
"Acanthurus olivaceus","2013",1037,2617240.69767442,2171,0.477660064486412
"Acanthurus olivaceus","2015",116,459500,727,0.159559834938102
"Acanthurus olivaceus","2016",890,2422750,2087,0.426449448969813
"Acanthurus olivaceus","2017",96,312600,1092,0.0879120879120879
"Acanthurus olivaceus","2018",164,684500,1423,0.115249472944483
"Acanthurus olivaceus","2019",75,240000,842,0.0890736342042755
"Acanthurus olivaceus","2022",195,1427500,389,0.501285347043702
"Acanthurus olivaceus","2023",60,323000,1525,0.039344262295082
"Acanthurus pyroferus","2012",96,371067.164179104,1572,0.0610687022900763
"Acanthurus pyroferus","2013",205,1620652.5,2094,0.0978987583572111
"Acanthurus pyroferus","2015",46,146500,677,0.0679468242245199
"Acanthurus pyroferus","2016",881,2059450,2087,0.422137038811691
"Acanthurus pyroferus","2017",231,656327.586206897,1130,0.204424778761062
"Acanthurus pyroferus","2018",485,1448000,1423,0.340829234012649
"Acanthurus pyroferus","2019",559,1549000,842,0.663895486935867
"Acanthurus pyroferus","2022",156,2905000,377,0.413793103448276
"Acanthurus pyroferus","2023",118,1475000,1525,0.0773770491803279
"Acanthurus triostegus","2012",478,719376.666666667,848,0.563679245283019
"Acanthurus triostegus","2015",493,714500,669,0.736920777279522
"Acanthurus triostegus","2016",334,474750,1957,0.170669391926418
"Acanthurus triostegus","2017",218,399135.135135135,950,0.229473684210526
"Acanthurus triostegus","2018",171,303500,1168,0.146404109589041
"Acanthurus triostegus","2019",51,98500,721,0.0707350901525659
"Acanthurus triostegus","2022",385,1129000,339,1.13569321533923
"Acanthurus triostegus","2023",704,1189632.77108434,1525,0.461639344262295
"Acanthurus tristis","2012",1,3000,284,0.00352112676056338
"Acanthurus tristris","2015",3,9500,241,0.012448132780083
"Acanthurus tristris","2016",107,317500,1459,0.0733379026730637
"Acanthurus tristris","2017",35,162814.814814815,741,0.0472334682860999
"Acanthurus tristris","2018",28,107500,1176,0.0238095238095238
"Acanthurus tristris","2022",23,69000,201,0.114427860696517
"Acanthurus tristris","2023",194,528000,1525,0.127213114754098
"Acanthurus tritis","2022",9,54000,159,0.0566037735849057
"Acanthurus tritis","2023",7,42000,227,0.0308370044052863
"Acanthurus xanthopterus","2016",141,689000,1125,0.125333333333333
"Acanthurus xanthopterus","2018",218,1070000,1127,0.193433895297249
"Acanthurus xanthopterus","2019",43,207500,842,0.0510688836104513
"Acanthurus xanthopterus","2023",6,30000,239,0.0251046025104603
"Acreichthys radiatus","2012",1,2000,189,0.00529100529100529
"Acreichthys radiatus","2013",9,45000,1095,0.00821917808219178
"Acreichthys tomentosus","2022",110,330000,107,1.02803738317757
"Alectis ciliaris","2012",4,22000,424,0.00943396226415094
"Alectis indicus","2013",1,4000,287,0.00348432055749129
"Alpheus randalli","2022",67,402000,169,0.396449704142012
"Amblycirrhitus pinos","2012",529,411700,838,0.63126491646778
"Amblycirrhitus pinos","2013",459,502135.989010989,2234,0.205461056401074
"Amblyeleotris aurora","2012",2,3000,122,0.0163934426229508
"Amblyeleotris aurora","2013",27,65000,1103,0.0244786944696283
"Amblyeleotris aurora","2022",266,1330000,137,1.94160583941606
"Amblyeleotris guttata","2022",488,1952000,210,2.32380952380952
"Amblyeleotris randalli","2022",161,6060000,210,0.766666666666667
"Amblyeleotris steinitzi","2012",7,12000,489,0.0143149284253579
"Amblyeleotris steinitzi","2015",5,12500,84,0.0595238095238095
"Amblyeleotris steinitzi","2016",34,79500,847,0.0401416765053129
"Amblyeleotris steinitzi","2017",17,41500,564,0.0301418439716312
"Amblyeleotris steinitzi","2018",1,3000,196,0.00510204081632653
"Amblyeleotris steinitzi","2019",24,59500,363,0.0661157024793388
"Amblyeleotris steinitzi","2022",3,6000,70,0.0428571428571429
"Amblyeleotris steinitzi","2023",7,14000,692,0.0101156069364162
"Amblyeleotris wheeleri","2015",1,2500,84,0.0119047619047619
"Amblyeleotris wheeleri","2016",4,12000,114,0.0350877192982456
"Amblyeleotris wheeleri","2017",1,2500,189,0.00529100529100529
"Amblyeleotris wheeleri","2022",290,1160000,180,1.61111111111111
"Amblyeteleotris gymnocephala","2012",77,91190.7894736842,1037,0.0742526518804243
"Amblyeteleotris gymnocephala","2013",19,47500,858,0.0221445221445221
"Amblygobius phalaena","2022",332,996000,168,1.97619047619048
"Amblygobius phalaena","2023",5,7000,309,0.0161812297734628
"Amblygobius rainfordi","2015",2,4000,142,0.0140845070422535
"Amblygobius rainfordi","2016",9,9000,1088,0.00827205882352941
"Amblygobius rainfordi","2017",14,14000,578,0.0242214532871972
"Amblygobius rainfordi","2018",32,32000,1213,0.0263808738664468
"Amblygobius rainfordi","2019",52,52000,623,0.0834670947030498
"Amphiprion clarkii","2012",862,1133518.98734177,1572,0.548346055979644
"Amphiprion clarkii","2015",472,972604.794520548,727,0.649243466299862
"Amphiprion clarkii","2016",1132,2131950,2087,0.542405366554863
"Amphiprion clarkii","2017",845,1937312.95620438,1130,0.747787610619469
"Amphiprion clarkii","2018",725,1651500,1423,0.509486999297259
"Amphiprion clarkii","2019",335,603500,842,0.397862232779097
"Amphiprion clarkii","2022",413,1791500,389,1.06169665809769
"Amphiprion clarkii","2023",367,872000,1525,0.240655737704918
"Amphiprion frenatus","2015",4,12000,216,0.0185185185185185
"Amphiprion frenatus","2016",6,15000,496,0.0120967741935484
"Amphiprion frenatus","2017",9,22500,306,0.0294117647058824
"Amphiprion frenatus","2018",14,42000,467,0.0299785867237687
"Amphiprion melanopus","2022",1,3000,41,0.024390243902439
"Amphiprion ocellaris","2012",69,103066.666666667,1509,0.0457256461232604
"Amphiprion ocellaris","2015",67,137500,585,0.114529914529915
"Amphiprion ocellaris","2016",241,477250,1995,0.120802005012531
"Amphiprion ocellaris","2017",150,339500,1130,0.132743362831858
"Amphiprion ocellaris","2018",215,525500,1423,0.151089248067463
"Amphiprion ocellaris","2019",10,19000,432,0.0231481481481481
"Amphiprion ocellaris","2022",85,206000,389,0.218508997429306
"Amphiprion ocellaris","2023",78,168500,1525,0.0511475409836066
"Amphiprion perideraion","2022",43,112000,350,0.122857142857143
"Amphiprion perideraion","2023",84,183000,1438,0.0584144645340751
"Amphiprion polymnus","2012",54,98400,508,0.106299212598425
"Amphiprion polymnus","2022",173,840000,308,0.561688311688312
"Amphiprion polymnus","2023",24,63000,805,0.0298136645962733
"Amphiprion sandaracinos","2015",5,8500,270,0.0185185185185185
"Amphiprion sandaracinos","2016",187,290200,2087,0.0896022999520843
"Amphiprion sandaracinos","2017",1,1500,112,0.00892857142857143
"Amphiprion sandaracinos","2018",120,249000,1423,0.084328882642305
"Amphiprion sandaracinos","2019",36,53500,712,0.050561797752809
"Amphiprion sandaracinos","2022",2,6000,31,0.0645161290322581
"Amphiprion sandaracinos","2023",14,34000,848,0.0165094339622642
"Anampses caeruleopunctatus","2012",86,122250,848,0.101415094339623
"Anampses caeruleopunctatus","2015",110,203000,727,0.15130674002751
"Anampses caeruleopunctatus","2016",92,157500,1668,0.0551558752997602
"Anampses caeruleopunctatus","2017",71,183000,807,0.0879801734820322
"Anampses caeruleopunctatus","2018",84,192000,1263,0.0665083135391924
"Anampses caeruleopunctatus","2019",15,15000,435,0.0344827586206897
"Anampses caeruleopunctatus","2022",44,154000,339,0.129793510324484
"Anampses caeruleopunctatus","2023",150,387500,1525,0.0983606557377049
"Anampses lineatus","2012",85,111369.318181818,1572,0.0540712468193384
"Anampses melanurus","2012",64,101000,1253,0.0510774142059058
"Anampses melanurus","2016",3,8000,262,0.0114503816793893
"Anampses melanurus","2017",11,23500,480,0.0229166666666667
"Anampses melanurus","2018",24,53500,1119,0.0214477211796247
"Anampses melanurus","2019",4,7500,378,0.0105820105820106
"Anampses melanurus","2022",4,4000,70,0.0571428571428571
"Anampses melanurus","2023",219,1890932.47457627,1490,0.146979865771812
"Anampses meleagrides","2012",278,1554398.77300613,1572,0.176844783715013
"Anampses meleagrides","2013",107,483072.857142857,2097,0.0510252742012399
"Anampses meleagrides","2015",112,893000,727,0.154057771664374
"Anampses meleagrides","2016",209,1307300,2087,0.100143747005271
"Anampses meleagrides","2017",91,830500,1092,0.0833333333333333
"Anampses meleagrides","2018",181,1531500,1423,0.127196064652143
"Anampses meleagrides","2019",14,106500,533,0.026266416510319
"Anampses meleagrides","2022",141,1589000,339,0.415929203539823
"Anampses meleagrides","2023",147,1365000,1525,0.0963934426229508
"Ancanthurus pyroferus","2016",69,492000,1557,0.0443159922928709
"Ancanthurus pyroferus","2018",37,473000,1213,0.0305028854080791
"Ancanthurus pyroferus","2019",39,390000,842,0.0463182897862233
"Antennarius nummifer","2012",1,1500,284,0.00352112676056338
"Antennarius nummifer","2015",1,5000,158,0.00632911392405063
"Antennarius nummifer","2016",7,14000,604,0.0115894039735099
"Antennarius nummifer","2017",2,2000,98,0.0204081632653061
"Antennarius nummifer","2022",1,2000,70,0.0142857142857143
"Antennarius nummifer","2023",3,6000,332,0.00903614457831325
"Apogon semiornatus","2012",29,220500,848,0.0341981132075472
"Apolemichthys trimaculatus","2012",11,110000,661,0.0166414523449319
"Apolemichthys trimaculatus","2013",15,145500,1509,0.0099403578528827
"Apolemichthys trimaculatus","2015",9,65000,420,0.0214285714285714
"Apolemichthys trimaculatus","2016",17,258500,1268,0.0134069400630915
"Apolemichthys trimaculatus","2017",15,252000,855,0.0175438596491228
"Apolemichthys trimaculatus","2018",15,217000,798,0.018796992481203
"Apolemichthys trimaculatus","2019",5,74000,577,0.00866551126516464
"Apolemichthys trimaculatus","2022",4,1e+05,160,0.025
"Apolemichthys trimaculatus","2023",10,215000,975,0.0102564102564103
"Arothron immaculatus","2012",34,56974.1379310345,724,0.0469613259668508
"Arothron meleagris","2013",303,577331.447963801,2234,0.135631154879141
"Arothron meleagris","2015",23,50750,727,0.031636863823934
"Arothron meleagris","2016",312,588500,2087,0.149496885481552
"Arothron meleagris","2017",246,577395.27027027,1130,0.217699115044248
"Arothron meleagris","2018",150,450000,1423,0.105411103302881
"Arothron meleagris","2019",109,319500,842,0.129453681710214
"Arothron nigropunctatus","2022",178,765000,369,0.482384823848238
"Arothron nigropunctatus","2023",306,671030.112676056,1525,0.200655737704918
"Atrosalarias fuscus","2015",18,21000,569,0.031634446397188
"Atrosalarias fuscus","2016",350,361600,2087,0.167704839482511
"Atrosalarias fuscus","2017",73,73512.1951219512,870,0.0839080459770115
"Atrosalarias fuscus","2018",304,306750,1423,0.213633169360506
"Atrosalarias fuscus","2019",201,201000,842,0.238717339667458
"Atrosalarias fuscus","2022",32,36500,148,0.216216216216216
"Atrosalarias fuscus","2023",37,47500,1324,0.0279456193353474
"Aulostomus chinensis","2012",2,60000,197,0.0101522842639594
"Balistapus undulatus","2012",9,12600,411,0.0218978102189781
"Balistapus undulatus","2013",40,79900,2058,0.0194363459669582
"Balistapus undulatus","2016",69,113500,1257,0.0548926014319809
"Balistapus undulatus","2018",15,41000,356,0.0421348314606742
"Balistapus undulatus","2022",17,53375,172,0.0988372093023256
"Balistapus undulatus","2023",11,33000,867,0.0126874279123414
"Balistoides conspicillum","2012",3,110000,411,0.0072992700729927
"Balistoides conspicillum","2013",2,1e+05,389,0.0051413881748072
"Balistoides conspicillum","2015",1,50000,136,0.00735294117647059
"Balistoides conspicillum","2016",1,60000,114,0.0087719298245614
"Balistoides conspicillum","2017",2,140000,178,0.0112359550561798
"Balistoides conspicillum","2018",3,3e+05,150,0.02
"Balistoides viridescens","2013",2,1750,420,0.00476190476190476
"Bodianus anthioides","2013",2,30000,63,0.0317460317460317
"Bodianus anthioides","2015",1,10000,136,0.00735294117647059
"Bodianus anthioides","2018",2,1e+05,89,0.0224719101123595
"Bodianus axillaris","2012",1,2000,189,0.00529100529100529
"Bodianus axillaris","2015",3,24000,352,0.00852272727272727
"Bodianus axillaris","2016",5,25500,872,0.00573394495412844
"Bodianus axillaris","2017",6,45500,386,0.0155440414507772
"Bodianus axillaris","2018",9,69000,746,0.0120643431635389
"Bodianus axillaris","2019",3,15000,236,0.0127118644067797
"Bodianus axillaris","2022",1,10000,30,0.0333333333333333
"Bodianus axillaris","2023",3,25500,435,0.00689655172413793
"Bodianus bilunulatus","2012",3,11000,189,0.0158730158730159
"Bodianus bilunulatus","2013",8,25500,1390,0.00575539568345324
"Bodianus bilunulatus","2015",3,6500,399,0.0075187969924812
"Bodianus bilunulatus","2016",1,2500,130,0.00769230769230769
"Bodianus bilunulatus","2017",2,9000,284,0.00704225352112676
"Bodianus bilunulatus","2018",7,50500,497,0.0140845070422535
"Bodianus bilunulatus","2022",4,41000,132,0.0303030303030303
"Bodianus bimaculatus","2012",164,663000,571,0.287215411558669
"Bodianus bimaculatus","2013",153,558000,1845,0.0829268292682927
"Bodianus bimaculatus","2016",196,765000,2087,0.093914710110206
"Bodianus bimaculatus","2018",208,1031000,1251,0.166266986410871
"Bodianus bimaculatus","2019",55,236000,614,0.0895765472312704
"Bodianus bimaculatus","2022",11,99000,101,0.108910891089109
"Bodianus diana","2015",457,963000,727,0.628610729023384
"Bodianus diana","2016",1331,2664750,2087,0.637757546717777
"Bodianus diana","2017",736,1513889.76377953,1130,0.651327433628319
"Bodianus diana","2018",890,1840500,1423,0.625439212930429
"Bodianus diana","2019",427,854000,842,0.507125890736342
"Bodianus diana","2022",103,344043.47826087,369,0.279132791327913
"Bodianus diana","2023",362,586017.568181818,1525,0.237377049180328
"Bodianus mesothorax","2012",20,40000,189,0.105820105820106
"Bodianus mesothorax","2015",111,244246.666666667,727,0.152682255845942
"Bodianus mesothorax","2016",392,852500,2087,0.187829420220412
"Bodianus mesothorax","2017",252,582000,1130,0.223008849557522
"Bodianus mesothorax","2018",393,882500,1423,0.276177090653549
"Bodianus mesothorax","2019",197,4e+05,842,0.23396674584323
"Bodianus mesothorax","2022",68,238186.046511628,389,0.174807197943445
"Bodianus mesothorax","2023",516,1092329.35483871,1525,0.338360655737705
"Caesio pisang","2022",3,37500,30,0.1
"Caesio teres","2022",18,270000,174,0.103448275862069
"Caesio teres","2023",10,150000,427,0.0234192037470726
"Calcinus elegans","2012",19,28500,250,0.076
"Calcinus elegans","2023",3042,111673500,1059,2.87252124645892
"Cantherhines pardalis","2012",50,25250,482,0.103734439834025
"Cantherhines pardalis","2013",66,59750,1634,0.0403916768665851
"Canthigaster bennetti","2022",3,9000,31,0.0967741935483871
"Canthigaster bennetti","2023",31,93000,611,0.0507364975450082
"Canthigaster epilampra","2012",14,19250,472,0.0296610169491525
"Canthigaster epilampra","2013",83,166000,1360,0.0610294117647059
"Canthigaster janthinoptera","2022",1,1500,70,0.0142857142857143
"Canthigaster janthinoptera","2023",4,6000,309,0.0129449838187702
"Canthigaster solandri","2022",109,325000,389,0.280205655526992
"Canthigaster solandri","2023",127,333000,1525,0.0832786885245902
"Canthigaster valentini","2012",326,361500,1572,0.207379134860051
"Canthigaster valentini","2015",232,475000,727,0.319119669876204
"Canthigaster valentini","2016",356,624500,2087,0.170579779587925
"Canthigaster valentini","2017",477,785449.34751773,1130,0.42212389380531
"Canthigaster valentini","2018",821,1206500,1423,0.576950105411103
"Canthigaster valentini","2019",382,396000,842,0.453681710213777
"Canthigaster valentini","2022",572,1824500,389,1.47043701799486
"Canthigaster valentini","2023",373,983000,1525,0.244590163934426
"Cassiopea sp","2022",60,420000,36,1.66666666666667
"Centropyge argi","2012",96,1082648.64864865,848,0.113207547169811
"Centropyge bicolor","2012",786,1917405.94059406,1572,0.5
"Centropyge bicolor","2013",827,2498920,2234,0.370188003581021
"Centropyge bicolor","2015",298,1001140,727,0.40990371389271
"Centropyge bicolor","2016",672,2180750,2087,0.321993291806421
"Centropyge bicolor","2017",586,2077785.41666667,1130,0.51858407079646
"Centropyge bicolor","2018",619,2543000,1423,0.434996486296557
"Centropyge bicolor","2019",451,1606000,842,0.53562945368171
"Centropyge bicolor","2022",1127,8148500,389,2.89717223650386
"Centropyge bicolor","2023",1202,5015138.58269231,1525,0.788196721311475
"Centropyge bispinosa","2023",2,45000,176,0.0113636363636364
"Centropyge bispinosus","2012",8,38250,930,0.00860215053763441
"Centropyge bispinosus","2017",7,60000,461,0.0151843817787419
"Centropyge bispinosus","2018",2,20000,286,0.00699300699300699
"Centropyge bispinosus","2019",2,20000,199,0.0100502512562814
"Centropyge eibli","2012",401,1234247.12643678,1572,0.255089058524173
"Centropyge eibli","2015",109,411000,727,0.149931224209078
"Centropyge eibli","2016",356,1249750,2087,0.170579779587925
"Centropyge eibli","2017",287,1177659.57446809,1130,0.253982300884956
"Centropyge eibli","2018",281,1363500,1423,0.197470133520731
"Centropyge eibli","2019",164,869500,842,0.194774346793349
"Centropyge eibli","2022",248,1808500,389,0.637532133676093
"Centropyge eibli","2023",536,2277682.8685259,1525,0.351475409836066
"Centropyge fisheri","2022",5,10000,113,0.0442477876106195
"Centropyge fisheri","2023",8,16000,650,0.0123076923076923
"Centropyge flavicauda","2012",5,5000,275,0.0181818181818182
"Centropyge flavicauda","2013",3,4500,571,0.00525394045534151
"Centropyge flavicauda","2022",77,308000,107,0.719626168224299
"Centropyge nox","2012",12,21857.1428571429,661,0.0181543116490166
"Centropyge nox","2013",12,18500,822,0.0145985401459854
"Centropyge nox","2015",1,2000,99,0.0101010101010101
"Centropyge nox","2016",23,44250,1357,0.0169491525423729
"Centropyge nox","2017",9,23000,228,0.0394736842105263
"Centropyge nox","2018",20,52500,651,0.0307219662058372
"Centropyge nox","2019",53,134000,842,0.0629453681710214
"Centropyge nox","2022",57,198000,280,0.203571428571429
"Centropyge nox","2023",182,364000,1525,0.119344262295082
"Centropyge tibicen","2012",212,405773.4375,1593,0.13308223477715
"Centropyge tibicen","2013",106,203128.676470588,2171,0.0488254260709351
"Centropyge tibicen","2015",28,70000,727,0.0385144429160935
"Centropyge tibicen","2016",370,800250,2087,0.177287973167226
"Centropyge tibicen","2017",103,227500,1049,0.0981887511916111
"Centropyge tibicen","2018",212,553000,1423,0.148981026001405
"Centropyge tibicen","2019",150,378000,842,0.178147268408551
"Centropyge tibicen","2022",283,1299000,389,0.727506426735218
"Centropyge tibicen","2023",31,106500,1438,0.021557719054242
"Centropyge vroliki","2015",142,253500,727,0.195323246217331
"Centropyge vroliki","2016",655,954400,2087,0.313847628174413
"Centropyge vroliki","2017",306,474720.472440945,1130,0.270796460176991
"Centropyge vroliki","2018",523,611500,1423,0.367533380182713
"Centropyge vroliki","2019",442,596000,842,0.524940617577197
"Centropyge vroliki","2022",322,1090000,389,0.827763496143959
"Centropyge vroliki","2023",642,1590000,1525,0.420983606557377
"Centropyge vrolikii","2012",598,661799.086757991,1572,0.380407124681934
"Cephalopholis miniata","2012",170,399000,848,0.200471698113208
"Cephalopholis miniata","2015",1,2000,158,0.00632911392405063
"Cephalopholis miniata","2016",45,134500,1856,0.0242456896551724
"Cephalopholis miniata","2017",12,40363.6363636364,862,0.0139211136890951
"Cephalopholis miniata","2018",17,46000,1133,0.0150044130626655
"Cephalopholis miniata","2019",2,6000,101,0.0198019801980198
"Cetoscarus bicolor","2016",15,72000,1285,0.0116731517509728
"Cetoscarus bicolor","2017",2,7500,84,0.0238095238095238
"Cetoscarus bicolor","2018",4,15500,373,0.0107238605898123
"Cetoscarus bicolor","2019",2,10000,309,0.00647249190938511
"Cetoscarus bicolor","2022",32,470500,280,0.114285714285714
"Cetoscarus bicolor","2023",1,8000,172,0.00581395348837209
"Chaetodermis pencilligera","2015",6,35000,149,0.0402684563758389
"Chaetodermis pencilligera","2016",6,32500,518,0.0115830115830116
"Chaetodermis pencilligera","2022",2,20000,70,0.0285714285714286
"Chaetodermis penicilligerus","2022",1,14000,70,0.0142857142857143
"Chaetodon Sp","2022",177,265500,201,0.880597014925373
"Chaetodon Sp","2023",793,1189500,1525,0.52
"Chaetodon adiergastos","2012",10,9000,406,0.0246305418719212
"Chaetodon adiergastos","2015",2,2000,158,0.0126582278481013
"Chaetodon adiergastos","2016",64,64500,1757,0.0364257256687536
"Chaetodon adiergastos","2017",22,22000,503,0.0437375745526839
"Chaetodon adiergastos","2018",57,57000,832,0.0685096153846154
"Chaetodon adiergastos","2019",38,38000,412,0.0922330097087379
"Chaetodon adiergastos","2022",22,82000,214,0.102803738317757
"Chaetodon adiergastos","2023",24,36000,586,0.0409556313993174
"Chaetodon auriga","2016",4,9000,545,0.0073394495412844
"Chaetodon auriga","2017",6,25000,451,0.0133037694013304
"Chaetodon auriga","2018",20,94000,461,0.0433839479392625
"Chaetodon auriga","2019",6,19000,306,0.0196078431372549
"Chaetodon auriga","2022",145,1150000,210,0.69047619047619
"Chaetodon baronessa","2012",138,161472.222222222,1483,0.0930546190155091
"Chaetodon baronessa","2013",353,410907.258064516,2234,0.158012533572068
"Chaetodon baronessa","2015",96,156000,727,0.132049518569464
"Chaetodon baronessa","2016",333,624000,2087,0.159559175850503
"Chaetodon baronessa","2017",119,257000,988,0.120445344129555
"Chaetodon baronessa","2018",641,971000,1423,0.450456781447646
"Chaetodon baronessa","2019",366,398000,842,0.434679334916865
"Chaetodon baronessa","2022",230,690000,319,0.721003134796238
"Chaetodon baronessa","2023",53,159000,754,0.0702917771883289
"Chaetodon bennetti","2012",8,32500,761,0.0105124835742444
"Chaetodon bennetti","2013",44,224500,1341,0.0328113348247576
"Chaetodon bennetti","2015",9,40000,435,0.0206896551724138
"Chaetodon bennetti","2016",102,397000,907,0.112458654906284
"Chaetodon bennetti","2017",64,314000,828,0.0772946859903382
"Chaetodon bennetti","2018",11,55000,638,0.0172413793103448
"Chaetodon bennetti","2019",1,2000,121,0.00826446280991736
"Chaetodon bennetti","2022",21,420000,107,0.196261682242991
"Chaetodon citrinellus","2022",49,98000,319,0.153605015673981
"Chaetodon citrinellus","2023",109,217000,1138,0.0957820738137083
"Chaetodon decussatus","2016",2,5000,102,0.0196078431372549
"Chaetodon decussatus","2022",14,40000,134,0.104477611940299
"Chaetodon decussatus","2023",3,9000,243,0.0123456790123457
"Chaetodon ephippium","2013",2,15000,491,0.00407331975560081
"Chaetodon ephippium","2022",10,167500,101,0.099009900990099
"Chaetodon falcula","2013",1,3500,328,0.00304878048780488
"Chaetodon falcula","2022",32,560000,180,0.177777777777778
"Chaetodon guentheri","2023",2,10000,216,0.00925925925925926
"Chaetodon kleinii","2012",311,261436.746987952,745,0.41744966442953
"Chaetodon kleinii","2013",924,992856.589147287,2234,0.4136078782453
"Chaetodon kleinii","2016",1405,1733000,2087,0.673215141351222
"Chaetodon kleinii","2018",1504,1796000,1423,1.05692199578356
"Chaetodon kleinii","2019",805,969000,842,0.956057007125891
"Chaetodon kleinii","2022",430,895000,389,1.10539845758355
"Chaetodon kleinii","2023",543,914948.569230769,1365,0.397802197802198
"Chaetodon lunula","2012",5,15000,534,0.00936329588014981
"Chaetodon lunula","2013",92,540950,2094,0.0439350525310411
"Chaetodon lunula","2016",46,223500,1797,0.0255982192543127
"Chaetodon lunula","2017",5,28000,371,0.0134770889487871
"Chaetodon lunula","2018",3,25000,337,0.00890207715133531
"Chaetodon lunula","2019",14,140000,620,0.0225806451612903
"Chaetodon lunula","2022",72,1180000,339,0.212389380530973
"Chaetodon lunula","2023",17,45000,885,0.0192090395480226
"Chaetodon lunulatus","2012",24,29500,482,0.0497925311203319
"Chaetodon madagascariensis","2022",3,52500,77,0.038961038961039
"Chaetodon melannotus","2015",11,27000,535,0.0205607476635514
"Chaetodon melannotus","2016",3,7500,364,0.00824175824175824
"Chaetodon melannotus","2017",11,27500,626,0.0175718849840256
"Chaetodon melannotus","2018",14,42000,606,0.0231023102310231
"Chaetodon melannotus","2022",23,134000,150,0.153333333333333
"Chaetodon melannotus","2023",18,72000,1105,0.016289592760181
"Chaetodon meyeri","2012",75,429083.333333333,1519,0.0493745885450955
"Chaetodon meyeri","2013",6,46000,671,0.00894187779433681
"Chaetodon meyeri","2015",4,21000,436,0.00917431192660551
"Chaetodon meyeri","2016",32,135000,1329,0.0240782543265613
"Chaetodon meyeri","2017",39,270184.210526316,920,0.0423913043478261
"Chaetodon meyeri","2018",19,138000,1033,0.0183930300096805
"Chaetodon meyeri","2019",7,36000,663,0.0105580693815988
"Chaetodon meyeri","2022",6,17500,184,0.0326086956521739
"Chaetodon meyeri","2023",2,3000,347,0.00576368876080692
"Chaetodon ocellicaudus","2016",1,3000,154,0.00649350649350649
"Chaetodon octofasciatus","2022",3,12000,107,0.0280373831775701
"Chaetodon ornatissimus","2012",31,227000,755,0.0410596026490066
"Chaetodon ornatissimus","2016",3,20000,503,0.00596421471172962
"Chaetodon ornatissimus","2017",10,80000,404,0.0247524752475248
"Chaetodon ornatissimus","2022",10,101000,206,0.0485436893203883
"Chaetodon ornatissimus","2023",3,26000,266,0.0112781954887218
"Chaetodon punctatofasciatus","2012",6,21000,386,0.0155440414507772
"Chaetodon punctatofasciatus","2013",2,5500,342,0.00584795321637427
"Chaetodon punctatofasciatus","2022",3,22000,120,0.025
"Chaetodon punctatofasciatus","2023",3,18000,255,0.0117647058823529
"Chaetodon rafflesi","2012",2,2500,319,0.00626959247648903
"Chaetodon rafflesi","2022",208,1444000,210,0.990476190476191
"Chaetodon rafflesi","2023",15,90000,568,0.0264084507042254
"Chaetodon speculum","2012",1,4000,284,0.00352112676056338
"Chaetodon speculum","2013",3,5000,317,0.00946372239747634
"Chaetodon speculum","2019",1,5000,179,0.00558659217877095
"Chaetodon speculum","2022",21,133500,220,0.0954545454545455
"Chaetodon speculum","2023",7,20500,446,0.015695067264574
"Chaetodon trifascialis","2012",10,13656.25,1121,0.00892060660124889
"Chaetodon trifascialis","2013",2,3000,113,0.0176991150442478
"Chaetodon trifascialis","2015",5,12000,278,0.0179856115107914
"Chaetodon trifascialis","2016",11,17000,1245,0.00883534136546185
"Chaetodon trifascialis","2017",74,248500,1130,0.0654867256637168
"Chaetodon trifascialis","2018",17,63000,728,0.0233516483516484
"Chaetodon trifascialis","2019",1,2000,130,0.00769230769230769
"Chaetodon trifascialis","2022",53,311500,389,0.136246786632391
"Chaetodon trifascialis","2023",18,76000,787,0.0228716645489199
"Chaetodon trifasciatus","2012",341,375000,1572,0.216921119592875
"Chaetodon trifasciatus","2013",254,264445.544554455,2234,0.113697403760072
"Chaetodon trifasciatus","2015",126,254500,727,0.173314993122421
"Chaetodon trifasciatus","2016",94,163500,1606,0.0585305105853051
"Chaetodon trifasciatus","2017",210,465905.660377358,1130,0.185840707964602
"Chaetodon trifasciatus","2018",67,138500,1423,0.0470836261419536
"Chaetodon trifasciatus","2019",56,56000,614,0.0912052117263844
"Chaetodon trifasciatus","2022",111,335000,319,0.347962382445141
"Chaetodon trifasciatus","2023",223,450000,1365,0.163369963369963
"Chaetodon ulietensis","2022",42,315000,180,0.233333333333333
"Chaetodon ulietensis","2023",1,7500,79,0.0126582278481013
"Chaetodon unimaculatus","2022",4,20000,111,0.036036036036036
"Chaetodon vagabundus","2022",142,424000,389,0.365038560411311
"Chaetodon vagabundus","2023",109,322000,1278,0.0852895148669797
"Chaetodon xanthurus","2022",1,7000,31,0.032258064516129
"Chaetodon xanthurus","2023",1,7000,35,0.0285714285714286
"Chaetodontoplus melanosoma","2016",1,10000,213,0.00469483568075117
"Chaetodontoplus mesoleucus","2022",20,80000,150,0.133333333333333
"Cheilinus chlorourus","2012",37,53250,848,0.0436320754716981
"Cheilinus fasciatus","2012",4,4000,424,0.00943396226415094
"Cheilinus fasciatus","2015",5,5000,434,0.0115207373271889
"Cheilinus fasciatus","2016",64,64000,1985,0.0322418136020151
"Cheilinus fasciatus","2017",10,10000,262,0.0381679389312977
"Cheilinus fasciatus","2018",14,20000,616,0.0227272727272727
"Cheilinus fasciatus","2019",1,1000,98,0.0102040816326531
"Cheilinus fasciatus","2023",15,18000,1157,0.0129645635263613
"Chelidonura varians","2022",1,5000,30,0.0333333333333333
"Chelmon rostratus","2012",2,3500,337,0.00593471810089021
"Chelmon rostratus","2018",1,4000,155,0.00645161290322581
"Chelmon rostratus","2022",238,2380000,210,1.13333333333333
"Chepalopholis taeniops","2012",3,9000,285,0.0105263157894737
"Chirrhilabrus cyanopleura","2016",3049,2679513.73626374,2087,1.46094873023479
"Chirrhilabrus cyanopleura","2018",747,1193500,1423,0.524947294448349
"Chirrhilabrus cyanopleura","2019",289,482500,842,0.343230403800475
"Chromi lineata","2023",84,63000,451,0.186252771618625
"Chromis lineata","2022",1587,3174000,389,4.07969151670951
"Chromis lineata","2023",2546,5092000,1525,1.66950819672131
"Chromis margaritifer","2012",3616,2209500,1530,2.36339869281046
"Chromis margaritifer","2013",2345,2014218.81188119,2234,1.0496866606983
"Chromis margaritifer","2015",1604,1845450,727,2.20632737276479
"Chromis margaritifer","2016",3792,3639850,2087,1.81696214662195
"Chromis margaritifer","2017",3672,3386250,1130,3.24955752212389
"Chromis margaritifer","2018",4792,5046200,1423,3.36753338018271
"Chromis margaritifer","2019",1196,1246000,842,1.42042755344418
"Chromis margaritifer","2022",1990,2807500,389,5.11568123393316
"Chromis margaritifer","2023",3478,4093875,1525,2.28065573770492
"Chromis opercularis","2012",353,282800,755,0.467549668874172
"Chromis retrofasciata","2015",10,5000,99,0.101010101010101
"Chromis retrofasciata","2016",2087,1554100,2087,1
"Chromis retrofasciata","2018",3241,2866300,1423,2.27758257203092
"Chromis retrofasciata","2019",2339,2339000,842,2.77790973871734
"Chromis retrofasciata","2022",1906,2812125,389,4.89974293059126
"Chromis retrofasciata","2023",2367,3548000,1525,1.55213114754098
"Chromis viridis","2012",5483,4120982.75862069,1572,3.48791348600509
"Chromis viridis","2013",37351,22592400,2234,16.7193375111907
"Chromis viridis","2015",8135,8508500,727,11.1898211829436
"Chromis viridis","2016",22532,21167350,2087,10.7963584091998
"Chromis viridis","2017",10304,14136314.4067797,1130,9.11858407079646
"Chromis viridis","2018",6699,9878500,1263,5.30403800475059
"Chromis viridis","2019",330,480000,228,1.44736842105263
"Chromis viridis","2022",14183,21274500,389,36.4601542416452
"Chromis viridis","2023",17628,20956389.28125,1438,12.2586926286509
"Chromis weberi","2012",10120,5397802.57731959,1572,6.43765903307888
"Chromis weberi","2013",7405,4425200,2234,3.31468218442256
"Chromis xanthura","2012",1104,830200,848,1.30188679245283
"Chrysiptera brownrigii","2012",2,4000,312,0.00641025641025641
"Chrysiptera caeruleolineata","2012",7628,36472902.3738872,848,8.99528301886792
"Chrysiptera cyanea","2017",2,3000,84,0.0238095238095238
"Chrysiptera cyanea","2022",27,40500,71,0.380281690140845
"Chrysiptera cyanea","2023",1,1500,35,0.0285714285714286
"Chrysiptera rollandi","2016",10,16000,487,0.0205338809034908
"Chrysiptera talboti","2012",1876,2601000,1572,1.19338422391858
"Chrysiptera talboti","2013",2861,1978900,2234,1.28066248880931
"Chrysiptera talboti","2015",1569,1536100,727,2.15818431911967
"Chrysiptera talboti","2016",13124,8512400,2087,6.28845232390992
"Chrysiptera talboti","2017",8258,8030000,1130,7.30796460176991
"Chrysiptera talboti","2018",9717,9620350,1423,6.82853127196065
"Chrysiptera talboti","2019",6935,6955000,842,8.23634204275534
"Chrysiptera talboti","2022",3294,4560000,389,8.46786632390745
"Chrysiptera talboti","2023",8252,9517750,1525,5.41114754098361
"Cirrhilabrus cyanopleura","2012",671,419220,838,0.800715990453461
"Cirrhilabrus cyanopleura","2013",1036,1206400,2234,0.463742166517457
"Cirrhilabrus cyanopleura","2022",577,1170000,389,1.48329048843188
"Cirrhilabrus cyanopleura","2023",1064,1555000,1525,0.697704918032787
"Cirrhilabrus exquisitus","2012",344,389750,838,0.410501193317422
"Cirrhilabrus exquisitus","2013",367,784000,2027,0.181055747409965
"Cirrhilabrus exquisitus","2016",1746,3133500,2087,0.836607570675611
"Cirrhilabrus exquisitus","2018",506,1222500,1423,0.355586788475053
"Cirrhilabrus exquisitus","2019",295,631500,842,0.350356294536817
"Cirrhilabrus exquisitus","2022",70,147500,272,0.257352941176471
"Cirrhilabrus exquisitus","2023",198,377000,1446,0.136929460580913
"Cirrhilabrus filamentosus","2012",56,150000,629,0.0890302066772655
"Cirrhilabrus filamentosus","2015",48,151000,727,0.0660247592847318
"Cirrhilabrus filamentosus","2016",304,997500,1985,0.153148614609572
"Cirrhilabrus filamentosus","2017",7,19750,448,0.015625
"Cirrhilabrus filamentosus","2018",31,124000,754,0.0411140583554377
"Cirrhilabrus filamentosus","2019",2,6000,130,0.0153846153846154
"Cirrhilabrus filamentosus","2022",29,155000,180,0.161111111111111
"Cirrhilabrus filamentosus","2023",1,5000,137,0.0072992700729927
"Cirrhilabrus flavidorsalis","2012",58,117000,1234,0.0470016207455429
"Cirrhilabrus flavidorsalis","2022",2,10000,30,0.0666666666666667
"Cirrhilabrus flavidorsalis","2023",7,13500,479,0.0146137787056367
"Cirrhilabrus lubbocki","2012",73,90750,1387,0.0526315789473684
"Cirrhilabrus lubbocki","2015",18,27000,375,0.048
"Cirrhilabrus lubbocki","2016",245,282000,2087,0.117393387637758
"Cirrhilabrus lubbocki","2017",12,16500,772,0.0155440414507772
"Cirrhilabrus lubbocki","2018",16,18500,953,0.0167890870933893
"Cirrhilabrus lubbocki","2019",25,29000,300,0.0833333333333333
"Cirrhilabrus lubbocki","2022",266,1064000,237,1.12236286919831
"Cirrhitichthys aprinus","2012",774,783650,848,0.912735849056604
"Cirrhitichthys aprinus","2015",392,440913.043478261,727,0.539202200825309
"Cirrhitichthys aprinus","2016",1139,1169100,2087,0.545759463344514
"Cirrhitichthys aprinus","2017",767,830141.224489796,1130,0.678761061946903
"Cirrhitichthys aprinus","2018",1146,1235500,1423,0.805340829234013
"Cirrhitichthys aprinus","2019",522,530000,842,0.619952494061758
"Cirrhitichthys aprinus","2022",187,216500,268,0.697761194029851
"Cirrhitichthys aprinus","2023",958,1062500,1525,0.628196721311475
"Cirrhitichthys falco","2022",153,333000,389,0.393316195372751
"Cirrhitichthys falco","2023",53,106000,1312,0.0403963414634146
"Cirrhitichthys oxycephalus","2022",11,22000,296,0.0371621621621622
"Cirrhitichthys oxycephalus","2023",17,34000,675,0.0251851851851852
"Coris aygula","2012",1,25000,219,0.0045662100456621
"Coris aygula","2013",3,120000,113,0.0265486725663717
"Coris aygula","2016",1,25000,240,0.00416666666666667
"Coris aygula","2017",2,122500,193,0.0103626943005181
"Coris aygula","2018",1,42500,50,0.02
"Coris gaimard","2012",2115,4831637.25490196,1593,1.32768361581921
"Coris gaimard","2013",1292,3140716.43518519,2234,0.578334825425246
"Coris gaimard","2015",693,1924116.97247706,727,0.953232462173315
"Coris gaimard","2016",1269,3851750,2087,0.608049832295161
"Coris gaimard","2017",1021,3265356.80751174,1130,0.90353982300885
"Coris gaimard","2018",805,3018500,1423,0.565706254392129
"Coris gaimard","2019",319,1050000,842,0.378859857482185
"Coris gaimard","2022",618,2592500,389,1.58868894601542
"Coris gaimard","2023",1651,5234500,1525,1.08262295081967
"Coris julis","2012",832,888250,848,0.981132075471698
"Coris julis","2013",2,7000,108,0.0185185185185185
"Coris pictoides","2012",7,4250,449,0.0155902004454343
"Coris pictoides","2013",20,22500,938,0.0213219616204691
"Coris pictoides","2016",1,1000,262,0.00381679389312977
"Corythoichthys intestinalis","2023",1,2000,35,0.0285714285714286
"Cromileptes altivelis","2016",5,28000,592,0.00844594594594595
"Cromileptes altivelis","2022",7,70000,137,0.0510948905109489
"Cryptocentrus cinctus","2022",2,6000,41,0.0487804878048781
"Cryptocentrus leptocephalus","2022",55,165000,287,0.191637630662021
"Cryptocentrus leptocephalus","2023",2,6000,79,0.0253164556962025
"Ctenochaetus striatus","2022",391,1185000,389,1.00514138817481
"Ctenochaetus striatus","2023",485,1455000,1525,0.318032786885246
"Ctenochaetus tominiensis","2022",8,440000,77,0.103896103896104
"Ctenochaetus tominiensis","2023",5,75000,670,0.00746268656716418
"Ctenogobiops tangaroai","2022",21,157500,167,0.125748502994012
"Cyprinocirrhites polyactis","2012",11,11000,100,0.11
"Cyprinocirrhites polyactus","2015",104,134000,619,0.168012924071082
"Cyprinocirrhites polyactus","2016",17,25500,478,0.0355648535564854
"Cyprinocirrhites polyactus","2017",53,79500,410,0.129268292682927
"Cyprinocirrhites polyactus","2018",38,57000,441,0.0861678004535147
"Cyprinocirrhites polyactus","2019",8,8000,98,0.0816326530612245
"Cyprinocirrhites polyactus","2023",408,612000,914,0.446389496717724
"Dactyloptena orientalis","2013",6,21600,1143,0.005249343832021
"Dactyloptena orientalis","2017",1,5000,112,0.00892857142857143
"Dactyloptena orientalis","2022",1,25000,30,0.0333333333333333
"Dactyloptena orientalis","2023",1,25000,83,0.0120481927710843
"Dascyllus aruanus","2013",781,410100,1777,0.439504783342712
"Dascyllus aruanus","2023",1,750,172,0.00581395348837209
"Dascyllus melanurus","2016",8,4800,422,0.018957345971564
"Dascyllus reticulatus","2012",525,262500,950,0.552631578947368
"Dascyllus reticulatus","2013",100,50000,328,0.304878048780488
"Dascyllus reticulatus","2015",273,386750,535,0.510280373831776
"Dascyllus reticulatus","2016",176,264000,663,0.265460030165913
"Dascyllus reticulatus","2017",402,521100,642,0.626168224299065
"Dascyllus reticulatus","2018",610,550500,981,0.621814475025484
"Dascyllus reticulatus","2019",1291,1291000,842,1.5332541567696
"Dascyllus reticulatus","2022",483,724500,292,1.6541095890411
"Dascyllus reticulatus","2023",220,330000,220,1
"Dascyllus trimaculatus","2012",4688,3223678.90625,1593,2.9428750784683
"Dascyllus trimaculatus","2013",8935,5743500,2234,3.99955237242614
"Dascyllus trimaculatus","2015",1006,932500,727,1.3837689133425
"Dascyllus trimaculatus","2016",5430,3784900,2087,2.6018207954001
"Dascyllus trimaculatus","2017",3658,3104400,1130,3.23716814159292
"Dascyllus trimaculatus","2018",4256,4086050,1423,2.99086437104708
"Dascyllus trimaculatus","2019",4226,4499500,842,5.01900237529691
"Dascyllus trimaculatus","2022",723,1024500,320,2.259375
"Dascyllus trimaculatus","2023",1983,2130750,1525,1.30032786885246
"Dendrochirus biocellatus","2012",34,232509.259259259,1403,0.0242337847469708
"Dendrochirus biocellatus","2013",890,1193084.3373494,2160,0.412037037037037
"Dendrochirus biocellatus","2015",9,96000,527,0.0170777988614801
"Dendrochirus biocellatus","2016",80,655000,2087,0.0383325347388596
"Dendrochirus biocellatus","2017",68,598678.571428571,1130,0.0601769911504425
"Dendrochirus biocellatus","2018",79,811000,1372,0.0575801749271137
"Dendrochirus biocellatus","2019",54,505000,842,0.0641330166270784
"Dendrochirus biocellatus","2022",22,310000,172,0.127906976744186
"Dendrochirus biocellatus","2023",23,255000,1106,0.0207956600361664
"Dendrochirus brachypterus","2012",3,6000,122,0.0245901639344262
"Dendrochirus brachypterus","2022",3,9000,36,0.0833333333333333
"Dendrochirus zebra","2012",84,87500,848,0.0990566037735849
"Dendrochirus zebra","2015",62,77000,727,0.0852819807427785
"Dendrochirus zebra","2016",133,140500,2087,0.0637278390033541
"Dendrochirus zebra","2017",24,25500,815,0.0294478527607362
"Dendrochirus zebra","2018",44,59000,1142,0.0385288966725044
"Dendrochirus zebra","2019",60,60000,842,0.0712589073634204
"Dendrochirus zebra","2022",24,72000,235,0.102127659574468
"Dendrochirus zebra","2023",83,131333.333333333,1270,0.0653543307086614
"Diademichthys lineatus","2022",15,45000,71,0.211267605633803
"Diodon holocanthus","2012",29,33054.5454545454,755,0.0384105960264901
"Diodon liturosus","2013",1,3000,276,0.0036231884057971
"Diodon liturosus","2016",1,5000,262,0.00381679389312977
"Diodon liturosus","2018",1,5000,196,0.00510204081632653
"Diproctacanthus xanthurus","2012",8,8000,801,0.00998751560549313
"Diproctacanthus xanthurus","2015",4,4000,325,0.0123076923076923
"Diproctacanthus xanthurus","2016",4,4000,555,0.00720720720720721
"Diproctacanthus xanthurus","2022",2,4000,31,0.0645161290322581
"Diproctacanthus xanthurus","2023",6,12000,516,0.0116279069767442
"Dischistodus perspicillatus","2013",121,60500,632,0.191455696202532
"Dischistodus perspicillatus","2015",192,96000,242,0.793388429752066
"Dischistodus perspicillatus","2016",1098,549000,1708,0.642857142857143
"Dischistodus perspicillatus","2018",178,166000,316,0.563291139240506
"Dischistodus perspicillatus","2019",2156,2156000,842,2.56057007125891
"Doryrhamphus dactyliophorus","2012",24,34000,854,0.0281030444964871
"Doryrhamphus dactyliophorus","2013",49,96500,1986,0.0246727089627392
"Doryrhamphus dactyliophorus","2015",30,49000,619,0.0484652665589661
"Doryrhamphus dactyliophorus","2016",58,102000,1957,0.0296371997956055
"Doryrhamphus dactyliophorus","2017",19,36500,988,0.0192307692307692
"Doryrhamphus dactyliophorus","2018",19,38500,887,0.0214205186020293
"Doryrhamphus dactyliophorus","2019",7,14000,435,0.0160919540229885
"Doryrhamphus dactyliophorus","2022",12,30000,177,0.0677966101694915
"Doryrhamphus dactyliophorus","2023",22,44000,1172,0.0187713310580205
"Doryrhamphus excisus","2022",4,24000,30,0.133333333333333
"Doryrhamphus excisus excisus","2012",5,7000,608,0.00822368421052632
"Doryrhamphus excisus excisus","2013",4,10500,827,0.00483675937122128
"Doryrhamphus janssi","2012",2,4500,266,0.0075187969924812
"Doryrhamphus janssi","2022",1,10000,30,0.0333333333333333
"Doryrhamphus janssii","2015",1,5000,142,0.00704225352112676
"Doryrhamphus janssii","2016",11,33000,762,0.0144356955380577
"Doryrhamphus janssii","2017",9,26500,539,0.0166975881261596
"Doryrhamphus janssii","2018",4,14000,527,0.00759013282732448
"Doryrhamphus janssii","2022",1,2500,30,0.0333333333333333
"Doryrhamphus janssii","2023",2,7500,270,0.00740740740740741
"Doryrhamphus pessuliferus","2022",2,20000,77,0.025974025974026
"Echeneis naucrates","2013",1,3000,63,0.0158730158730159
"Echidna polyzona","2012",4,28000,424,0.00943396226415094
"Echidna polyzona","2015",1,7000,142,0.00704225352112676
"Echidna polyzona","2016",8,76000,995,0.00804020100502513
"Echidna polyzona","2017",7,70000,723,0.00968188105117566
"Echidna polyzona","2018",9,115000,864,0.0104166666666667
"Echidna polyzona","2019",11,131000,513,0.0214424951267057
"Ecsenius bicolor","2012",725,1038332.55813953,1572,0.461195928753181
"Ecsenius bicolor","2015",625,1089388.23529412,727,0.859697386519945
"Ecsenius bicolor","2016",3213,5159300,2087,1.53953042644945
"Ecsenius bicolor","2017",879,1649461.86046512,1130,0.77787610619469
"Ecsenius bicolor","2018",551,994500,1423,0.387210119465917
"Ecsenius bicolor","2019",382,587500,842,0.453681710213777
"Ecsenius bicolor","2022",1075,4086000,389,2.76349614395887
"Ecsenius bicolor","2023",461,1023000,1525,0.302295081967213
"Ecsenius midas","2012",42,62000,571,0.0735551663747811
"Ecsenius midas","2013",33,81500,1559,0.0211674150096216
"Ecsenius midas","2016",20,40500,1246,0.0160513643659711
"Ecsenius midas","2018",7,15000,387,0.0180878552971576
"Ecsenius midas","2019",1,2000,98,0.0102040816326531
"Ecsenius midas","2022",6,24000,30,0.2
"Ecsenius namiyei","2012",68,111014.285714286,1525,0.0445901639344262
"Ecsenius namiyei","2013",69,81212.5,1989,0.0346907993966818
"Enneapterygius atrogulare","2012",330,336500,848,0.389150943396226
"Enoplometopus occedentalis","2016",3,7000,376,0.00797872340425532
"Enoplometopus occidentalis","2012",1055,1271053.27868852,848,1.24410377358491
"Enoplometopus occidentalis","2013",9,13000,966,0.0093167701863354
"Epinephelus merra","2013",1,5000,276,0.0036231884057971
"Exallias brevis","2012",49,84600,1572,0.0311704834605598
"Exallias brevis","2015",40,1e+05,585,0.0683760683760684
"Exallias brevis","2016",109,236000,1973,0.0552458185504308
"Exallias brevis","2017",14,32500,459,0.0305010893246187
"Exallias brevis","2018",13,39000,581,0.0223752151462995
"Exallias brevis","2019",1,3000,101,0.0099009900990099
"Exallias brevis","2022",30,82000,231,0.12987012987013
"Exallias brevis","2023",149,324000,1525,0.0977049180327869
"Forcipiger flavissimus","2012",17,138500,957,0.0177638453500522
"Forcipiger flavissimus","2013",110,690000,1501,0.0732844770153231
"Forcipiger flavissimus","2015",7,49000,325,0.0215384615384615
"Forcipiger flavissimus","2016",46,324000,1329,0.0346124905944319
"Forcipiger flavissimus","2017",12,95000,482,0.024896265560166
"Forcipiger flavissimus","2018",12,84000,643,0.0186625194401244
"Forcipiger flavissimus","2019",2,11000,300,0.00666666666666667
"Forcipiger flavissimus","2022",8,124000,147,0.054421768707483
"Forcipiger flavissimus","2023",32,276007.777777778,1215,0.0263374485596708
"Genicanthus lamarck","2012",1,3500,47,0.0212765957446809
"Genicanthus lamarck","2015",1,2500,84,0.0119047619047619
"Genicanthus lamarck","2016",3,11000,570,0.00526315789473684
"Genicanthus lamarck","2018",2,15000,337,0.00593471810089021
"Genicanthus lamarck","2022",5,50000,41,0.121951219512195
"Gnathanodon speciosus","2015",1,5000,158,0.00632911392405063
"Gnathanodon speciosus","2016",2,4500,293,0.0068259385665529
"Gnathanodon speciosus","2017",6,30000,84,0.0714285714285714
"Gnathanodon speciosus","2022",1,7000,41,0.024390243902439
"Gomphosus varius","2012",118,271500,1255,0.0940239043824701
"Gomphosus varius","2013",1,7000,287,0.00348432055749129
"Gomphosus varius","2015",7,10500,192,0.0364583333333333
"Gomphosus varius","2016",167,314500,1760,0.0948863636363636
"Gomphosus varius","2017",39,68790.3225806452,1019,0.0382728164867517
"Gomphosus varius","2018",44,88500,1059,0.0415486307837583
"Gomphosus varius","2019",15,30000,415,0.036144578313253
"Gomphosus varius","2022",10,96666.6666666667,220,0.0454545454545455
"Gomphosus varius","2023",84,119363.181818182,1525,0.0550819672131148
"Gorgasia preclara","2012",35,68384.6153846154,848,0.0412735849056604
"Gunnellichthys curiosus","2018",10,50000,182,0.0549450549450549
"Gymnomuraena zebra","2012",4,24000,508,0.0078740157480315
"Gymnomuraena zebra","2013",19,195000,1947,0.00975860297894196
"Gymnomuraena zebra","2018",1,15000,141,0.00709219858156028
"Gymnomuraena zebra","2022",3,82500,141,0.0212765957446809
"Gymnomuraena zebra","2023",6,90037.5,682,0.00879765395894428
"Gymnothorax undulatus","2023",1,4000,213,0.00469483568075117
"Halichoeres argus","2023",43,43000,1101,0.03905540417802
"Halichoeres bicolor","2023",3,6000,450,0.00666666666666667
"Halichoeres biocellatus","2022",14,42000,151,0.0927152317880795
"Halichoeres biocellatus","2023",17,51000,1000,0.017
"Halichoeres chloropterus","2019",15,37500,98,0.153061224489796
"Halichoeres chrysus","2012",7847,9796957.08092485,1593,4.92592592592593
"Halichoeres chrysus","2013",4356,6705513.22115385,2234,1.94986571172784
"Halichoeres chrysus","2015",4356,7136229.89690722,727,5.99174690508941
"Halichoeres chrysus","2016",14879,22784700,2087,7.12937230474365
"Halichoeres chrysus","2017",5447,10406069.0789474,1130,4.82035398230088
"Halichoeres chrysus","2018",7055,14355268,1423,4.95783555867885
"Halichoeres chrysus","2019",2260,4456750,842,2.68408551068884
"Halichoeres chrysus","2022",4652,13717500,389,11.9588688946015
"Halichoeres chrysus","2023",8254,19298500,1525,5.41245901639344
"Halichoeres hortulanus","2012",423,403277.777777778,1530,0.276470588235294
"Halichoeres hortulanus","2013",452,593450.187969925,1906,0.237145855194124
"Halichoeres hortulanus","2015",88,123250,727,0.121045392022008
"Halichoeres hortulanus","2016",371,327500,2087,0.177767129851461
"Halichoeres hortulanus","2017",232,192250,1130,0.205309734513274
"Halichoeres hortulanus","2018",733,616250,1423,0.515108924806746
"Halichoeres hortulanus","2019",366,340000,842,0.434679334916865
"Halichoeres hortulanus","2022",17,21250,130,0.130769230769231
"Halichoeres hortulanus","2023",398,505500,1525,0.260983606557377
"Halichoeres marginatus","2012",3,6000,266,0.0112781954887218
"Halichoeres marginatus","2015",189,472500,727,0.259972489683631
"Halichoeres marginatus","2016",153,379500,1021,0.149853085210578
"Halichoeres marginatus","2017",16,40000,262,0.0610687022900763
"Halichoeres marginatus","2018",55,114000,1072,0.0513059701492537
"Halichoeres marginatus","2019",4,10000,98,0.0408163265306122
"Halichoeres marginatus","2022",311,943000,389,0.799485861182519
"Halichoeres marginatus","2023",515,1545000,1525,0.337704918032787
"Halichoeres melanurus","2015",16,30000,669,0.0239162929745889
"Halichoeres melanurus","2016",306,428000,1847,0.165674066053059
"Halichoeres melanurus","2017",500,5e+05,951,0.525762355415352
"Halichoeres melanurus","2018",453,471000,1268,0.357255520504732
"Halichoeres melanurus","2019",218,220000,842,0.258907363420428
"Halichoeres melanurus","2022",22,66000,225,0.0977777777777778
"Halichoeres melanurus","2023",15,45000,720,0.0208333333333333
"Halichoeres nebulosus","2013",213,539706.896551724,1520,0.140131578947368
"Halichoeres ornatissimus","2022",3,9000,70,0.0428571428571429
"Halichoeres ornatissimus","2023",2,6000,243,0.00823045267489712
"Halichoeres podostigma","2022",16,42000,267,0.0599250936329588
"Halichoeres podostigma","2023",28,70000,801,0.034956304619226
"Halichoeres prosopeion","2012",256,307683.333333333,724,0.353591160220994
"Halichoeres prosopeion","2022",33,150000,181,0.18232044198895
"Halichoeres prosopeion","2023",12,30000,759,0.0158102766798419
"Hapalochlaena lunulata","2022",2,8000,60,0.0333333333333333
"Hemigymnus fasciatus","2012",1,500,197,0.0050761421319797
"Hemitaurichthys polylepis","2017",14,177000,415,0.0337349397590361
"Hemitaurichthys polylepis","2018",13,170000,472,0.0275423728813559
"Hemitaurichthys polylepis","2022",5,78000,111,0.045045045045045
"Hemitaurichthys polylepis","2023",3,7500,523,0.00573613766730402
"Heniochus acuminatus","2012",115,560044.444444444,775,0.148387096774194
"Heniochus acuminatus","2013",1661,11255800.921659,2094,0.793218720152818
"Heniochus acuminatus","2022",129,2795000,271,0.476014760147601
"Heniochus acuminatus","2023",15,262500,994,0.0150905432595573
"Heniochus chrysostomus","2022",5,42500,71,0.0704225352112676
"Heniochus monoceros","2015",88,577000,727,0.121045392022008
"Heniochus monoceros","2016",1103,6739000,2087,0.528509822712027
"Heniochus monoceros","2017",78,771000,1130,0.0690265486725664
"Heniochus monoceros","2018",124,1222000,954,0.129979035639413
"Heniochus monoceros","2019",41,208000,744,0.0551075268817204
"Heniochus monoceros","2023",10,115000,734,0.0136239782016349
"Heniochus pleurotaenia","2012",24,47500,755,0.0317880794701987
"Heniochus singularius","2012",179,309000,848,0.211084905660377
"Heniochus singularius","2022",1,17500,43,0.0232558139534884
"Heniochus varius","2012",18,30166.6666666667,1300,0.0138461538461538
"Heniochus varius","2013",88,131750,2090,0.0421052631578947
"Heniochus varius","2016",500,704300,2087,0.239578342117873
"Heniochus varius","2017",109,194875,1130,0.0964601769911504
"Heniochus varius","2018",179,318500,1423,0.125790583274772
"Heniochus varius","2019",197,302000,842,0.23396674584323
"Heniochus varius","2022",59,398000,250,0.236
"Heniochus varius","2023",30,57000,1262,0.0237717908082409
"Heteractis malu","2012",1,6000,53,0.0188679245283019
"Heteroconger hassi","2022",29,261000,30,0.966666666666667
"Histrio histrio","2012",4,10000,311,0.0128617363344051
"Histrio histrio","2022",7,35000,140,0.05
"Hokpistognathus randalli","2022",1,2500,43,0.0232558139534884
"Hokpistognathus randalli","2023",2,5000,172,0.0116279069767442
"Hologymnosus annulatus","2013",7,13000,565,0.0123893805309735
"Hologymnosus doliatus","2022",4,10000,112,0.0357142857142857
"Hologymnosus doliatus","2023",1,2500,137,0.0072992700729927
"Hoplolatilus chlupatyi","2012",3,2250,189,0.0158730158730159
"Hoplolatilus luteus","2022",5,75000,30,0.166666666666667
"Hoplolatilus marcosi","2012",52,81355.7692307692,848,0.0613207547169811
"Hymenocera elegans","2022",261,5223000,311,0.839228295819936
"Hymenocera elegans","2023",7,59500,601,0.0116472545757072
"Hymenocera picta","2012",313,987585.271317829,1098,0.285063752276867
"Iniistius pavo","2012",98,236200,745,0.131543624161074
"Iniistius pavo","2013",303,795076.293103448,2171,0.139567019806541
"Iniistius pavo","2016",282,816450,2087,0.13512218495448
"Iniistius pavo","2018",1,3000,196,0.00510204081632653
"Inimicus didactylus","2022",1,5000,30,0.0333333333333333
"Jorunna funebris","2022",1,2500,43,0.0232558139534884
"Koumansetta hectori","2022",56,224000,210,0.266666666666667
"Koumansetta rainfordi","2022",822,3288000,268,3.06716417910448
"Koumansetta rainfordi","2023",4,16000,533,0.0075046904315197
"Labrichthys Unilineatus","2022",23,71000,137,0.167883211678832
"Labrichthys Unilineatus","2023",4,13500,570,0.00701754385964912
"Labrichthys unilineatus","2015",2,6000,235,0.00851063829787234
"Labrichthys unilineatus","2016",169,164500,1757,0.0961866818440524
"Labrichthys unilineatus","2017",91,96500,1035,0.0879227053140097
"Labrichthys unilineatus","2018",85,105000,1373,0.0619082301529497
"Labrichthys unilineatus","2019",100,102000,764,0.130890052356021
"Labroides bicolor","2012",166,1151962.02531646,1572,0.10559796437659
"Labroides bicolor","2013",143,981123.456790123,2234,0.0640107430617726
"Labroides bicolor","2015",86,757000,727,0.118294360385144
"Labroides bicolor","2016",100,746700,2087,0.0479156684235745
"Labroides bicolor","2017",132,1183000,1130,0.116814159292035
"Labroides bicolor","2018",192,1709000,1423,0.134926212227688
"Labroides bicolor","2019",41,334000,842,0.0486935866983373
"Labroides bicolor","2022",92,1316627.90697674,347,0.265129682997118
"Labroides bicolor","2023",182,1605905.04032258,1525,0.119344262295082
"Labroides dimidiatus","2012",3219,2775870,1593,2.02071563088512
"Labroides dimidiatus","2013",5534,5077875,2234,2.47717099373321
"Labroides dimidiatus","2015",1640,1770527.23735409,727,2.25584594222834
"Labroides dimidiatus","2016",4830,4961200,2087,2.31432678485865
"Labroides dimidiatus","2017",2625,2821966.81818182,1130,2.32300884955752
"Labroides dimidiatus","2018",2742,2920572.18609023,1423,1.92691496837667
"Labroides dimidiatus","2019",1593,1940500,842,1.89192399049881
"Labroides dimidiatus","2022",3406,6812000,389,8.75578406169666
"Labroides dimidiatus","2023",4851,5925984.18,1525,3.18098360655738
"Labroides pectoralis","2012",404,405272.988505747,848,0.476415094339623
"Labroides pectoralis","2022",11,155000,177,0.0621468926553672
"Labroides pectoralis","2023",3,37500,282,0.0106382978723404
"Labroides rubrolabiatus","2012",19,93500,1186,0.0160202360876897
"Labroides rubrolabiatus","2013",7,35500,963,0.00726895119418484
"Labroides rubrolabiatus","2015",13,65500,442,0.0294117647058824
"Labroides rubrolabiatus","2016",21,116000,934,0.0224839400428266
"Labroides rubrolabiatus","2017",9,85000,474,0.0189873417721519
"Labroides rubrolabiatus","2018",23,152000,764,0.0301047120418848
"Labroides rubrolabiatus","2019",4,28000,228,0.0175438596491228
"Labroides rubrolabiatus","2023",4,20000,387,0.0103359173126615
"Labropsis alleni","2012",23,45000,771,0.0298313878080415
"Labropsis alleni","2013",14,15500,287,0.0487804878048781
"Labropsis alleni","2015",3,5000,299,0.0100334448160535
"Labropsis alleni","2016",20,26000,1144,0.0174825174825175
"Labropsis alleni","2017",56,117000,854,0.0655737704918033
"Labropsis alleni","2018",47,100500,943,0.0498409331919406
"Labropsis alleni","2019",3,6000,130,0.0230769230769231
"Labropsis alleni","2022",3,9000,82,0.0365853658536585
"Labropsis alleni","2023",5,15000,479,0.0104384133611691
"Lactoria cornuta","2012",7,30000,337,0.0207715133531157
"Lactoria cornuta","2013",47,231321.428571429,1837,0.0255851932498639
"Lactoria cornuta","2015",1,3500,142,0.00704225352112676
"Libia tesselata","2022",1,3000,30,0.0333333333333333
"Lutjanus sebae","2023",1,20000,176,0.00568181818181818
"Lysmata amboinensis","2012",3824,15619757.3529412,838,4.56324582338902
"Lysmata amboinensis","2013",6129,31331418.2662539,2234,2.74350940017905
"Lysmata amboinensis","2016",10678,78584500,2087,5.11643507426929
"Lysmata amboinensis","2018",4771,49234600,1423,3.35277582572031
"Lysmata amboinensis","2019",1725,18981000,842,2.04869358669834
"Lysmata amboinensis","2022",636,8638000,389,1.63496143958869
"Lysmata amboinensis","2023",2240,14427000,1525,1.46885245901639
"Lysmata debelius","2012",3216,6115550,990,3.24848484848485
"Lysmata debelius","2013",25,159200,1840,0.0135869565217391
"Lysmata debelius","2016",23,180000,1227,0.0187449062754686
"Lysmata debelius","2018",11,150000,621,0.0177133655394525
"Lysmata debelius","2019",10,144000,528,0.0189393939393939
"Lysmata debelius","2023",4,60000,628,0.00636942675159236
"Macolor macularis","2012",58,774000,801,0.0724094881398252
"Macolor niger","2012",9,19000,824,0.0109223300970874
"Macolor niger","2015",1,2500,142,0.00704225352112676
"Macolor niger","2016",41,132500,1329,0.0308502633559067
"Macolor niger","2017",24,100500,1008,0.0238095238095238
"Macolor niger","2018",11,57000,854,0.0128805620608899
"Macolor niger","2019",29,145000,842,0.0344418052256532
"Macolor niger","2022",7,49000,209,0.0334928229665072
"Macolor niger","2023",9,247700,995,0.00904522613065327
"Macropharyngodon meleagris","2012",2099,2111346.37681159,1593,1.31763967357188
"Macropharyngodon meleagris","2013",2176,2338125.65789474,2234,0.974037600716204
"Macropharyngodon meleagris","2015",1263,1567165.2173913,727,1.7372764786795
"Macropharyngodon meleagris","2016",4189,4652100,2087,2.00718735026354
"Macropharyngodon meleagris","2017",1106,1486603.92561983,1130,0.978761061946903
"Macropharyngodon meleagris","2018",2016,2406000,1423,1.41672522839072
"Macropharyngodon meleagris","2019",911,990500,842,1.08194774346793
"Macropharyngodon meleagris","2022",143,214500,201,0.711442786069652
"Macropharyngodon meleagris","2023",1911,2866500,1525,1.25311475409836
"Macropharyngodon negrosensis","2012",222,262666.666666667,1593,0.139359698681733
"Macropharyngodon negrosensis","2013",68,87000,2058,0.033041788143829
"Macropharyngodon negrosensis","2015",96,132500,727,0.132049518569464
"Macropharyngodon negrosensis","2016",236,257000,2087,0.113080977479636
"Macropharyngodon negrosensis","2017",202,266718.390804598,1130,0.178761061946903
"Macropharyngodon negrosensis","2018",318,415500,1423,0.223471539002108
"Macropharyngodon negrosensis","2019",35,41000,707,0.0495049504950495
"Macropharyngodon negrosensis","2022",108,305000,389,0.277634961439589
"Macropharyngodon negrosensis","2023",195,306000,1525,0.127868852459016
"Macropharyngodon ornatus","2022",304,963000,389,0.781491002570694
"Macropharyngodon ornatus","2023",252,756000,1525,0.165245901639344
"Malacanthus brevirostris","2012",4,6000,359,0.011142061281337
"Malacanthus brevirostris","2016",9,13500,959,0.00938477580813347
"Malacanthus brevirostris","2017",8,12000,366,0.0218579234972678
"Malacanthus brevirostris","2018",14,21500,643,0.0217729393468118
"Malacanthus latocittatus","2012",24,41750,848,0.0283018867924528
"Malacanthus latovittatus","2012",349,1248697.5,1456,0.239697802197802
"Malacanthus latovittatus","2013",38,71352.9411764706,2031,0.0187099950763171
"Malacanthus latovittatus","2015",16,24500,727,0.0220082530949106
"Malacanthus latovittatus","2016",286,561200,1957,0.146142054164538
"Malacanthus latovittatus","2017",7,15999,455,0.0153846153846154
"Malacanthus latovittatus","2018",54,111500,1057,0.0510879848628193
"Malacanthus latovittatus","2019",44,90000,842,0.0522565320665083
"Malacanthus latovittatus","2022",3,17000,60,0.05
"Malacanthus latovittatus","2023",6,31755.25,503,0.0119284294234592
"Meiacanthus atrodorsalis","2013",5,10000,276,0.0181159420289855
"Meiacanthus atrodorsalis","2022",249,919000,389,0.640102827763496
"Meiacanthus atrodorsalis","2023",131,395000,1525,0.0859016393442623
"Meiacanthus grammistes","2012",29,33000,863,0.033603707995365
"Meiacanthus grammistes","2013",176,116600,2031,0.086656819300837
"Meiacanthus grammistes","2015",29,58000,427,0.0679156908665105
"Meiacanthus grammistes","2016",318,334000,2087,0.152371825586967
"Meiacanthus grammistes","2017",58,61000,924,0.0627705627705628
"Meiacanthus grammistes","2018",110,124000,917,0.119956379498364
"Meiacanthus grammistes","2019",111,114000,485,0.228865979381443
"Meiacanthus grammistes","2022",129,387000,280,0.460714285714286
"Meiacanthus grammistes","2023",679,962750,1525,0.445245901639344
"Meiacanthus smithii","2012",10,15000,272,0.0367647058823529
"Meiacanthus smithii","2022",139,318500,310,0.448387096774194
"Meiacanthus smithii","2023",185,233750,1490,0.124161073825503
"Melichthys indicus","2012",48,379305.555555556,848,0.0566037735849057
"Melichthys indicus","2022",2,20000,30,0.0666666666666667
"Melichthys vidua","2012",71,210606.382978723,1456,0.0487637362637363
"Melichthys vidua","2013",117,434641.891891892,2171,0.0538922155688623
"Melichthys vidua","2015",6,33000,220,0.0272727272727273
"Melichthys vidua","2016",67,217000,1329,0.0504138449962378
"Melichthys vidua","2017",51,226000,856,0.0595794392523364
"Melichthys vidua","2018",48,168000,1016,0.047244094488189
"Melichthys vidua","2019",66,231000,764,0.0863874345549738
"Melichthys vidua","2022",24,240000,210,0.114285714285714
"Melichthys vidua","2023",43,99852.6153846154,1104,0.0389492753623188
"Monacanthus chinensis","2012",150,90250,801,0.187265917602996
"Monacanthus chinensis","2015",482,572000,727,0.662998624484182
"Monacanthus chinensis","2016",151,211750,1995,0.0756892230576441
"Monacanthus chinensis","2017",229,347937.5,1130,0.202654867256637
"Monacanthus chinensis","2018",101,244750,1219,0.0828547990155866
"Monacanthus chinensis","2019",1,2500,98,0.0102040816326531
"Monacanthus chinensis","2022",16,16000,143,0.111888111888112
"Monacanthus chinensis","2023",300,3e+05,1490,0.201342281879195
"Myripristis Sp.","2022",2,6000,41,0.0487804878048781
"Myripristis murdjan","2015",1,2500,99,0.0101010101010101
"Myripristis murdjan","2016",1,2000,176,0.00568181818181818
"Myripristis murdjan","2022",1,3000,70,0.0142857142857143
"Myripristis murdjan","2023",4,20000,576,0.00694444444444444
"Naso Lopezi","2022",80,242000,326,0.245398773006135
"Naso Lopezi","2023",36,108000,847,0.0425029515938607
"Naso elegans","2013",3,32500,392,0.0076530612244898
"Naso elegans","2016",2,40000,262,0.00763358778625954
"Naso elegans","2017",35,163000,431,0.0812064965197216
"Naso lituratus","2012",219,757632.142857143,1540,0.142207792207792
"Naso lituratus","2013",1821,6923748.53228963,2234,0.815129811996419
"Naso lituratus","2015",277,1133000,669,0.414050822122571
"Naso lituratus","2016",887,3208000,2087,0.425011978917106
"Naso lituratus","2017",648,3032172.48908297,1130,0.573451327433628
"Naso lituratus","2018",244,1422500,1423,0.171468728039353
"Naso lituratus","2019",140,751500,842,0.166270783847981
"Naso lituratus","2022",776,5930000,389,1.99485861182519
"Naso lituratus","2023",773,3139000,1525,0.506885245901639
"Naso unicornis","2016",81,213000,1711,0.0473407364114553
"Naso unicornis","2018",144,209000,1248,0.115384615384615
"Naso unicornis","2019",72,94000,764,0.0942408376963351
"Naso unicornis","2022",60,240000,128,0.46875
"Naso unicornis","2023",46,184000,1194,0.0385259631490787
"Naso vlamingii","2022",245,1560000,377,0.649867374005305
"Naso vlamingii","2023",50,244500,1085,0.0460829493087558
"Nemateleotris magnifica","2012",41,323659.090909091,1356,0.03023598820059
"Nemateleotris magnifica","2015",7,50000,533,0.0131332082551595
"Nemateleotris magnifica","2016",17,116000,1575,0.0107936507936508
"Nemateleotris magnifica","2017",15,120500,731,0.0205198358413133
"Nemateleotris magnifica","2018",16,149000,907,0.0176405733186329
"Nemateleotris magnifica","2019",53,391600,712,0.074438202247191
"Nemateleotris magnifica","2022",56,896000,177,0.31638418079096
"Nemateleotris magnifica","2023",15,144000,832,0.0180288461538462
"Neoglyphidodon crossi","2012",44,44000,890,0.049438202247191
"Neoglyphidodon crossi","2013",5878,5911370.86776859,1809,3.24930901050304
"Neoglyphidodon crossi","2015",15,17000,285,0.0526315789473684
"Neoglyphidodon crossi","2016",1037,1310050,1495,0.693645484949833
"Neoglyphidodon crossi","2017",769,897000,657,1.17047184170472
"Neoglyphidodon crossi","2018",293,427000,1282,0.228549141965679
"Neoglyphidodon crossi","2019",70,71000,842,0.0831353919239905
"Neoglyphidodon crossi","2022",377,1106500,311,1.21221864951768
"Neoglyphidodon crossi","2023",146,267500,1190,0.122689075630252
"Neoglyphidodon melas","2012",2,3000,289,0.0069204152249135
"Neoglyphidodon melas","2013",485,299000,2097,0.231282784930854
"Neoglyphidodon melas","2015",1,1000,99,0.0101010101010101
"Neoglyphidodon melas","2016",18,20000,866,0.0207852193995381
"Neoglyphidodon melas","2017",1,1000,117,0.00854700854700855
"Neoglyphidodon melas","2018",6,7500,336,0.0178571428571429
"Neoglyphidodon melas","2022",22,55000,144,0.152777777777778
"Neoglyphidodon melas","2023",1,2000,172,0.00581395348837209
"Neoglyphidodon nigroris","2012",4,5000,591,0.00676818950930626
"Neoglyphidodon nigroris","2013",35,38062.5,604,0.0579470198675497
"Neoglyphidodon nigroris","2015",1,2000,50,0.02
"Neoglyphidodon nigroris","2016",21,23000,993,0.0211480362537764
"Neoglyphidodon nigroris","2018",95,118000,1062,0.0894538606403013
"Neoglyphidodon nigroris","2019",20,21000,666,0.03003003003003
"Neoglyphidodon nigroris","2022",45,135000,210,0.214285714285714
"Neoglyphidodon nigroris","2023",4,10000,471,0.00849256900212314
"Neoglyphidodon oxyodon","2022",23,57500,150,0.153333333333333
"Neoniphon argenteus","2013",51,38500,1774,0.0287485907553551
"Neopenrolisthes maculata","2012",54,60411.2903225807,661,0.0816944024205749
"Neopenrolisthes maculata","2013",572,472496.74556213,2234,0.25604297224709
"Neopenrolisthes maculata","2016",120,139000,2087,0.0574988021082894
"Neopenrolisthes maculata","2018",68,79000,1423,0.0477863668306395
"Neopenrolisthes maculata","2019",81,81000,842,0.0961995249406176
"Neopetrolisthes ohshimai","2022",114,340500,311,0.366559485530547
"Neopetrolisthes ohshimai","2023",20,55000,1190,0.0168067226890756
"Neopomacentrus bankieri","2012",13,81666.6666666667,377,0.0344827586206897
"Neopomacentrus nemurus","2016",20,10000,271,0.0738007380073801
"Novaculichthys taeniourus","2012",3,6000,489,0.00613496932515337
"Novaculichthys taeniourus","2013",4,7500,571,0.00700525394045534
"Novaculichthys taeniourus","2015",1,7500,158,0.00632911392405063
"Novaculichthys taeniourus","2017",69,245250,902,0.0764966740576497
"Novaculichthys taeniourus","2018",131,525500,1423,0.0920590302178496
"Novaculichthys taeniourus","2019",35,105000,721,0.0485436893203883
"Novaculichthys taeniourus","2022",132,577500,381,0.346456692913386
"Novaculichthys taeniourus","2023",252,800989.135869565,1525,0.165245901639344
"Octopus cyanea","2022",1,3000,41,0.024390243902439
"Odontodactylus scyllarus","2012",58,114944.444444444,661,0.0877458396369138
"Odontodactylus scyllarus","2013",43,100500,1621,0.02652683528686
"Odontodactylus scyllarus","2016",53,131000,1970,0.0269035532994924
"Odontodactylus scyllarus","2018",144,359500,1423,0.101194659170766
"Odontodactylus scyllarus","2019",138,341000,842,0.163895486935867
"Odontodactylus scyllarus","2022",2,5000,66,0.0303030303030303
"Odonus niger","2012",229,437250,1255,0.182470119521912
"Odonus niger","2013",1015,1608564.43298969,2097,0.484024797329518
"Odonus niger","2015",192,358500,677,0.283604135893648
"Odonus niger","2016",2906,4794250,1970,1.4751269035533
"Odonus niger","2017",1178,2262000,1130,1.04247787610619
"Odonus niger","2018",802,1655000,1319,0.608036391205459
"Odonus niger","2019",168,331000,842,0.199524940617577
"Odonus niger","2022",43,213083.333333333,266,0.161654135338346
"Odonus niger","2023",105,334396.666666667,1359,0.0772626931567329
"Opistognathus randalli","2022",200,6e+05,210,0.952380952380952
"Opistognathus scops","2022",31,93000,126,0.246031746031746
"Ostracion cubicus","2012",41,313695.652173913,848,0.0483490566037736
"Ostracion cubicus","2013",3,20000,676,0.00443786982248521
"Ostracion cubicus","2022",28,252000,180,0.155555555555556
"Ostracion cubicus","2023",5,19000,650,0.00769230769230769
"Ostracion meleagris","2012",51,285500,661,0.0771558245083207
"Ostracion meleagris","2022",42,376000,210,0.2
"Ostracion meleagris","2023",72,576000,1123,0.0641139804096171
"Ostracion solorensis","2013",106,442375,2055,0.0515815085158151
"Ostracion solorensis","2015",42,366000,628,0.0668789808917197
"Ostracion solorensis","2016",67,527000,1973,0.0339584389254942
"Ostracion solorensis","2017",119,807000,1049,0.113441372735939
"Ostracion solorensis","2018",880,5355000,1423,0.61841180604357
"Ostracion solorensis","2019",355,2013000,842,0.421615201900238
"Oxycirrhites typus","2016",19,211000,1252,0.0151757188498403
"Oxycirrhites typus","2018",6,90000,497,0.0120724346076459
"Oxymetopon cyanoctenosum","2023",1,6000,187,0.0053475935828877
"Oxymonacanthus longirostris","2012",24,42000,897,0.0267558528428094
"Oxymonacanthus longirostris","2015",6,16000,284,0.0211267605633803
"Oxymonacanthus longirostris","2016",6,10500,511,0.0117416829745597
"Oxymonacanthus longirostris","2017",10,28000,483,0.020703933747412
"Oxymonacanthus longirostris","2018",16,40000,685,0.0233576642335766
"Oxymonacanthus longirostris","2019",1,2000,135,0.00740740740740741
"Oxymonacanthus longirostris","2022",10,50000,99,0.101010101010101
"Oxymonacanthus longirostris","2023",9,33000,704,0.0127840909090909
"Paguristes species","2022",1190,4801500,251,4.74103585657371
"Paguristes species","2023",976,3904000,1227,0.795436022819886
"Panulirus versicolor","2012",20,48692.3076923077,723,0.0276625172890733
"Panulirus versicolor","2013",85,136750,2016,0.0421626984126984
"Paracanthurus hepatus","2012",9,55000,745,0.0120805369127517
"Paracanthurus hepatus","2015",5,225000,378,0.0132275132275132
"Paracanthurus hepatus","2016",25,370000,1021,0.0244857982370225
"Paracanthurus hepatus","2017",5,220000,280,0.0178571428571429
"Paracanthurus hepatus","2018",2,30000,306,0.0065359477124183
"Paracanthurus hepatus","2019",6,106000,565,0.0106194690265487
"Paracanthurus hepatus","2022",216,16074166.6666667,347,0.622478386167147
"Paracanthurus hepatus","2023",22,459325.555555556,924,0.0238095238095238
"Paracentropyge multifasciatus","2012",1,3000,53,0.0188679245283019
"Parachaetodon ocellatus","2022",4,14000,107,0.0373831775700935
"Paracheilinus carpenteri","2022",701,2172500,351,1.997150997151
"Paracheilinus carpenteri","2023",410,627000,1407,0.291400142146411
"Paracheilinus filamentosus","2022",18,62500,72,0.25
"Paracheilinus mccoskeri","2012",629,699866.666666667,838,0.750596658711217
"Paracheilinus mccoskeri","2013",2153,2915255.81395349,2171,0.991708889912483
"Paracheilinus mccoskeri","2016",5059,6310500,2087,2.42405366554863
"Paracheilinus mccoskeri","2018",655,789000,1372,0.477405247813411
"Paracheilinus mccoskeri","2019",487,496000,842,0.578384798099763
"Paracirrhites arcatus","2012",651,724168.47826087,1572,0.41412213740458
"Paracirrhites arcatus","2013",223,282250,1699,0.131253678634491
"Paracirrhites arcatus","2022",12,38000,221,0.0542986425339367
"Paracirrhites arcatus","2023",26,78000,956,0.0271966527196653
"Paracirrhites arcuatus","2015",43,64000,727,0.0591471801925722
"Paracirrhites arcuatus","2016",181,191000,2087,0.0867273598466699
"Paracirrhites arcuatus","2017",142,155500,1049,0.13536701620591
"Paracirrhites arcuatus","2018",354,364500,1423,0.2487702037948
"Paracirrhites arcuatus","2019",263,265500,842,0.312351543942993
"Paracirrhites forsteri","2022",9,22500,130,0.0692307692307692
"Paracirrhites forsteri","2023",8,20000,556,0.0143884892086331
"Paraglyphidodon melas","2012",39,318843.75,848,0.0459905660377358
"Paragobiodon echinocephalus","2012",1631,1100750,848,1.92334905660377
"Paraluteres prionurus","2022",214,642000,389,0.55012853470437
"Paraluteres prionurus","2023",226,678000,1438,0.157162726008345
"Paramonacanthus filicauda","2022",78,156000,292,0.267123287671233
"Paramonacanthus filicauda","2023",68,136000,843,0.0806642941874259
"Parapercis schauinslandi","2022",8,24000,66,0.121212121212121
"Parapercis schuinslandi","2016",378,347250,2087,0.181121226641112
"Parapercis schuinslandi","2018",117,175500,1322,0.0885022692889561
"Parapercis schuinslandi","2019",19,37500,479,0.0396659707724426
"Parupeneus cyclostomus","2012",26,56613.6363636364,1409,0.0184528034066714
"Parupeneus cyclostomus","2013",11,19500,604,0.0182119205298013
"Parupeneus cyclostomus","2015",1,2500,84,0.0119047619047619
"Parupeneus cyclostomus","2016",11,26250,1052,0.0104562737642586
"Parupeneus cyclostomus","2017",6,15000,544,0.0110294117647059
"Parupeneus cyclostomus","2018",5,19000,449,0.0111358574610245
"Parupeneus cyclostomus","2022",11,55000,79,0.139240506329114
"Parupeneus cyclostomus","2023",2,10000,282,0.00709219858156028
"Parupeneus multifasciatus","2022",6,12000,72,0.0833333333333333
"Parupeneus multifasciatus","2023",5,10000,470,0.0106382978723404
"Parupeneus rubescens","2012",228,383750.986842105,1456,0.156593406593407
"Parupeneus rubescens","2013",39,28950,1984,0.0196572580645161
"Parupeneus rubescens","2015",17,13500,378,0.044973544973545
"Parupeneus rubescens","2016",65,49500,1692,0.0384160756501182
"Parupeneus rubescens","2017",29,29000,688,0.0421511627906977
"Parupeneus rubescens","2018",14,27500,465,0.0301075268817204
"Pentapodus nemurus","2022",24,72000,60,0.4
"Percnon gibbesi","2023",1,2000,187,0.0053475935828877
"Periclimenes brevicarpalis","2012",21,21000,523,0.0401529636711281
"Periclimenes brevicarpalis","2013",537,469145.104895105,2234,0.240376007162041
"Periclimenes brevicarpalis","2016",55,60000,1970,0.0279187817258883
"Periclimenes brevicarpalis","2018",50,56500,1352,0.0369822485207101
"Periclimenes brevicarpalis","2019",59,58100,842,0.0700712589073634
"Periclimenes brevicarpalis","2022",201,497000,268,0.75
"Periclimenes brevicarpalis","2023",6,9000,584,0.0102739726027397
"Pervagor Janthinosoma","2016",69,95000,1995,0.0345864661654135
"Pervagor Janthinosoma","2018",21,24500,967,0.0217166494312306
"Pervagor Janthinosoma","2019",95,129000,764,0.12434554973822
"Pervagor janthinosoma","2012",20,33295.4545454545,661,0.0302571860816944
"Pervagor janthinosoma","2013",70,134160.714285714,1757,0.0398406374501992
"Pervagor janthinosoma","2022",32,49500,143,0.223776223776224
"Pervagor janthinosoma","2023",173,319000,1490,0.116107382550336
"Pervagor melanocephalus","2019",2,3000,179,0.0111731843575419
"Pervagor melanosoma","2022",82,318000,271,0.302583025830258
"Pervagor melanosoma","2023",11,33000,611,0.0180032733224223
"Plagiotremus laudandus","2012",49,51666.6666666667,671,0.0730253353204173
"Plagiotremus laudandus","2013",112,117600,1982,0.0565085771947528
"Plagiotremus ludandus","2016",310,358500,2087,0.148538572113081
"Plagiotremus ludandus","2018",388,500750,1319,0.294162244124337
"Plagiotremus ludandus","2019",395,439500,842,0.469121140142518
"Plagiotremus rhinorhynchos","2022",150,3e+05,210,0.714285714285714
"Plagiotremus rhinorhynchos","2023",2,4000,216,0.00925925925925926
"Platax orbicularis","2012",8,12000,197,0.0406091370558376
"Platax orbicularis","2018",2,4000,182,0.010989010989011
"Platax orbicularis","2022",64,413384.615384615,237,0.270042194092827
"Platax pinnatus","2013",5,52500,739,0.006765899864682
"Platax pinnatus","2016",2,31000,222,0.00900900900900901
"Platax pinnatus","2019",9,180000,179,0.0502793296089385
"Platax pinnatus","2022",38,1900000,180,0.211111111111111
"Platax teira","2012",17,51250,311,0.0546623794212219
"Platax teira","2013",55,486000,1652,0.0332929782082324
"Platax teira","2022",15,101000,167,0.0898203592814371
"Platax tiera","2015",1,3000,50,0.02
"Platax tiera","2016",6,13000,490,0.0122448979591837
"Platax tiera","2017",1,2000,84,0.0119047619047619
"Plectorhinchus chaetodonoides","2015",3,4500,99,0.0303030303030303
"Plectorhinchus chaetodonoides","2016",39,86500,1973,0.0197668525088697
"Plectorhinchus chaetodonoides","2017",7,19500,548,0.0127737226277372
"Plectorhinchus chaetodonoides","2018",20,69500,968,0.0206611570247934
"Plectorhinchus chaetodonoides","2019",19,68500,842,0.0225653206650831
"Plectorhinchus chaetodonoides","2022",100,1189000,308,0.324675324675325
"Plectorhinchus chaetodonoides","2023",16,46000,1016,0.015748031496063
"Plectorhinchus chaetonoides","2012",2,9000,250,0.008
"Plectorhinchus diagrammus","2012",41,226562.5,1164,0.0352233676975945
"Plectorhinchus diagrammus","2013",153,164783.333333333,1702,0.0898942420681551
"Plectorhinchus diagrammus","2022",22,86000,150,0.146666666666667
"Plectorhinchus diagrammus","2023",13,15520.25,1170,0.0111111111111111
"Plectorhinchus orientalis","2012",135,264041.666666667,1572,0.0858778625954199
"Plectorhinchus orientalis","2015",17,31000,451,0.0376940133037694
"Plectorhinchus orientalis","2016",323,613000,2087,0.154767609008146
"Plectorhinchus orientalis","2017",158,320057.692307692,1130,0.139823008849558
"Plectorhinchus orientalis","2018",100,238000,1159,0.0862812769628991
"Plectorhinchus orientalis","2019",86,2e+05,842,0.102137767220903
"Plectorhinchus orientalis","2022",177,816566.037735849,369,0.479674796747967
"Plectorhinchus orientalis","2023",509,744612.000000002,1525,0.333770491803279
"Plectorhinchus pictus","2012",1,4000,189,0.00529100529100529
"Plectorhinchus pictus","2013",123,213711.538461538,1669,0.0736968244457759
"Plectorhinchus pictus","2016",1,5000,240,0.00416666666666667
"Plectorhinchus pictus","2017",2,13000,173,0.0115606936416185
"Plectorhinchus pictus","2018",2,10000,296,0.00675675675675676
"Plectorhincus diagrammus","2016",52,78000,1396,0.0372492836676218
"Plectorhincus diagrammus","2018",32,46000,1057,0.0302743614001892
"Plectorhincus diagrammus","2019",54,81500,842,0.0641330166270784
"Plectranthias inermis","2022",78,1365000,107,0.728971962616822
"Plectroglyphidodon dickii","2022",2,3000,71,0.028169014084507
"Plectroglyphidodon dickii","2023",15,22500,933,0.0160771704180064
"Plectroglyphidodon lacrymatus","2022",11,16500,167,0.0658682634730539
"Plectroglyphidodon lacrymatus","2023",11,16500,902,0.0121951219512195
"Pomacanthus Imperator","2016",324,5737250,2087,0.155246765692381
"Pomacanthus Imperator","2018",227,5792000,1423,0.159522136331694
"Pomacanthus Imperator","2019",137,4247500,842,0.16270783847981
"Pomacanthus annularis","2017",1,60000,84,0.0119047619047619
"Pomacanthus annularis","2022",5,214000,130,0.0384615384615385
"Pomacanthus annularis","2023",82,1028500,1224,0.0669934640522876
"Pomacanthus imperator","2012",160,3085987.80487805,745,0.214765100671141
"Pomacanthus imperator","2013",261,5833089.18918919,2234,0.116830796777081
"Pomacanthus imperator","2022",61,2333750,323,0.188854489164087
"Pomacanthus imperator","2023",230,7838500,1525,0.150819672131148
"Pomacanthus semicirculatus","2012",4,24000,508,0.0078740157480315
"Pomacanthus semicirculatus","2013",2,4000,144,0.0138888888888889
"Pomacanthus semicirculatus","2022",99,1820000,299,0.331103678929766
"Pomacanthus semicirculatus","2023",11,135000,701,0.0156918687589158
"Pomacanthus sexstriatus","2022",14,127500,107,0.130841121495327
"Pomacanthus xanthometopon","2022",2,130000,41,0.0487804878048781
"Pomacentrus amboinensis","2012",31,73578.947368421,848,0.0365566037735849
"Pomacentrus auriventris","2015",4930,3095000,727,6.78129298486933
"Pomacentrus auriventris","2016",6830,4338900,2087,3.27264015333014
"Pomacentrus auriventris","2017",3193,3300858.02469136,1130,2.82566371681416
"Pomacentrus auriventris","2018",3179,3415500,1423,2.2340126493324
"Pomacentrus auriventris","2019",1552,1348500,842,1.84323040380047
"Pomacentrus auriventris","2022",263,394500,108,2.43518518518519
"Pomacentrus auriventris","2023",408,606000,1111,0.367236723672367
"Pomacentrus bankanensis","2012",632,632000,1263,0.500395882818686
"Pomacentrus bankanensis","2013",962,962000,1520,0.632894736842105
"Pomacentrus bankanensis","2015",683,994750,727,0.939477303988996
"Pomacentrus bankanensis","2016",598,897000,1601,0.373516552154903
"Pomacentrus bankanensis","2017",1068,1602000,1130,0.945132743362832
"Pomacentrus bankanensis","2018",896,1293000,1423,0.629655657062544
"Pomacentrus bankanensis","2019",34,51000,98,0.346938775510204
"Pomacentrus bankanensis","2022",877,1315500,389,2.25449871465296
"Pomacentrus bankanensis","2023",1127,1690500,1525,0.739016393442623
"Pomacentrus coelestis","2022",159,119250,100,1.59
"Pomacentrus coelestis","2023",1317,1025250,1490,0.883892617449664
"Pomacentrus moluccensis","2015",91,133250,727,0.125171939477304
"Pomacentrus moluccensis","2016",232,341000,1468,0.158038147138965
"Pomacentrus moluccensis","2017",4,6000,185,0.0216216216216216
"Pomacentrus moluccensis","2018",52,78000,1299,0.0400307929176289
"Pomacentrus moluccensis","2022",61,91500,246,0.247967479674797
"Pomacentrus moluccensis","2023",134,201000,1365,0.0981684981684982
"Pomacentrus pavo","2012",100,50000,93,1.0752688172043
"Pomacentrus pavo","2017",80,40000,189,0.423280423280423
"Pomacentrus pavo","2018",150,225000,221,0.678733031674208
"Pomacentrus pavo","2019",740,555000,643,1.15085536547434
"Pomacentrus smithi","2016",40,40000,1627,0.0245851259987707
"Pomacentrus smithi","2017",57,57000,548,0.104014598540146
"Pomacentrus smithi","2018",179,179000,1283,0.139516757599376
"Pomacentrus smithi","2019",62,62000,764,0.081151832460733
"Premnas biaculeatus","2015",2,5000,50,0.04
"Premnas biaculeatus","2016",5,11000,632,0.00791139240506329
"Premnas biaculeatus","2017",1,3000,109,0.00917431192660551
"Premnas biaculeatus","2022",27,81000,114,0.236842105263158
"Premnas biaculeatus","2023",1,3000,213,0.00469483568075117
"Prionurus scalprus","2012",35,379000,755,0.0463576158940397
"Pseudalutarius Nasicornis","2023",2,4000,176,0.0113636363636364
"Pseudanthias Luzunensis","2016",2,12000,456,0.0043859649122807
"Pseudanthias Luzunensis","2018",3,30000,419,0.00715990453460621
"Pseudanthias cooperi","2012",70,49350,114,0.614035087719298
"Pseudanthias cooperi","2013",1124,1283535.91160221,2234,0.50313339301701
"Pseudanthias dispar","2012",29238,23962469.9266504,1593,18.3540489642185
"Pseudanthias dispar","2013",9667,10902792.8571429,2234,4.3272157564906
"Pseudanthias dispar","2015",7562,9889500,727,10.4016506189821
"Pseudanthias dispar","2016",18235,31382000,2087,8.73742213703881
"Pseudanthias dispar","2017",11376,22609836.8644068,1130,10.0672566371681
"Pseudanthias dispar","2018",6611,13234500,1423,4.64581869290232
"Pseudanthias dispar","2019",2487,4972000,842,2.95368171021378
"Pseudanthias dispar","2022",2900,6934500,389,7.45501285347044
"Pseudanthias dispar","2023",13422,30274302.0408163,1525,8.80131147540984
"Pseudanthias evansi","2012",217,447171.428571429,724,0.299723756906077
"Pseudanthias huchtii","2012",1175,973964.285714286,1572,0.747455470737914
"Pseudanthias huchtii","2015",1174,1597000,727,1.61485557083906
"Pseudanthias huchtii","2016",1480,1836750,2087,0.709151892668903
"Pseudanthias huchtii","2017",1294,1986790.98360656,1130,1.14513274336283
"Pseudanthias huchtii","2018",977,1410250,1423,0.6865776528461
"Pseudanthias huchtii","2019",349,353500,842,0.414489311163895
"Pseudanthias huchtii","2022",679,1441793.10344828,389,1.74550128534704
"Pseudanthias huchtii","2023",1310,2226687.45145631,1525,0.859016393442623
"Pseudanthias hypselosoma","2012",2200,2059043.33333333,1572,1.39949109414758
"Pseudanthias hypselosoma","2015",1100,1268257.14285714,727,1.5130674002751
"Pseudanthias hypselosoma","2016",7792,7711500,2087,3.73358888356493
"Pseudanthias hypselosoma","2017",1454,1833170.91836735,1130,1.28672566371681
"Pseudanthias hypselosoma","2018",1963,3233500,1423,1.37947997189037
"Pseudanthias hypselosoma","2019",745,1351329.08163265,842,0.88479809976247
"Pseudanthias hypselosoma","2022",1,5000,43,0.0232558139534884
"Pseudanthias hypselosoma","2023",141,705000,1027,0.137293086660175
"Pseudanthias luzonensis","2012",91,214000,724,0.125690607734807
"Pseudanthias luzonensis","2013",252,775500,1776,0.141891891891892
"Pseudanthias pleurotaenia","2012",143,333129.032258064,848,0.168632075471698
"Pseudanthias pleurotaenia","2015",113,251500,619,0.182552504038772
"Pseudanthias pleurotaenia","2016",301,773750,1970,0.152791878172589
"Pseudanthias pleurotaenia","2017",171,455500,775,0.220645161290323
"Pseudanthias pleurotaenia","2018",201,517750,1319,0.152388172858226
"Pseudanthias pleurotaenia","2019",42,99000,666,0.0630630630630631
"Pseudanthias pleurotaenia","2022",11,77000,141,0.0780141843971631
"Pseudanthias pleurotaenia","2023",18,46008,1054,0.0170777988614801
"Pseudanthias rubrizonatus","2012",5,8000,503,0.0099403578528827
"Pseudanthias rubrizonatus","2022",11,82500,73,0.150684931506849
"Pseudanthias squamipinnis","2022",1479,3728782.60869565,389,3.80205655526992
"Pseudanthias squamipinnis","2023",3677,4636328.82142857,1525,2.41114754098361
"Pseudanthias tuka","2012",454,1350800,869,0.522439585730725
"Pseudanthias tuka","2013",559,1485270.27027027,2027,0.275777010360138
"Pseudanthias tuka","2015",82,329000,727,0.112792297111417
"Pseudanthias tuka","2016",41,122500,1473,0.0278343516632722
"Pseudanthias tuka","2017",344,1333000,1019,0.337585868498528
"Pseudanthias tuka","2018",117,406500,931,0.125671321160043
"Pseudanthias tuka","2019",20,81000,98,0.204081632653061
"Pseudanthias tuka","2022",26,130000,111,0.234234234234234
"Pseudanthias tuka","2023",38,146000,711,0.0534458509142053
"Pseudechidna brummeri","2022",15,105000,180,0.0833333333333333
"Pseudobalistes fuscus","2017",1,27500,112,0.00892857142857143
"Pseudoceros sp","2013",1,500,74,0.0135135135135135
"Pseudocheilinus Octotaenia","2016",1,2500,176,0.00568181818181818
"Pseudocheilinus Octotaenia","2018",3,7500,441,0.00680272108843537
"Pseudocheilinus Octotaenia","2019",1,3500,101,0.0099009900990099
"Pseudocheilinus evanidus","2012",808,993730.421686747,1593,0.50721908349027
"Pseudocheilinus evanidus","2013",193,335583.333333333,2027,0.0952146028613715
"Pseudocheilinus evanidus","2015",216,306000,727,0.297111416781293
"Pseudocheilinus evanidus","2016",1162,1068000,2087,0.556780067081936
"Pseudocheilinus evanidus","2017",542,546613.636363636,1130,0.479646017699115
"Pseudocheilinus evanidus","2018",880,925250,1423,0.61841180604357
"Pseudocheilinus evanidus","2019",853,863000,842,1.01306413301663
"Pseudocheilinus evanidus","2022",47,76500,246,0.191056910569106
"Pseudocheilinus evanidus","2023",567,742250,1525,0.371803278688525
"Pseudocheilinus hexataenia","2012",9544,18457194.379085,1593,5.99121155053358
"Pseudocheilinus hexataenia","2013",7731,15889146.2068966,2234,3.46060877350045
"Pseudocheilinus hexataenia","2015",4079,9486000,727,5.61072902338377
"Pseudocheilinus hexataenia","2016",16771,34823500,2087,8.03593675131768
"Pseudocheilinus hexataenia","2017",7360,17143659.4746717,1130,6.51327433628319
"Pseudocheilinus hexataenia","2018",12474,29747100,1423,8.7659873506676
"Pseudocheilinus hexataenia","2019",8356,21461000,842,9.92399049881235
"Pseudocheilinus hexataenia","2022",4670,15978000,389,12.0051413881748
"Pseudocheilinus hexataenia","2023",11274,35399000,1525,7.3927868852459
"Pseudocheilinus octotaenia","2012",3,9000,219,0.0136986301369863
"Pseudocheilinus octotaenia","2022",5,52500,58,0.0862068965517241
"Pseudocheilinus octotaenia","2023",4,42000,504,0.00793650793650794
"Pseudochromis bitaeniatus","2012",636,861750,801,0.794007490636704
"Pseudochromis cyanotaenia","2013",1,2000,74,0.0135135135135135
"Pseudochromis paccagnellae","2012",14,15636.3636363636,1320,0.0106060606060606
"Pseudochromis paccagnellae","2013",13,14718.75,971,0.0133882595262616
"Pseudochromis paccagnellae","2015",8,8000,384,0.0208333333333333
"Pseudochromis paccagnellae","2016",101,101000,1847,0.0546832701678397
"Pseudochromis paccagnellae","2017",26,26000,878,0.0296127562642369
"Pseudochromis paccagnellae","2018",26,26000,951,0.0273396424815983
"Pseudochromis paccagnellae","2019",18,18000,401,0.0448877805486284
"Pseudochromis paccagnellae","2022",677,2363500,280,2.41785714285714
"Pseudochromis paccagnellae","2023",2,3000,195,0.0102564102564103
"Pseudocoris yamashiroi","2022",14,28000,175,0.08
"Pseudocoris yamashiroi","2023",8,16000,514,0.0155642023346304
"Pseudorhombus cinnamoneus","2022",8,24000,107,0.0747663551401869
"Pseudorhombus cinnamoneus","2023",1,3000,172,0.00581395348837209
"Ptereleotris evides","2012",937,1314243.60902256,1572,0.596055979643766
"Ptereleotris evides","2015",1447,2450763.15789474,727,1.99037138927098
"Ptereleotris evides","2016",2596,4099350,2087,1.24389075227599
"Ptereleotris evides","2017",1021,1948918.26923077,1130,0.90353982300885
"Ptereleotris evides","2018",2227,3831000,1423,1.56500351370344
"Ptereleotris evides","2019",412,615000,842,0.489311163895487
"Ptereleotris evides","2022",394,1600000,389,1.01285347043702
"Ptereleotris evides","2023",851,1790000,1525,0.558032786885246
"Ptereleotris hanae","2012",7,10000,439,0.0159453302961276
"Ptereleotris heteroptera","2012",156,331700,1509,0.10337972166998
"Ptereleotris heteroptera","2013",183,291000,1953,0.0937019969278034
"Ptereleotris heteroptera","2022",31,113000,159,0.19496855345912
"Ptereleotris heteroptera","2023",9,27000,403,0.0223325062034739
"Ptereleotris heteropterus","2015",76,115000,461,0.164859002169197
"Ptereleotris heteropterus","2016",525,800250,2087,0.251557259223766
"Ptereleotris heteropterus","2017",218,356673.076923077,891,0.244668911335578
"Ptereleotris heteropterus","2018",241,382000,1283,0.18784099766173
"Ptereleotris heteropterus","2019",214,429000,744,0.287634408602151
"Ptereleotris heteropterus","2022",1,2500,70,0.0142857142857143
"Ptereleotris heteropterus","2023",25,63500,671,0.03725782414307
"Ptereleotris microlepis","2015",102,104000,391,0.260869565217391
"Ptereleotris microlepis","2016",284,286000,1563,0.18170185540627
"Ptereleotris microlepis","2017",53,54000,582,0.0910652920962199
"Ptereleotris microlepis","2018",15,15000,191,0.0785340314136126
"Ptereleotris microlepis","2019",8,12000,179,0.0446927374301676
"Ptereleotris microlepis","2022",11,44000,30,0.366666666666667
"Ptereleotris microlepis","2023",1,3000,160,0.00625
"Ptereleotris uroditaenia","2012",2,4000,266,0.0075187969924812
"Ptereleotris zebra","2012",40,85500,755,0.0529801324503311
"Ptereleotris zebra","2013",102,175000,753,0.135458167330677
"Ptereleotris zebra","2015",117,229500,727,0.160935350756534
"Ptereleotris zebra","2016",221,379000,1446,0.15283540802213
"Ptereleotris zebra","2017",6,15000,190,0.0315789473684211
"Ptereleotris zebra","2018",34,84000,530,0.0641509433962264
"Ptereleotris zebra","2019",4,6000,130,0.0307692307692308
"Ptereleotris zebra","2023",10,40000,35,0.285714285714286
"Pterocaesio chrysozona","2012",169,171000,1025,0.164878048780488
"Pterocaesio chrysozona","2013",115,119000,816,0.14093137254902
"Pterocaesio chrysozona","2015",65,65000,235,0.276595744680851
"Pterocaesio chrysozona","2016",49,206000,1446,0.0338865836791148
"Pterocaesio chrysozona","2017",25,174000,189,0.132275132275132
"Pterocaesio chrysozona","2018",15,112500,230,0.0652173913043478
"Pterocaesio chrysozona","2023",1,1500,172,0.00581395348837209
"Pterois antennata","2012",242,370490.333333333,1572,0.153944020356234
"Pterois antennata","2015",65,103500,727,0.0894085281980743
"Pterois antennata","2016",394,643650,2087,0.188787733588884
"Pterois antennata","2017",319,623441.340782123,1130,0.282300884955752
"Pterois antennata","2018",430,884000,1423,0.302178496134926
"Pterois antennata","2019",364,722000,842,0.432304038004751
"Pterois antennata","2022",154,539000,389,0.395886889460154
"Pterois antennata","2023",475,913500,1525,0.311475409836066
"Pterois radiata","2012",35,316894.736842105,1282,0.0273010920436817
"Pterois radiata","2015",3,38000,149,0.0201342281879195
"Pterois radiata","2016",44,359000,1874,0.0234791889007471
"Pterois radiata","2017",35,415000,1018,0.0343811394891945
"Pterois radiata","2018",16,210000,727,0.0220082530949106
"Pterois radiata","2019",9,95000,577,0.0155979202772964
"Pterois radiata","2022",26,387500,303,0.0858085808580858
"Pterois radiata","2023",19,220000,1077,0.0176415970287837
"Pterois volitans","2012",22,140000,838,0.0262529832935561
"Pterois volitans","2013",449,4116121.79487179,2094,0.214422158548233
"Pterois volitans","2016",61,467000,2087,0.0292285577383804
"Pterois volitans","2018",39,368000,1113,0.0350404312668464
"Pterois volitans","2019",26,255000,643,0.0404354587869362
"Pterois volitans","2022",47,785000,350,0.134285714285714
"Pterois volitans","2023",75,870000,1352,0.0554733727810651
"Pygoplites diacanthus","2012",21,294944.444444444,1316,0.0159574468085106
"Pygoplites diacanthus","2015",5,30000,535,0.00934579439252336
"Pygoplites diacanthus","2016",15,232000,1326,0.0113122171945701
"Pygoplites diacanthus","2017",15,220000,786,0.0190839694656489
"Pygoplites diacanthus","2018",21,357500,1040,0.0201923076923077
"Pygoplites diacanthus","2019",12,2e+05,591,0.0203045685279188
"Pygoplites diacanthus","2022",32,1273437.5,280,0.114285714285714
"Pygoplites diacanthus","2023",21,371056,1348,0.0155786350148368
"Rhinchocinetes durbanensis","2016",9871,7288500,2087,4.72975563009104
"Rhinchocinetes durbanensis","2018",1210,1333300,880,1.375
"Rhinchocinetes durbanensis","2019",754,839500,842,0.895486935866983
"Rhinecanthus aculeatus","2012",2,7000,219,0.0091324200913242
"Rhinecanthus aculeatus","2013",9,19500,759,0.0118577075098814
"Rhinecanthus aculeatus","2015",1,3000,99,0.0101010101010101
"Rhinecanthus aculeatus","2022",3,27000,107,0.0280373831775701
"Rhinecanthus aculeatus","2023",5,35000,465,0.010752688172043
"Rhinecanthus verrucosus","2012",129,154000,1330,0.0969924812030075
"Rhinecanthus verrucosus","2013",116,112250,1569,0.0739324410452517
"Rhinecanthus verrucosus","2015",75,75000,619,0.121163166397415
"Rhinecanthus verrucosus","2016",173,173000,1843,0.0938686923494303
"Rhinecanthus verrucosus","2017",65,73000,640,0.1015625
"Rhinecanthus verrucosus","2018",62,62000,840,0.0738095238095238
"Rhinecanthus verrucosus","2019",92,92000,643,0.143079315707621
"Rhinecanthus verrucosus","2022",49,147000,77,0.636363636363636
"Rhinomuraena quaesita","2012",9,58000,535,0.0168224299065421
"Rhinomuraena quaesita","2013",62,564085.106382979,2052,0.0302144249512671
"Rhinomuraena quaesita","2022",20,685000,268,0.0746268656716418
"Rhinomuraena quaesita","2023",60,1027000,1525,0.039344262295082
"Rhinomuraena quesita","2016",59,699500,1868,0.0315845824411135
"Rhinomuraena quesita","2018",82,1565000,1352,0.0606508875739645
"Rhinomuraena quesita","2019",49,475500,842,0.0581947743467933
"Rhynchocinetes durbanensis","2012",3283,4648900,722,4.54709141274238
"Rhynchocinetes durbanensis","2013",4347,3406200,2234,1.94583706356312
"Rhynchocinetes durbanensis","2022",268,353000,244,1.09836065573771
"Rhynchocinetes durbanensis","2023",2356,2359000,1353,1.74131559497413
"Salarias ceramensis","2013",100,97546.511627907,1986,0.0503524672708963
"Salarias ceramensis","2022",11,76500,138,0.0797101449275362
"Salarias ceramensis","2023",7,42000,611,0.0114566284779051
"Salarias fasciatus","2012",64,63730,1409,0.0454222853087296
"Salarias fasciatus","2015",368,367750,727,0.506189821182944
"Salarias fasciatus","2016",1202,1209500,2087,0.575946334451366
"Salarias fasciatus","2017",127,127000,842,0.15083135391924
"Salarias fasciatus","2018",126,126000,1302,0.0967741935483871
"Salarias fasciatus","2019",219,219000,842,0.260095011876485
"Salarias fasciatus","2022",255,417500,338,0.754437869822485
"Salarias fasciatus","2023",731,880529.440993789,1525,0.479344262295082
"Salarias segmentatus","2022",143,714000,167,0.856287425149701
"Scorpaenopsis diablolus","2013",4,35000,574,0.00696864111498258
"Siderea picta","2022",19,95000,225,0.0844444444444444
"Siderea picta","2023",19,95000,837,0.022700119474313
"Siganus corallinus","2012",9,17000,652,0.0138036809815951
"Siganus corallinus","2015",2,6000,99,0.0202020202020202
"Siganus corallinus","2016",52,129000,1120,0.0464285714285714
"Siganus corallinus","2018",6,16000,623,0.00963081861958266
"Siganus corallinus","2019",14,23000,479,0.0292275574112735
"Siganus corallinus","2022",25,95500,202,0.123762376237624
"Siganus corallinus","2023",2,5500,359,0.00557103064066852
"Siganus puellus","2022",5,20000,60,0.0833333333333333
"Siganus spinus","2022",1,3000,41,0.024390243902439
"Siganus virgatus","2016",4,8500,697,0.00573888091822095
"Siganus vulpinus","2012",2,4500,219,0.0091324200913242
"Siganus vulpinus","2013",5,12500,899,0.00556173526140156
"Siganus vulpinus","2016",6,19000,506,0.0118577075098814
"Siganus vulpinus","2018",1,4000,124,0.00806451612903226
"Siganus vulpinus","2019",17,52500,499,0.0340681362725451
"Siganus vulpinus","2022",3,18000,114,0.0263157894736842
"Signigobius biocellatus","2013",75,871250,1393,0.053840631730079
"Signigobius biocellatus","2022",284,2414000,210,1.35238095238095
"Stenopus Hispodus","2016",555,738000,2087,0.265931959750838
"Stenopus Hispodus","2018",162,162000,1064,0.152255639097744
"Stenopus Hispodus","2019",126,130000,842,0.149643705463183
"Stenopus hispidus","2022",96,122000,250,0.384
"Stenopus hispidus","2023",123,154500,1490,0.0825503355704698
"Stenopus hispodus","2012",137,162941.666666667,745,0.183892617449664
"Stenopus hispodus","2013",929,801242.424242424,2234,0.415846016114593
"Stenopus tenuirostris","2022",27,270000,150,0.18
"Stenopus tenuirostris","2023",8,8000,579,0.0138169257340242
"Stenopus zanzibaricus","2022",13,124000,131,0.099236641221374
"Stethojulis bandanensis","2012",9,14500,708,0.0127118644067797
"Stethojulis bandanensis","2015",24,27500,727,0.0330123796423659
"Stethojulis bandanensis","2016",165,176200,2087,0.0790608528988979
"Stethojulis bandanensis","2017",25,34500,640,0.0390625
"Stethojulis bandanensis","2018",17,21500,905,0.0187845303867403
"Stethojulis bandanensis","2019",5,5000,378,0.0132275132275132
"Stethojulis bandanensis","2023",19,19000,695,0.0273381294964029
"Stonogobiops nematodes","2022",557,4177500,210,2.65238095238095
"Stonogobiops yasha","2022",2,85000,66,0.0303030303030303
"Sufflamen Chrysopterus","2023",8,24000,611,0.0130932896890344
"Sufflamen bursa","2012",8,16000,275,0.0290909090909091
"Sufflamen bursa","2013",7,21000,361,0.0193905817174515
"Sufflamen bursa","2022",3,10000,59,0.0508474576271186
"Sufflamen bursa","2023",10,30000,463,0.0215982721382289
"Sufflamen chrysopterum","2012",67,165836.956521739,1267,0.0528808208366219
"Sufflamen chrysopterus","2015",26,78000,527,0.0493358633776091
"Sufflamen chrysopterus","2016",27,71000,1220,0.0221311475409836
"Sufflamen chrysopterus","2017",29,77000,731,0.039671682626539
"Sufflamen chrysopterus","2018",41,96000,894,0.0458612975391499
"Sufflamen chrysopterus","2019",37,37000,643,0.057542768273717
"Synchiropus ocellatus","2012",513,622466.463414634,1593,0.322033898305085
"Synchiropus ocellatus","2013",873,1051583.33333333,2126,0.410630291627469
"Synchiropus ocellatus","2015",263,349250,727,0.361760660247593
"Synchiropus ocellatus","2016",2051,2538250,2087,0.982750359367513
"Synchiropus ocellatus","2017",332,453280,1092,0.304029304029304
"Synchiropus ocellatus","2018",1317,1435000,1423,0.925509486999297
"Synchiropus ocellatus","2019",392,392000,842,0.465558194774347
"Synchiropus ocellatus","2022",1122,4216500,369,3.04065040650406
"Synchiropus ocellatus","2023",573,1057000,1365,0.41978021978022
"Synchiropus picturatus","2022",83,124500,173,0.479768786127168
"Synchiropus picturatus","2023",608,928000,1490,0.408053691275168
"Synchiropus splendidus","2016",32,45250,240,0.133333333333333
"Synchiropus splendidus","2022",4,28000,41,0.0975609756097561
"Synchiropus splendidus var.","2022",2,12000,41,0.0487804878048781
"Synchiropus stellatus","2016",4,12000,330,0.0121212121212121
"Taenianotus triacanthus","2016",11,28000,610,0.0180327868852459
"Taenianotus triacanthus","2017",11,37000,719,0.0152990264255911
"Taenianotus triacanthus","2018",8,28000,737,0.0108548168249661
"Taenianotus triacanthus","2019",7,17000,513,0.01364522417154
"Thalassoma amblycephalum","2012",18,31000,465,0.0387096774193548
"Thalassoma amblycephalum","2013",19,49000,1699,0.011183048852266
"Thalassoma amblycephalum","2016",49,97000,1304,0.0375766871165644
"Thalassoma amblycephalum","2018",79,132500,1035,0.0763285024154589
"Thalassoma amblycephalum","2019",2,6000,98,0.0204081632653061
"Thalassoma amblycephalum","2022",5,15000,150,0.0333333333333333
"Thalassoma amblycephalum","2023",78,234000,760,0.102631578947368
"Thalassoma jansenii","2022",2,2000,70,0.0285714285714286
"Thalassoma jansenii","2023",27,38000,1016,0.0265748031496063
"Thalassoma lunare","2012",106,100718.75,1525,0.0695081967213115
"Thalassoma lunare","2015",33,83000,570,0.0578947368421053
"Thalassoma lunare","2016",223,281500,2087,0.106851940584571
"Thalassoma lunare","2017",76,112000,1049,0.0724499523355577
"Thalassoma lunare","2018",63,107000,1103,0.057116953762466
"Thalassoma lunare","2019",5,7000,329,0.0151975683890578
"Thalassoma lutescens","2023",58,253000,1161,0.0499569336778639
"Tomiyamichthys oni","2022",36,216000,66,0.545454545454545
"Trichonotus elegans","2012",1,2000,189,0.00529100529100529
"Uopterygius concolor","2013",1,10000,108,0.00925925925925926
"Upeneus tragula","2022",1,2000,30,0.0333333333333333
"Upeneus vittatus","2023",5,5000,552,0.00905797101449275
"Valenciennea helsdingenii","2012",770,1080929.19463087,1572,0.489821882951654
"Valenciennea helsdingenii","2015",30,47000,483,0.062111801242236
"Valenciennea helsdingenii","2016",282,413100,2087,0.13512218495448
"Valenciennea helsdingenii","2017",670,1071903.22580645,1130,0.592920353982301
"Valenciennea helsdingenii","2018",849,1502750,1372,0.618804664723032
"Valenciennea helsdingenii","2019",653,1373000,842,0.775534441805226
"Valenciennea helsdingenii","2022",25,66000,60,0.416666666666667
"Valenciennea helsdingenii","2023",64,174000,1053,0.0607787274453941
"Valenciennea longipinnis","2022",76,190000,126,0.603174603174603
"Valenciennea puellaris","2012",3094,4273162.84153005,1593,1.94224733207784
"Valenciennea puellaris","2013",5260,8009665.99423631,2234,2.35452103849597
"Valenciennea puellaris","2015",934,1754150,727,1.28473177441541
"Valenciennea puellaris","2016",9614,14876400,2087,4.60661236224245
"Valenciennea puellaris","2017",4979,8937319.60458453,1130,4.40619469026549
"Valenciennea puellaris","2018",4922,9325000,1423,3.45888966971188
"Valenciennea puellaris","2019",4222,8230200,842,5.01425178147268
"Valenciennea puellaris","2022",1082,3976500,389,2.78149100257069
"Valenciennea puellaris","2023",3719,8120000,1525,2.43868852459016
"Valenciennea sexguttata","2012",361,426754.385964912,1572,0.229643765903308
"Valenciennea sexguttata","2013",1560,1553380,2160,0.722222222222222
"Valenciennea sexguttata","2015",100,101500,727,0.137551581843191
"Valenciennea sexguttata","2016",1978,2351500,2087,0.947771921418304
"Valenciennea sexguttata","2017",1076,1483987.96791444,1130,0.952212389380531
"Valenciennea sexguttata","2018",1145,1718000,1352,0.84689349112426
"Valenciennea sexguttata","2019",748,1132500,842,0.888361045130641
"Valenciennea sexguttata","2022",1316,3784500,381,3.45406824146982
"Valenciennea sexguttata","2023",361,719000,1525,0.23672131147541
"Valenciennea strigata","2012",1222,1387469.94219653,838,1.4582338902148
"Valenciennea strigata","2013",3192,5060095.57416268,2234,1.42882721575649
"Valenciennea strigata","2016",2725,3998100,2087,1.30570196454241
"Valenciennea strigata","2018",822,1636500,1423,0.577652846099789
"Valenciennea strigata","2019",158,303000,842,0.187648456057007
"Valenciennea strigata","2022",1446,4939000,389,3.7172236503856
"Valenciennea strigata","2023",2168,4954000,1525,1.42163934426229
"Variola albimarginata","2012",2,3000,53,0.0377358490566038
"Variola albimarginata","2022",1,5000,30,0.0333333333333333
"Variola louti","2012",30,46000,1153,0.02601908065915
"Variola louti","2013",27,43500,963,0.0280373831775701
"Variola louti","2015",4,8000,384,0.0104166666666667
"Variola louti","2016",7,11250,1159,0.00603968938740293
"Variola louti","2017",29,72470.5882352941,676,0.0428994082840237
"Variola louti","2018",15,26000,643,0.0233281493001555
"Variola louti","2019",29,56500,744,0.0389784946236559
"Wetmorella nigropinnata","2012",580,602000,848,0.683962264150943
"Wetmorella nigropinnata","2015",451,556500,727,0.620357634112792
"Wetmorella nigropinnata","2016",727,748750,2087,0.348346909439387
"Wetmorella nigropinnata","2017",397,477336.956521739,1130,0.351327433628319
"Wetmorella nigropinnata","2018",382,431500,1423,0.268446943078004
"Wetmorella nigropinnata","2019",303,328000,842,0.359857482185273
"Wetmorella nigropinnata","2023",249,265200,1442,0.172676837725381
"Xyrichtys pavo","2023",2,2500,293,0.0068259385665529
"Xyrichtys pentadactylus","2022",1,7500,31,0.032258064516129
"Zanclus cornutus","2012",331,556552.666666667,1572,0.210559796437659
"Zanclus cornutus","2015",135,202500,669,0.201793721973094
"Zanclus cornutus","2016",766,1228000,2087,0.367034020124581
"Zanclus cornutus","2017",150,251733.108108108,1130,0.132743362831858
"Zanclus cornutus","2018",360,722500,1423,0.252986647926915
"Zanclus cornutus","2019",275,550500,842,0.326603325415677
"Zanclus cornutus","2022",42,133000,233,0.180257510729614
"Zanclus cornutus","2023",203,425000,1525,0.133114754098361
"Zebrasoma desjardinii","2023",1,6000,106,0.00943396226415094
"Zebrasoma scopas","2012",1195,1819673.42767296,1593,0.750156936597615
"Zebrasoma scopas","2013",817,1244327.35426009,2234,0.365711727842435
"Zebrasoma scopas","2015",908,1890797,727,1.24896836313618
"Zebrasoma scopas","2016",1568,2722247,2087,0.751317680881648
"Zebrasoma scopas","2017",1323,2560150,1130,1.17079646017699
"Zebrasoma scopas","2018",844,1945000,1423,0.593113141250878
"Zebrasoma scopas","2019",618,1217000,842,0.73396674584323
"Zebrasoma scopas","2022",909,3022000,389,2.33676092544987
"Zebrasoma scopas","2023",2826,7002000,1525,1.85311475409836
"Zebrasoma veliferum","2013",6,40200,1099,0.00545950864422202
"Zebrasoma veliferum","2022",72,1432500,167,0.431137724550898
"Zebrias fasciatus","2022",1,5000,30,0.0333333333333333
