"Month","Species","Year","Total_Catch","Total_Income","Individual_fishing_trips_mo","CPUE"
"January","#N/A","2012",389,524933.655332303,53,7.33962264150943
"January","#N/A","2013",728,1152000,66,11.030303030303
"January","#N/A","2015",1077,2197900,50,21.54
"January","#N/A","2017",1104,3535250,117,9.43589743589744
"January","#N/A","2023",6,24055.5555555556,160,0.0375
"January","Ablabys taenianotus","2013",1,3000,66,0.0151515151515152
"January","Abudefduf sexfasciatus","2023",57,85500,160,0.35625
"January","Acanthurus bariene","2016",30,2e+05,117,0.256410256410256
"January","Acanthurus bariene","2018",29,175000,50,0.58
"January","Acanthurus bariene","2019",1,10000,98,0.0102040816326531
"January","Acanthurus bariene","2023",37,370000,160,0.23125
"January","Acanthurus cf leucosternon","2022",2,50000,41,0.0487804878048781
"January","Acanthurus chronixis","2012",6,11500,53,0.113207547169811
"January","Acanthurus chronixis","2013",2,4000,66,0.0303030303030303
"January","Acanthurus chronixis","2022",62,482000,41,1.51219512195122
"January","Acanthurus chronixis","2023",2,12000,160,0.0125
"January","Acanthurus grammoptilus","2013",4,4000,66,0.0606060606060606
"January","Acanthurus leucoheilus","2016",4,12500,117,0.0341880341880342
"January","Acanthurus leucoheilus","2017",36,172500,117,0.307692307692308
"January","Acanthurus leucoheilus","2018",3,10000,50,0.06
"January","Acanthurus leucoheilus","2019",5,25000,98,0.0510204081632653
"January","Acanthurus leucosternon","2017",2,27500,117,0.0170940170940171
"January","Acanthurus leucosternon","2019",1,15000,98,0.0102040816326531
"January","Acanthurus leucosternon","2023",3,75000,160,0.01875
"January","Acanthurus lineatus","2012",7,15066.1157024793,53,0.132075471698113
"January","Acanthurus lineatus","2013",23,56750,66,0.348484848484849
"January","Acanthurus lineatus","2015",1,2500,50,0.02
"January","Acanthurus lineatus","2016",19,24500,117,0.162393162393162
"January","Acanthurus lineatus","2017",370,877000,117,3.16239316239316
"January","Acanthurus lineatus","2018",27,90000,50,0.54
"January","Acanthurus lineatus","2019",8,34000,98,0.0816326530612245
"January","Acanthurus lineatus","2022",9,52000,41,0.219512195121951
"January","Acanthurus lineatus","2023",353,1412000,160,2.20625
"January","Acanthurus maculiceps","2015",1,25000,50,0.02
"January","Acanthurus maculiceps","2016",1,25000,117,0.00854700854700855
"January","Acanthurus maculiceps","2017",15,224000,117,0.128205128205128
"January","Acanthurus nigricans","2012",9,63000,53,0.169811320754717
"January","Acanthurus nigricans","2015",1,7000,50,0.02
"January","Acanthurus nigricans","2016",2,15000,117,0.0170940170940171
"January","Acanthurus nigricans","2017",36,422000,117,0.307692307692308
"January","Acanthurus nigricans","2019",1,12500,98,0.0102040816326531
"January","Acanthurus nigricans","2022",2,32500,41,0.0487804878048781
"January","Acanthurus nigricans","2023",203,3298750,160,1.26875
"January","Acanthurus nigrofuscus","2012",29,40500,53,0.547169811320755
"January","Acanthurus nigrofuscus","2015",1,1000,50,0.02
"January","Acanthurus nigrofuscus","2016",22,22000,117,0.188034188034188
"January","Acanthurus nigrofuscus","2017",21,21000,117,0.179487179487179
"January","Acanthurus nigrofuscus","2018",3,3000,50,0.06
"January","Acanthurus nigrofuscus","2019",7,7000,98,0.0714285714285714
"January","Acanthurus nigroris","2015",60,122000,50,1.2
"January","Acanthurus nigroris","2016",97,159000,117,0.829059829059829
"January","Acanthurus nigroris","2017",133,201000,117,1.13675213675214
"January","Acanthurus nigroris","2018",32,66000,50,0.64
"January","Acanthurus nigroris","2019",29,45000,98,0.295918367346939
"January","Acanthurus nigroris","2023",128,192000,160,0.8
"January","Acanthurus olivaceus","2012",13,16000,53,0.245283018867925
"January","Acanthurus olivaceus","2013",16,34500,66,0.242424242424242
"January","Acanthurus olivaceus","2015",2,11500,50,0.04
"January","Acanthurus olivaceus","2016",9,21500,117,0.0769230769230769
"January","Acanthurus olivaceus","2017",45,111000,117,0.384615384615385
"January","Acanthurus olivaceus","2018",5,15000,50,0.1
"January","Acanthurus olivaceus","2019",8,36000,98,0.0816326530612245
"January","Acanthurus olivaceus","2022",17,122500,41,0.414634146341463
"January","Acanthurus olivaceus","2023",4,16000,160,0.025
"January","Acanthurus pyroferus","2012",4,27000,53,0.0754716981132075
"January","Acanthurus pyroferus","2016",7,10500,117,0.0598290598290598
"January","Acanthurus pyroferus","2017",21,61500,117,0.179487179487179
"January","Acanthurus pyroferus","2018",23,78500,50,0.46
"January","Acanthurus pyroferus","2019",18,55500,98,0.183673469387755
"January","Acanthurus pyroferus","2022",20,4e+05,41,0.48780487804878
"January","Acanthurus pyroferus","2023",12,125000,160,0.075
"January","Acanthurus triostegus","2015",2,3000,50,0.04
"January","Acanthurus triostegus","2016",5,4500,117,0.0427350427350427
"January","Acanthurus triostegus","2017",24,50000,117,0.205128205128205
"January","Acanthurus triostegus","2018",3,9000,50,0.06
"January","Acanthurus triostegus","2019",9,18000,98,0.0918367346938776
"January","Acanthurus triostegus","2022",17,84000,41,0.414634146341463
"January","Acanthurus triostegus","2023",39,58500,160,0.24375
"January","Acanthurus tristris","2017",9,47000,117,0.0769230769230769
"January","Acanthurus tristris","2018",2,8500,50,0.04
"January","Acanthurus tristris","2023",44,132000,160,0.275
"January","Acanthurus xanthopterus","2019",3,15000,98,0.0306122448979592
"January","Acanthurus xanthopterus","2023",1,5000,160,0.00625
"January","Acreichthys tomentosus","2022",56,168000,41,1.36585365853659
"January","Amblycirrhitus pinos","2012",64,57800,53,1.20754716981132
"January","Amblycirrhitus pinos","2013",32,25250,66,0.484848484848485
"January","Amblyeleotris aurora","2022",69,345000,41,1.68292682926829
"January","Amblyeleotris guttata","2022",132,528000,41,3.21951219512195
"January","Amblyeleotris randalli","2022",8,280000,41,0.195121951219512
"January","Amblyeleotris steinitzi","2019",10,25500,98,0.102040816326531
"January","Amblyeleotris wheeleri","2022",117,468000,41,2.85365853658537
"January","Amblygobius phalaena","2022",106,318000,41,2.58536585365854
"January","Amphiprion clarkii","2012",11,12200,53,0.207547169811321
"January","Amphiprion clarkii","2015",28,76500,50,0.56
"January","Amphiprion clarkii","2016",82,139500,117,0.700854700854701
"January","Amphiprion clarkii","2017",94,207000,117,0.803418803418803
"January","Amphiprion clarkii","2018",32,84750,50,0.64
"January","Amphiprion clarkii","2019",8,13000,98,0.0816326530612245
"January","Amphiprion clarkii","2022",78,328000,41,1.90243902439024
"January","Amphiprion clarkii","2023",20,40000,160,0.125
"January","Amphiprion frenatus","2017",3,4500,117,0.0256410256410256
"January","Amphiprion melanopus","2022",1,3000,41,0.024390243902439
"January","Amphiprion ocellaris","2012",3,3000,53,0.0566037735849057
"January","Amphiprion ocellaris","2015",20,35000,50,0.4
"January","Amphiprion ocellaris","2016",25,42500,117,0.213675213675214
"January","Amphiprion ocellaris","2017",9,22500,117,0.0769230769230769
"January","Amphiprion ocellaris","2018",2,5000,50,0.04
"January","Amphiprion ocellaris","2019",2,4000,98,0.0204081632653061
"January","Amphiprion ocellaris","2022",9,21000,41,0.219512195121951
"January","Amphiprion ocellaris","2023",4,10000,160,0.025
"January","Amphiprion perideraion","2022",11,32500,41,0.268292682926829
"January","Amphiprion perideraion","2023",4,4000,160,0.025
"January","Amphiprion polymnus","2022",43,212000,41,1.04878048780488
"January","Amphiprion sandaracinos","2015",2,3000,50,0.04
"January","Amphiprion sandaracinos","2016",21,37000,117,0.179487179487179
"January","Amphiprion sandaracinos","2018",11,20500,50,0.22
"January","Amphiprion sandaracinos","2019",3,4500,98,0.0306122448979592
"January","Anampses caeruleopunctatus","2015",30,88000,50,0.6
"January","Anampses caeruleopunctatus","2016",35,93000,117,0.299145299145299
"January","Anampses caeruleopunctatus","2017",7,21000,117,0.0598290598290598
"January","Anampses caeruleopunctatus","2018",35,79000,50,0.7
"January","Anampses caeruleopunctatus","2022",1,3500,41,0.024390243902439
"January","Anampses caeruleopunctatus","2023",4,4000,160,0.025
"January","Anampses lineatus","2012",5,7500,53,0.0943396226415094
"January","Anampses melanurus","2018",1,3500,50,0.02
"January","Anampses melanurus","2023",23,203000,160,0.14375
"January","Anampses meleagrides","2012",25,87000,53,0.471698113207547
"January","Anampses meleagrides","2013",22,79500,66,0.333333333333333
"January","Anampses meleagrides","2015",12,90500,50,0.24
"January","Anampses meleagrides","2016",26,147500,117,0.222222222222222
"January","Anampses meleagrides","2017",27,234000,117,0.230769230769231
"January","Anampses meleagrides","2018",23,143500,50,0.46
"January","Anampses meleagrides","2019",6,60000,98,0.0612244897959184
"January","Anampses meleagrides","2022",62,731000,41,1.51219512195122
"January","Anampses meleagrides","2023",4,20000,160,0.025
"January","Ancanthurus pyroferus","2016",7,67000,117,0.0598290598290598
"January","Ancanthurus pyroferus","2019",7,70000,98,0.0714285714285714
"January","Antennarius nummifer","2023",1,2000,160,0.00625
"January","Apolemichthys trimaculatus","2012",1,10000,53,0.0188679245283019
"January","Apolemichthys trimaculatus","2017",2,35000,117,0.0170940170940171
"January","Apolemichthys trimaculatus","2019",1,25000,98,0.0102040816326531
"January","Arothron immaculatus","2012",2,3000,53,0.0377358490566038
"January","Arothron meleagris","2013",4,8000,66,0.0606060606060606
"January","Arothron meleagris","2015",1,3000,50,0.02
"January","Arothron meleagris","2016",3,7000,117,0.0256410256410256
"January","Arothron meleagris","2017",28,51750,117,0.239316239316239
"January","Arothron meleagris","2018",8,24000,50,0.16
"January","Arothron meleagris","2019",19,57000,98,0.193877551020408
"January","Arothron nigropunctatus","2022",18,90000,41,0.439024390243902
"January","Arothron nigropunctatus","2023",29,58000,160,0.18125
"January","Atrosalarias fuscus","2015",3,4500,50,0.06
"January","Atrosalarias fuscus","2016",5,6500,117,0.0427350427350427
"January","Atrosalarias fuscus","2017",5,5000,117,0.0427350427350427
"January","Atrosalarias fuscus","2018",2,2000,50,0.04
"January","Atrosalarias fuscus","2019",29,29000,98,0.295918367346939
"January","Atrosalarias fuscus","2023",3,3000,160,0.01875
"January","Balistapus undulatus","2013",4,4000,66,0.0606060606060606
"January","Balistapus undulatus","2018",3,9000,50,0.06
"January","Balistapus undulatus","2022",3,10500,41,0.0731707317073171
"January","Balistapus undulatus","2023",1,3000,160,0.00625
"January","Balistoides conspicillum","2017",1,1e+05,117,0.00854700854700855
"January","Balistoides conspicillum","2018",1,1e+05,50,0.02
"January","Bodianus axillaris","2017",1,1500,117,0.00854700854700855
"January","Bodianus axillaris","2018",1,8000,50,0.02
"January","Bodianus bilunulatus","2022",1,12500,41,0.024390243902439
"January","Bodianus bimaculatus","2013",3,18000,66,0.0454545454545455
"January","Bodianus bimaculatus","2016",28,108000,117,0.239316239316239
"January","Bodianus bimaculatus","2022",6,54000,41,0.146341463414634
"January","Bodianus diana","2015",74,157500,50,1.48
"January","Bodianus diana","2016",148,305500,117,1.26495726495726
"January","Bodianus diana","2017",25,50500,117,0.213675213675214
"January","Bodianus diana","2018",42,92500,50,0.84
"January","Bodianus diana","2019",68,137000,98,0.693877551020408
"January","Bodianus diana","2022",5,17000,41,0.121951219512195
"January","Bodianus diana","2023",67,76223.159090909,160,0.41875
"January","Bodianus mesothorax","2015",13,30500,50,0.26
"January","Bodianus mesothorax","2016",21,46500,117,0.179487179487179
"January","Bodianus mesothorax","2017",52,122000,117,0.444444444444444
"January","Bodianus mesothorax","2018",21,54500,50,0.42
"January","Bodianus mesothorax","2019",42,90500,98,0.428571428571429
"January","Bodianus mesothorax","2022",6,24000,41,0.146341463414634
"January","Bodianus mesothorax","2023",22,34517.6344086022,160,0.1375
"January","Calcinus elegans","2012",18,27000,53,0.339622641509434
"January","Calcinus elegans","2023",1063,62090071.4285714,160,6.64375
"January","Canthigaster epilampra","2012",1,2000,53,0.0188679245283019
"January","Canthigaster solandri","2022",11,33000,41,0.268292682926829
"January","Canthigaster solandri","2023",2,4000,160,0.0125
"January","Canthigaster valentini","2012",24,36750,53,0.452830188679245
"January","Canthigaster valentini","2015",35,87500,50,0.7
"January","Canthigaster valentini","2016",58,110500,117,0.495726495726496
"January","Canthigaster valentini","2017",32,66500,117,0.273504273504274
"January","Canthigaster valentini","2018",38,74000,50,0.76
"January","Canthigaster valentini","2019",57,68500,98,0.581632653061224
"January","Canthigaster valentini","2022",115,389000,41,2.80487804878049
"January","Canthigaster valentini","2023",30,39250,160,0.1875
"January","Centropyge bicolor","2012",36,64500,53,0.679245283018868
"January","Centropyge bicolor","2013",10,22750,66,0.151515151515152
"January","Centropyge bicolor","2015",15,52500,50,0.3
"January","Centropyge bicolor","2016",31,104500,117,0.264957264957265
"January","Centropyge bicolor","2017",24,97250,117,0.205128205128205
"January","Centropyge bicolor","2018",44,187500,50,0.88
"January","Centropyge bicolor","2019",10,60000,98,0.102040816326531
"January","Centropyge bicolor","2022",322,2654000,41,7.85365853658537
"January","Centropyge bicolor","2023",108,280000,160,0.675
"January","Centropyge eibli","2012",22,70500,53,0.415094339622642
"January","Centropyge eibli","2015",19,87000,50,0.38
"January","Centropyge eibli","2016",25,105000,117,0.213675213675214
"January","Centropyge eibli","2017",36,122000,117,0.307692307692308
"January","Centropyge eibli","2018",7,35000,50,0.14
"January","Centropyge eibli","2019",19,103000,98,0.193877551020408
"January","Centropyge eibli","2022",53,426500,41,1.29268292682927
"January","Centropyge eibli","2023",40,124000,160,0.25
"January","Centropyge fisheri","2023",1,2000,160,0.00625
"January","Centropyge flavicauda","2012",2,2000,53,0.0377358490566038
"January","Centropyge flavicauda","2022",51,204000,41,1.24390243902439
"January","Centropyge nox","2012",3,4500,53,0.0566037735849057
"January","Centropyge nox","2017",5,10000,117,0.0427350427350427
"January","Centropyge nox","2018",1,4500,50,0.02
"January","Centropyge nox","2019",8,20000,98,0.0816326530612245
"January","Centropyge nox","2022",12,60000,41,0.292682926829268
"January","Centropyge nox","2023",23,46000,160,0.14375
"January","Centropyge tibicen","2012",11,17000,53,0.207547169811321
"January","Centropyge tibicen","2013",4,7000,66,0.0606060606060606
"January","Centropyge tibicen","2015",1,3000,50,0.02
"January","Centropyge tibicen","2016",6,13000,117,0.0512820512820513
"January","Centropyge tibicen","2017",18,37000,117,0.153846153846154
"January","Centropyge tibicen","2018",16,35000,50,0.32
"January","Centropyge tibicen","2019",19,47500,98,0.193877551020408
"January","Centropyge tibicen","2022",74,359000,41,1.80487804878049
"January","Centropyge tibicen","2023",4,8500,160,0.025
"January","Centropyge vroliki","2015",11,23500,50,0.22
"January","Centropyge vroliki","2016",17,32500,117,0.145299145299145
"January","Centropyge vroliki","2017",85,126000,117,0.726495726495726
"January","Centropyge vroliki","2018",8,14000,50,0.16
"January","Centropyge vroliki","2019",31,33500,98,0.316326530612245
"January","Centropyge vroliki","2022",37,141000,41,0.902439024390244
"January","Centropyge vroliki","2023",33,71000,160,0.20625
"January","Centropyge vrolikii","2012",5,5000,53,0.0943396226415094
"January","Cephalopholis miniata","2017",1,3000,117,0.00854700854700855
"January","Cetoscarus bicolor","2018",1,3000,50,0.02
"January","Cetoscarus bicolor","2022",6,90000,41,0.146341463414634
"January","Chaetodermis pencilligera","2015",4,22500,50,0.08
"January","Chaetodermis pencilligera","2016",4,22500,117,0.0341880341880342
"January","Chaetodon Sp","2023",138,207000,160,0.8625
"January","Chaetodon adiergastos","2017",7,7000,117,0.0598290598290598
"January","Chaetodon adiergastos","2019",15,15000,98,0.153061224489796
"January","Chaetodon adiergastos","2022",2,10000,41,0.0487804878048781
"January","Chaetodon auriga","2017",1,2000,117,0.00854700854700855
"January","Chaetodon auriga","2019",2,10000,98,0.0204081632653061
"January","Chaetodon auriga","2022",60,480000,41,1.46341463414634
"January","Chaetodon baronessa","2012",10,15000,53,0.188679245283019
"January","Chaetodon baronessa","2013",4,4000,66,0.0606060606060606
"January","Chaetodon baronessa","2015",6,12000,50,0.12
"January","Chaetodon baronessa","2016",45,90000,117,0.384615384615385
"January","Chaetodon baronessa","2017",20,42500,117,0.170940170940171
"January","Chaetodon baronessa","2018",19,46000,50,0.38
"January","Chaetodon baronessa","2019",78,108000,98,0.795918367346939
"January","Chaetodon baronessa","2022",24,72000,41,0.585365853658537
"January","Chaetodon bennetti","2012",1,4000,53,0.0188679245283019
"January","Chaetodon bennetti","2013",1,6000,66,0.0151515151515152
"January","Chaetodon bennetti","2017",14,70000,117,0.11965811965812
"January","Chaetodon bennetti","2022",15,3e+05,41,0.365853658536585
"January","Chaetodon citrinellus","2022",5,10000,41,0.121951219512195
"January","Chaetodon ephippium","2022",7,122500,41,0.170731707317073
"January","Chaetodon falcula","2022",25,437500,41,0.609756097560976
"January","Chaetodon kleinii","2012",22,26250,53,0.415094339622642
"January","Chaetodon kleinii","2013",41,41000,66,0.621212121212121
"January","Chaetodon kleinii","2016",96,152000,117,0.82051282051282
"January","Chaetodon kleinii","2018",86,97000,50,1.72
"January","Chaetodon kleinii","2019",131,153000,98,1.33673469387755
"January","Chaetodon kleinii","2022",49,128000,41,1.19512195121951
"January","Chaetodon lunula","2012",2,4000,53,0.0377358490566038
"January","Chaetodon lunula","2016",1,6000,117,0.00854700854700855
"January","Chaetodon lunula","2017",2,10000,117,0.0170940170940171
"January","Chaetodon lunula","2019",3,30000,98,0.0306122448979592
"January","Chaetodon lunula","2022",11,220000,41,0.268292682926829
"January","Chaetodon lunula","2023",4,6000,160,0.025
"January","Chaetodon madagascariensis","2022",1,17500,41,0.024390243902439
"January","Chaetodon melannotus","2017",5,12500,117,0.0427350427350427
"January","Chaetodon melannotus","2018",1,3500,50,0.02
"January","Chaetodon melannotus","2022",10,58000,41,0.24390243902439
"January","Chaetodon meyeri","2017",14,95500,117,0.11965811965812
"January","Chaetodon meyeri","2018",1,8000,50,0.02
"January","Chaetodon meyeri","2019",1,5000,98,0.0102040816326531
"January","Chaetodon meyeri","2022",1,10000,41,0.024390243902439
"January","Chaetodon meyeri","2023",1,1500,160,0.00625
"January","Chaetodon octofasciatus","2022",1,4000,41,0.024390243902439
"January","Chaetodon ornatissimus","2022",1,10000,41,0.024390243902439
"January","Chaetodon punctatofasciatus","2013",1,3000,66,0.0151515151515152
"January","Chaetodon punctatofasciatus","2022",1,6000,41,0.024390243902439
"January","Chaetodon rafflesi","2022",41,281000,41,1
"January","Chaetodon speculum","2022",12,90000,41,0.292682926829268
"January","Chaetodon speculum","2023",2,3000,160,0.0125
"January","Chaetodon trifascialis","2017",15,45000,117,0.128205128205128
"January","Chaetodon trifascialis","2018",4,16000,50,0.08
"January","Chaetodon trifascialis","2022",8,42500,41,0.195121951219512
"January","Chaetodon trifascialis","2023",2,3000,160,0.0125
"January","Chaetodon trifasciatus","2012",8,9500,53,0.150943396226415
"January","Chaetodon trifasciatus","2013",4,4000,66,0.0606060606060606
"January","Chaetodon trifasciatus","2015",15,36000,50,0.3
"January","Chaetodon trifasciatus","2016",16,37000,117,0.136752136752137
"January","Chaetodon trifasciatus","2017",50,105500,117,0.427350427350427
"January","Chaetodon trifasciatus","2018",15,33000,50,0.3
"January","Chaetodon trifasciatus","2022",9,27000,41,0.219512195121951
"January","Chaetodon ulietensis","2022",25,187500,41,0.609756097560976
"January","Chaetodon unimaculatus","2022",3,15000,41,0.0731707317073171
"January","Chaetodon vagabundus","2022",14,45000,41,0.341463414634146
"January","Chaetodontoplus mesoleucus","2022",7,28000,41,0.170731707317073
"January","Cheilinus fasciatus","2015",1,1000,50,0.02
"January","Cheilinus fasciatus","2016",1,1000,117,0.00854700854700855
"January","Cheilinus fasciatus","2017",6,6000,117,0.0512820512820513
"January","Cheilinus fasciatus","2019",1,1000,98,0.0102040816326531
"January","Chelmon rostratus","2012",1,1500,53,0.0188679245283019
"January","Chelmon rostratus","2022",110,1100000,41,2.68292682926829
"January","Chirrhilabrus cyanopleura","2016",395,367500,117,3.37606837606838
"January","Chirrhilabrus cyanopleura","2018",39,74500,50,0.78
"January","Chirrhilabrus cyanopleura","2019",65,127000,98,0.663265306122449
"January","Chromis lineata","2022",309,618000,41,7.53658536585366
"January","Chromis lineata","2023",70,140000,160,0.4375
"January","Chromis margaritifer","2012",98,49000,53,1.84905660377358
"January","Chromis margaritifer","2013",154,96600,66,2.33333333333333
"January","Chromis margaritifer","2015",169,239100,50,3.38
"January","Chromis margaritifer","2016",191,252300,117,1.63247863247863
"January","Chromis margaritifer","2017",251,180700,117,2.14529914529915
"January","Chromis margaritifer","2018",299,342900,50,5.98
"January","Chromis margaritifer","2019",72,99500,98,0.73469387755102
"January","Chromis margaritifer","2022",339,508500,41,8.26829268292683
"January","Chromis margaritifer","2023",146,158375,160,0.9125
"January","Chromis retrofasciata","2016",49,69900,117,0.418803418803419
"January","Chromis retrofasciata","2018",100,66300,50,2
"January","Chromis retrofasciata","2019",340,340000,98,3.46938775510204
"January","Chromis retrofasciata","2022",163,244500,41,3.97560975609756
"January","Chromis retrofasciata","2023",136,204000,160,0.85
"January","Chromis viridis","2012",450,225000,53,8.49056603773585
"January","Chromis viridis","2013",895,695000,66,13.5606060606061
"January","Chromis viridis","2015",500,694000,50,10
"January","Chromis viridis","2016",3547,2522200,117,30.3162393162393
"January","Chromis viridis","2017",524,779000,117,4.47863247863248
"January","Chromis viridis","2018",595,892500,50,11.9
"January","Chromis viridis","2019",300,450000,98,3.06122448979592
"January","Chromis viridis","2022",1460,2190000,41,35.609756097561
"January","Chromis viridis","2023",4304,6035051.59375,160,26.9
"January","Chromis weberi","2012",385,193000,53,7.26415094339623
"January","Chromis weberi","2013",324,164900,66,4.90909090909091
"January","Chrysiptera cyanea","2022",23,34500,41,0.560975609756098
"January","Chrysiptera talboti","2012",143,86500,53,2.69811320754717
"January","Chrysiptera talboti","2013",156,142600,66,2.36363636363636
"January","Chrysiptera talboti","2015",144,193500,50,2.88
"January","Chrysiptera talboti","2016",274,302100,117,2.34188034188034
"January","Chrysiptera talboti","2017",507,349200,117,4.33333333333333
"January","Chrysiptera talboti","2018",270,271800,50,5.4
"January","Chrysiptera talboti","2019",437,442000,98,4.45918367346939
"January","Chrysiptera talboti","2022",154,231000,41,3.75609756097561
"January","Chrysiptera talboti","2023",1057,1076000,160,6.60625
"January","Cirrhilabrus cyanopleura","2012",44,44700,53,0.830188679245283
"January","Cirrhilabrus cyanopleura","2013",42,31500,66,0.636363636363636
"January","Cirrhilabrus cyanopleura","2022",75,170000,41,1.82926829268293
"January","Cirrhilabrus cyanopleura","2023",24,37000,160,0.15
"January","Cirrhilabrus exquisitus","2012",114,132500,53,2.15094339622642
"January","Cirrhilabrus exquisitus","2013",81,114750,66,1.22727272727273
"January","Cirrhilabrus exquisitus","2016",263,448500,117,2.24786324786325
"January","Cirrhilabrus exquisitus","2018",32,83000,50,0.64
"January","Cirrhilabrus exquisitus","2019",68,182000,98,0.693877551020408
"January","Cirrhilabrus exquisitus","2022",5,20000,41,0.121951219512195
"January","Cirrhilabrus exquisitus","2023",1,1500,160,0.00625
"January","Cirrhilabrus filamentosus","2015",1,2000,50,0.02
"January","Cirrhilabrus filamentosus","2016",5,12000,117,0.0427350427350427
"January","Cirrhilabrus filamentosus","2017",1,2500,117,0.00854700854700855
"January","Cirrhilabrus filamentosus","2018",1,4000,50,0.02
"January","Cirrhilabrus filamentosus","2022",2,14000,41,0.0487804878048781
"January","Cirrhilabrus flavidorsalis","2023",3,4500,160,0.01875
"January","Cirrhilabrus lubbocki","2012",4,4000,53,0.0754716981132075
"January","Cirrhilabrus lubbocki","2015",5,7500,50,0.1
"January","Cirrhilabrus lubbocki","2016",5,7500,117,0.0427350427350427
"January","Cirrhilabrus lubbocki","2017",1,1000,117,0.00854700854700855
"January","Cirrhilabrus lubbocki","2018",1,1000,50,0.02
"January","Cirrhilabrus lubbocki","2022",105,420000,41,2.5609756097561
"January","Cirrhitichthys aprinus","2015",23,28500,50,0.46
"January","Cirrhitichthys aprinus","2016",46,51500,117,0.393162393162393
"January","Cirrhitichthys aprinus","2017",79,80000,117,0.675213675213675
"January","Cirrhitichthys aprinus","2018",47,51000,50,0.94
"January","Cirrhitichthys aprinus","2019",102,104000,98,1.04081632653061
"January","Cirrhitichthys aprinus","2023",163,164500,160,1.01875
"January","Cirrhitichthys falco","2022",10,20000,41,0.24390243902439
"January","Cirrhitichthys falco","2023",1,2000,160,0.00625
"January","Cirrhitichthys oxycephalus","2022",1,2000,41,0.024390243902439
"January","Coris aygula","2018",1,42500,50,0.02
"January","Coris gaimard","2012",32,76000,53,0.60377358490566
"January","Coris gaimard","2013",82,192250,66,1.24242424242424
"January","Coris gaimard","2015",90,274500,50,1.8
"January","Coris gaimard","2016",111,339000,117,0.948717948717949
"January","Coris gaimard","2017",117,358000,117,1
"January","Coris gaimard","2018",257,899000,50,5.14
"January","Coris gaimard","2019",32,164000,98,0.326530612244898
"January","Coris gaimard","2022",76,659500,41,1.85365853658537
"January","Coris gaimard","2023",155,414500,160,0.96875
"January","Coris pictoides","2013",1,1000,66,0.0151515151515152
"January","Cromileptes altivelis","2022",2,20000,41,0.0487804878048781
"January","Cryptocentrus cinctus","2022",2,6000,41,0.0487804878048781
"January","Cryptocentrus leptocephalus","2022",1,3000,41,0.024390243902439
"January","Ctenochaetus striatus","2022",32,96000,41,0.780487804878049
"January","Ctenochaetus striatus","2023",2,6000,160,0.0125
"January","Ctenochaetus tominiensis","2022",5,275000,41,0.121951219512195
"January","Ctenochaetus tominiensis","2023",1,15000,160,0.00625
"January","Ctenogobiops tangaroai","2022",6,45000,41,0.146341463414634
"January","Cyprinocirrhites polyactis","2012",3,3000,53,0.0566037735849057
"January","Cyprinocirrhites polyactus","2019",8,8000,98,0.0816326530612245
"January","Dascyllus reticulatus","2012",50,25000,53,0.943396226415094
"January","Dascyllus reticulatus","2017",5,7500,117,0.0427350427350427
"January","Dascyllus reticulatus","2018",111,81000,50,2.22
"January","Dascyllus reticulatus","2019",103,103000,98,1.05102040816327
"January","Dascyllus reticulatus","2022",76,114000,41,1.85365853658537
"January","Dascyllus trimaculatus","2012",119,72000,53,2.24528301886792
"January","Dascyllus trimaculatus","2013",75,42100,66,1.13636363636364
"January","Dascyllus trimaculatus","2015",93,108500,50,1.86
"January","Dascyllus trimaculatus","2016",266,195000,117,2.27350427350427
"January","Dascyllus trimaculatus","2017",132,152000,117,1.12820512820513
"January","Dascyllus trimaculatus","2018",45,27000,50,0.9
"January","Dascyllus trimaculatus","2019",303,306500,98,3.09183673469388
"January","Dascyllus trimaculatus","2022",34,51000,41,0.829268292682927
"January","Dascyllus trimaculatus","2023",9,6750,160,0.05625
"January","Dendrochirus biocellatus","2012",5,3750,53,0.0943396226415094
"January","Dendrochirus biocellatus","2013",1,1000,66,0.0151515151515152
"January","Dendrochirus biocellatus","2015",2,30000,50,0.04
"January","Dendrochirus biocellatus","2016",2,30000,117,0.0170940170940171
"January","Dendrochirus biocellatus","2017",2,16000,117,0.0170940170940171
"January","Dendrochirus biocellatus","2018",2,30000,50,0.04
"January","Dendrochirus biocellatus","2019",4,40000,98,0.0408163265306122
"January","Dendrochirus zebra","2015",5,12500,50,0.1
"January","Dendrochirus zebra","2016",15,22500,117,0.128205128205128
"January","Dendrochirus zebra","2017",6,6000,117,0.0512820512820513
"January","Dendrochirus zebra","2019",12,12000,98,0.122448979591837
"January","Dendrochirus zebra","2022",3,9000,41,0.0731707317073171
"January","Dendrochirus zebra","2023",5,7976.1904761905,160,0.03125
"January","Diademichthys lineatus","2022",13,39000,41,0.317073170731707
"January","Diproctacanthus xanthurus","2023",1,2000,160,0.00625
"January","Dischistodus perspicillatus","2019",75,75000,98,0.76530612244898
"January","Doryrhamphus dactyliophorus","2012",1,1500,53,0.0188679245283019
"January","Doryrhamphus dactyliophorus","2016",1,1500,117,0.00854700854700855
"January","Doryrhamphus dactyliophorus","2017",2,3000,117,0.0170940170940171
"January","Doryrhamphus dactyliophorus","2022",2,9000,41,0.0487804878048781
"January","Doryrhamphus pessuliferus","2022",1,10000,41,0.024390243902439
"January","Echidna polyzona","2019",1,10000,98,0.0102040816326531
"January","Ecsenius bicolor","2012",48,74250,53,0.905660377358491
"January","Ecsenius bicolor","2015",22,38000,50,0.44
"January","Ecsenius bicolor","2016",51,81500,117,0.435897435897436
"January","Ecsenius bicolor","2017",108,187000,117,0.923076923076923
"January","Ecsenius bicolor","2018",9,20500,50,0.18
"January","Ecsenius bicolor","2019",43,64500,98,0.438775510204082
"January","Ecsenius bicolor","2022",161,641000,41,3.92682926829268
"January","Ecsenius bicolor","2023",38,80000,160,0.2375
"January","Ecsenius midas","2016",7,16500,117,0.0598290598290598
"January","Ecsenius midas","2018",1,2000,50,0.02
"January","Ecsenius midas","2019",1,2000,98,0.0102040816326531
"January","Ecsenius namiyei","2012",8,6000,53,0.150943396226415
"January","Ecsenius namiyei","2013",2,2000,66,0.0303030303030303
"January","Exallias brevis","2012",5,8500,53,0.0943396226415094
"January","Exallias brevis","2015",9,25000,50,0.18
"January","Exallias brevis","2016",9,25000,117,0.0769230769230769
"January","Exallias brevis","2023",12,12000,160,0.075
"January","Forcipiger flavissimus","2017",3,24000,117,0.0256410256410256
"January","Forcipiger flavissimus","2022",4,70000,41,0.0975609756097561
"January","Forcipiger flavissimus","2023",2,3000,160,0.0125
"January","Genicanthus lamarck","2022",5,50000,41,0.121951219512195
"January","Gnathanodon speciosus","2016",1,2000,117,0.00854700854700855
"January","Gnathanodon speciosus","2022",1,7000,41,0.024390243902439
"January","Gomphosus varius","2015",2,3000,50,0.04
"January","Gomphosus varius","2016",5,7500,117,0.0427350427350427
"January","Gomphosus varius","2017",4,6500,117,0.0341880341880342
"January","Gomphosus varius","2018",1,2000,50,0.02
"January","Gomphosus varius","2022",1,4000,41,0.024390243902439
"January","Gomphosus varius","2023",15,15720.6818181817,160,0.09375
"January","Gymnomuraena zebra","2022",1,27500,41,0.024390243902439
"January","Gymnomuraena zebra","2023",2,5037.5,160,0.0125
"January","Halichoeres argus","2023",3,3000,160,0.01875
"January","Halichoeres biocellatus","2023",1,3000,160,0.00625
"January","Halichoeres chloropterus","2019",15,37500,98,0.153061224489796
"January","Halichoeres chrysus","2012",336,397450,53,6.33962264150943
"January","Halichoeres chrysus","2013",270,334000,66,4.09090909090909
"January","Halichoeres chrysus","2015",611,997500,50,12.22
"January","Halichoeres chrysus","2016",1326,1975000,117,11.3333333333333
"January","Halichoeres chrysus","2017",418,764000,117,3.57264957264957
"January","Halichoeres chrysus","2018",410,795000,50,8.2
"January","Halichoeres chrysus","2019",543,1202750,98,5.54081632653061
"January","Halichoeres chrysus","2022",656,1995500,41,16
"January","Halichoeres chrysus","2023",827,1761000,160,5.16875
"January","Halichoeres hortulanus","2012",26,25800,53,0.490566037735849
"January","Halichoeres hortulanus","2013",13,9750,66,0.196969696969697
"January","Halichoeres hortulanus","2015",12,17250,50,0.24
"January","Halichoeres hortulanus","2016",12,17250,117,0.102564102564103
"January","Halichoeres hortulanus","2017",26,23500,117,0.222222222222222
"January","Halichoeres hortulanus","2018",26,28500,50,0.52
"January","Halichoeres hortulanus","2019",31,26250,98,0.316326530612245
"January","Halichoeres hortulanus","2023",23,28750,160,0.14375
"January","Halichoeres marginatus","2015",46,115000,50,0.92
"January","Halichoeres marginatus","2016",46,115000,117,0.393162393162393
"January","Halichoeres marginatus","2018",16,40000,50,0.32
"January","Halichoeres marginatus","2019",4,10000,98,0.0408163265306122
"January","Halichoeres marginatus","2022",14,42000,41,0.341463414634146
"January","Halichoeres marginatus","2023",13,39000,160,0.08125
"January","Halichoeres melanurus","2015",2,2000,50,0.04
"January","Halichoeres melanurus","2016",2,2000,117,0.0170940170940171
"January","Halichoeres melanurus","2017",117,117000,117,1
"January","Halichoeres melanurus","2018",10,10000,50,0.2
"January","Halichoeres melanurus","2019",2,4000,98,0.0204081632653061
"January","Halichoeres podostigma","2022",1,2500,41,0.024390243902439
"January","Halichoeres prosopeion","2012",1,2500,53,0.0188679245283019
"January","Halichoeres prosopeion","2022",15,75000,41,0.365853658536585
"January","Hemitaurichthys polylepis","2022",3,75000,41,0.0731707317073171
"January","Hemitaurichthys polylepis","2023",1,1500,160,0.00625
"January","Heniochus acuminatus","2012",19,73000,53,0.358490566037736
"January","Heniochus acuminatus","2022",28,615000,41,0.682926829268293
"January","Heniochus acuminatus","2023",4,70000,160,0.025
"January","Heniochus chrysostomus","2022",4,34000,41,0.0975609756097561
"January","Heniochus monoceros","2015",2,35000,50,0.04
"January","Heniochus monoceros","2016",14,53000,117,0.11965811965812
"January","Heniochus monoceros","2017",15,146000,117,0.128205128205128
"January","Heniochus varius","2013",1,1250,66,0.0151515151515152
"January","Heniochus varius","2016",6,6500,117,0.0512820512820513
"January","Heniochus varius","2017",17,27500,117,0.145299145299145
"January","Heniochus varius","2018",8,13000,50,0.16
"January","Heniochus varius","2019",8,12500,98,0.0816326530612245
"January","Heniochus varius","2022",14,98000,41,0.341463414634146
"January","Heniochus varius","2023",6,6000,160,0.0375
"January","Heteractis malu","2012",1,6000,53,0.0188679245283019
"January","Hologymnosus doliatus","2022",2,5000,41,0.0487804878048781
"January","Hymenocera elegans","2022",100,2490000,41,2.4390243902439
"January","Hymenocera picta","2012",23,262500,53,0.433962264150943
"January","Iniistius pavo","2012",12,30000,53,0.226415094339623
"January","Iniistius pavo","2013",8,21750,66,0.121212121212121
"January","Iniistius pavo","2016",38,122500,117,0.324786324786325
"January","Koumansetta hectori","2022",9,36000,41,0.219512195121951
"January","Koumansetta rainfordi","2022",222,888000,41,5.41463414634146
"January","Labrichthys Unilineatus","2022",6,18000,41,0.146341463414634
"January","Labrichthys unilineatus","2017",7,7000,117,0.0598290598290598
"January","Labrichthys unilineatus","2019",15,17000,98,0.153061224489796
"January","Labroides bicolor","2012",13,74500,53,0.245283018867925
"January","Labroides bicolor","2013",9,58000,66,0.136363636363636
"January","Labroides bicolor","2015",12,114000,50,0.24
"January","Labroides bicolor","2016",13,121000,117,0.111111111111111
"January","Labroides bicolor","2017",9,82500,117,0.0769230769230769
"January","Labroides bicolor","2018",29,272000,50,0.58
"January","Labroides bicolor","2019",10,86000,98,0.102040816326531
"January","Labroides bicolor","2022",33,475000,41,0.804878048780488
"January","Labroides bicolor","2023",23,133797.177419355,160,0.14375
"January","Labroides dimidiatus","2012",42,34500,53,0.792452830188679
"January","Labroides dimidiatus","2013",141,141000,66,2.13636363636364
"January","Labroides dimidiatus","2015",184,221000,50,3.68
"January","Labroides dimidiatus","2016",452,489000,117,3.86324786324786
"January","Labroides dimidiatus","2017",208,271500,117,1.77777777777778
"January","Labroides dimidiatus","2018",108,115000,50,2.16
"January","Labroides dimidiatus","2019",253,268500,98,2.58163265306122
"January","Labroides dimidiatus","2022",686,1372000,41,16.7317073170732
"January","Labroides dimidiatus","2023",374,237516.73,160,2.3375
"January","Labroides pectoralis","2022",4,52500,41,0.0975609756097561
"January","Labroides rubrolabiatus","2012",2,8000,53,0.0377358490566038
"January","Labroides rubrolabiatus","2016",3,12000,117,0.0256410256410256
"January","Labroides rubrolabiatus","2017",3,25000,117,0.0256410256410256
"January","Labroides rubrolabiatus","2018",1,10000,50,0.02
"January","Labroides rubrolabiatus","2019",2,16000,98,0.0204081632653061
"January","Labroides rubrolabiatus","2023",1,5000,160,0.00625
"January","Labropsis alleni","2013",1,2000,66,0.0151515151515152
"January","Labropsis alleni","2017",1,10000,117,0.00854700854700855
"January","Lactoria cornuta","2012",6,24000,53,0.113207547169811
"January","Lysmata amboinensis","2012",188,667500,53,3.54716981132075
"January","Lysmata amboinensis","2013",131,676500,66,1.98484848484848
"January","Lysmata amboinensis","2016",98,727000,117,0.837606837606838
"January","Lysmata amboinensis","2018",20,220000,50,0.4
"January","Lysmata amboinensis","2019",16,189000,98,0.163265306122449
"January","Lysmata amboinensis","2022",56,834000,41,1.36585365853659
"January","Lysmata amboinensis","2023",881,3510000,160,5.50625
"January","Lysmata debelius","2013",2,7000,66,0.0303030303030303
"January","Lysmata debelius","2016",4,30000,117,0.0341880341880342
"January","Lysmata debelius","2019",3,45000,98,0.0306122448979592
"January","Lysmata debelius","2023",1,15000,160,0.00625
"January","Macolor niger","2012",1,1500,53,0.0188679245283019
"January","Macolor niger","2017",5,15500,117,0.0427350427350427
"January","Macolor niger","2019",1,5000,98,0.0102040816326531
"January","Macolor niger","2023",1,26100,160,0.00625
"January","Macropharyngodon meleagris","2012",32,30150,53,0.60377358490566
"January","Macropharyngodon meleagris","2013",92,81750,66,1.39393939393939
"January","Macropharyngodon meleagris","2015",98,140000,50,1.96
"January","Macropharyngodon meleagris","2016",196,238000,117,1.67521367521368
"January","Macropharyngodon meleagris","2017",182,211000,117,1.55555555555556
"January","Macropharyngodon meleagris","2018",92,151000,50,1.84
"January","Macropharyngodon meleagris","2019",149,185000,98,1.52040816326531
"January","Macropharyngodon meleagris","2023",199,298500,160,1.24375
"January","Macropharyngodon negrosensis","2012",7,7000,53,0.132075471698113
"January","Macropharyngodon negrosensis","2013",9,9000,66,0.136363636363636
"January","Macropharyngodon negrosensis","2015",12,13500,50,0.24
"January","Macropharyngodon negrosensis","2016",26,27500,117,0.222222222222222
"January","Macropharyngodon negrosensis","2017",10,10500,117,0.0854700854700855
"January","Macropharyngodon negrosensis","2018",40,57000,50,0.8
"January","Macropharyngodon negrosensis","2019",8,12000,98,0.0816326530612245
"January","Macropharyngodon negrosensis","2022",27,87500,41,0.658536585365854
"January","Macropharyngodon negrosensis","2023",4,6000,160,0.025
"January","Macropharyngodon ornatus","2022",54,172500,41,1.31707317073171
"January","Macropharyngodon ornatus","2023",4,12000,160,0.025
"January","Malacanthus latovittatus","2015",1,1500,50,0.02
"January","Malacanthus latovittatus","2016",1,1500,117,0.00854700854700855
"January","Malacanthus latovittatus","2018",1,2000,50,0.02
"January","Malacanthus latovittatus","2019",15,30000,98,0.153061224489796
"January","Meiacanthus atrodorsalis","2022",66,261000,41,1.60975609756098
"January","Meiacanthus atrodorsalis","2023",1,3000,160,0.00625
"January","Meiacanthus grammistes","2012",1,2000,53,0.0188679245283019
"January","Meiacanthus grammistes","2015",4,8000,50,0.08
"January","Meiacanthus grammistes","2016",4,8000,117,0.0341880341880342
"January","Meiacanthus grammistes","2017",13,13000,117,0.111111111111111
"January","Meiacanthus grammistes","2018",21,21000,50,0.42
"January","Meiacanthus grammistes","2019",3,3000,98,0.0306122448979592
"January","Meiacanthus grammistes","2022",32,96000,41,0.780487804878049
"January","Meiacanthus grammistes","2023",3,3750,160,0.01875
"January","Meiacanthus smithii","2012",9,9000,53,0.169811320754717
"January","Meiacanthus smithii","2022",33,99000,41,0.804878048780488
"January","Meiacanthus smithii","2023",40,50000,160,0.25
"January","Melichthys vidua","2013",7,24500,66,0.106060606060606
"January","Melichthys vidua","2017",2,7000,117,0.0170940170940171
"January","Melichthys vidua","2019",1,3500,98,0.0102040816326531
"January","Melichthys vidua","2022",4,40000,41,0.0975609756097561
"January","Melichthys vidua","2023",4,6772.92307692308,160,0.025
"January","Monacanthus chinensis","2015",11,24000,50,0.22
"January","Monacanthus chinensis","2016",19,30000,117,0.162393162393162
"January","Monacanthus chinensis","2017",9,7750,117,0.0769230769230769
"January","Monacanthus chinensis","2018",7,17500,50,0.14
"January","Monacanthus chinensis","2019",1,2500,98,0.0102040816326531
"January","Monacanthus chinensis","2023",12,12000,160,0.075
"January","Myripristis Sp.","2022",2,6000,41,0.0487804878048781
"January","Naso Lopezi","2022",1,3000,41,0.024390243902439
"January","Naso lituratus","2013",2,9000,66,0.0303030303030303
"January","Naso lituratus","2015",4,19000,50,0.08
"January","Naso lituratus","2016",15,51000,117,0.128205128205128
"January","Naso lituratus","2017",78,361000,117,0.666666666666667
"January","Naso lituratus","2018",5,30500,50,0.1
"January","Naso lituratus","2019",6,41000,98,0.0612244897959184
"January","Naso lituratus","2022",28,254000,41,0.682926829268293
"January","Naso lituratus","2023",100,4e+05,160,0.625
"January","Naso unicornis","2016",1,3000,117,0.00854700854700855
"January","Naso unicornis","2018",1,3000,50,0.02
"January","Naso unicornis","2019",13,21000,98,0.13265306122449
"January","Naso unicornis","2023",3,12000,160,0.01875
"January","Naso vlamingii","2022",16,154000,41,0.390243902439024
"January","Naso vlamingii","2023",3,12000,160,0.01875
"January","Nemateleotris magnifica","2015",1,6000,50,0.02
"January","Nemateleotris magnifica","2016",3,19000,117,0.0256410256410256
"January","Nemateleotris magnifica","2017",2,16000,117,0.0170940170940171
"January","Nemateleotris magnifica","2019",1,8000,98,0.0102040816326531
"January","Nemateleotris magnifica","2022",2,32000,41,0.0487804878048781
"January","Neoglyphidodon crossi","2013",3,3000,66,0.0454545454545455
"January","Neoglyphidodon crossi","2015",7,9000,50,0.14
"January","Neoglyphidodon crossi","2016",12,14000,117,0.102564102564103
"January","Neoglyphidodon crossi","2017",667,724000,117,5.7008547008547
"January","Neoglyphidodon crossi","2018",4,8000,50,0.08
"January","Neoglyphidodon crossi","2019",4,4500,98,0.0408163265306122
"January","Neoglyphidodon crossi","2022",27,81000,41,0.658536585365854
"January","Neoglyphidodon crossi","2023",22,22000,160,0.1375
"January","Neoglyphidodon melas","2013",7,7000,66,0.106060606060606
"January","Neoglyphidodon melas","2016",1,1000,117,0.00854700854700855
"January","Neoglyphidodon melas","2017",1,1000,117,0.00854700854700855
"January","Neoglyphidodon melas","2018",1,1000,50,0.02
"January","Neoglyphidodon melas","2022",1,2500,41,0.024390243902439
"January","Neoglyphidodon nigroris","2015",1,2000,50,0.02
"January","Neoglyphidodon nigroris","2016",1,2000,117,0.00854700854700855
"January","Neoglyphidodon nigroris","2022",7,21000,41,0.170731707317073
"January","Neoglyphidodon oxyodon","2022",15,37500,41,0.365853658536585
"January","Neopenrolisthes maculata","2012",4,4750,53,0.0754716981132075
"January","Neopenrolisthes maculata","2013",1,1000,66,0.0151515151515152
"January","Neopenrolisthes maculata","2016",13,16500,117,0.111111111111111
"January","Neopenrolisthes maculata","2018",4,4000,50,0.08
"January","Neopenrolisthes maculata","2019",10,10000,98,0.102040816326531
"January","Neopetrolisthes ohshimai","2022",19,57000,41,0.463414634146341
"January","Neopetrolisthes ohshimai","2023",1,2500,160,0.00625
"January","Novaculichthys taeniourus","2018",34,120000,50,0.68
"January","Novaculichthys taeniourus","2019",8,32000,98,0.0816326530612245
"January","Novaculichthys taeniourus","2022",6,46000,41,0.146341463414634
"January","Novaculichthys taeniourus","2023",6,9000,160,0.0375
"January","Octopus cyanea","2022",1,3000,41,0.024390243902439
"January","Odontodactylus scyllarus","2012",36,72000,53,0.679245283018868
"January","Odontodactylus scyllarus","2013",9,22500,66,0.136363636363636
"January","Odontodactylus scyllarus","2018",5,12500,50,0.1
"January","Odontodactylus scyllarus","2019",2,5000,98,0.0204081632653061
"January","Odonus niger","2013",13,26000,66,0.196969696969697
"January","Odonus niger","2017",220,439000,117,1.88034188034188
"January","Odonus niger","2018",15,40000,50,0.3
"January","Odonus niger","2019",17,32000,98,0.173469387755102
"January","Odonus niger","2022",5,25000,41,0.121951219512195
"January","Odonus niger","2023",7,2356.66666666667,160,0.04375
"January","Opistognathus randalli","2022",74,222000,41,1.80487804878049
"January","Ostracion cubicus","2022",17,153000,41,0.414634146341463
"January","Ostracion cubicus","2023",1,3000,160,0.00625
"January","Ostracion meleagris","2012",14,49000,53,0.264150943396226
"January","Ostracion meleagris","2022",7,63000,41,0.170731707317073
"January","Ostracion meleagris","2023",3,24000,160,0.01875
"January","Ostracion solorensis","2015",5,42000,50,0.1
"January","Ostracion solorensis","2016",5,42000,117,0.0427350427350427
"January","Ostracion solorensis","2017",2,17000,117,0.0170940170940171
"January","Ostracion solorensis","2018",33,208000,50,0.66
"January","Ostracion solorensis","2019",76,417000,98,0.775510204081633
"January","Oxycirrhites typus","2016",1,15000,117,0.00854700854700855
"January","Oxymonacanthus longirostris","2018",1,3000,50,0.02
"January","Oxymonacanthus longirostris","2022",4,20000,41,0.0975609756097561
"January","Oxymonacanthus longirostris","2023",1,1000,160,0.00625
"January","Paguristes species","2022",48,192000,41,1.17073170731707
"January","Paguristes species","2023",14,56000,160,0.0875
"January","Panulirus versicolor","2012",7,14192.3076923077,53,0.132075471698113
"January","Panulirus versicolor","2013",1,2500,66,0.0151515151515152
"January","Paracanthurus hepatus","2012",2,12000,53,0.0377358490566038
"January","Paracanthurus hepatus","2022",1,45000,41,0.024390243902439
"January","Paracentropyge multifasciatus","2012",1,3000,53,0.0188679245283019
"January","Parachaetodon ocellatus","2022",2,7000,41,0.0487804878048781
"January","Paracheilinus carpenteri","2022",103,358500,41,2.51219512195122
"January","Paracheilinus carpenteri","2023",43,64500,160,0.26875
"January","Paracheilinus filamentosus","2022",17,59500,41,0.414634146341463
"January","Paracheilinus mccoskeri","2012",17,17000,53,0.320754716981132
"January","Paracheilinus mccoskeri","2013",8,8250,66,0.121212121212121
"January","Paracheilinus mccoskeri","2016",516,646500,117,4.41025641025641
"January","Paracheilinus mccoskeri","2018",10,11000,50,0.2
"January","Paracheilinus mccoskeri","2019",28,29000,98,0.285714285714286
"January","Paracirrhites arcatus","2012",63,69206.5217391304,53,1.18867924528302
"January","Paracirrhites arcatus","2013",17,17000,66,0.257575757575758
"January","Paracirrhites arcatus","2022",2,6000,41,0.0487804878048781
"January","Paracirrhites arcatus","2023",3,9000,160,0.01875
"January","Paracirrhites arcuatus","2015",6,9000,50,0.12
"January","Paracirrhites arcuatus","2016",6,9000,117,0.0512820512820513
"January","Paracirrhites arcuatus","2017",17,17500,117,0.145299145299145
"January","Paracirrhites arcuatus","2018",13,13500,50,0.26
"January","Paracirrhites arcuatus","2019",41,41500,98,0.418367346938776
"January","Paracirrhites forsteri","2022",1,2500,41,0.024390243902439
"January","Paraluteres prionurus","2022",26,78000,41,0.634146341463415
"January","Paraluteres prionurus","2023",3,9000,160,0.01875
"January","Parapercis schuinslandi","2016",32,40000,117,0.273504273504274
"January","Parupeneus cyclostomus","2012",1,4000,53,0.0188679245283019
"January","Parupeneus cyclostomus","2017",1,2500,117,0.00854700854700855
"January","Parupeneus cyclostomus","2022",1,5000,41,0.024390243902439
"January","Parupeneus multifasciatus","2023",1,2000,160,0.00625
"January","Parupeneus rubescens","2013",8,6000,66,0.121212121212121
"January","Parupeneus rubescens","2017",15,16000,117,0.128205128205128
"January","Parupeneus rubescens","2018",2,4000,50,0.04
"January","Periclimenes brevicarpalis","2012",1,1000,53,0.0188679245283019
"January","Periclimenes brevicarpalis","2013",4,4000,66,0.0606060606060606
"January","Periclimenes brevicarpalis","2018",2,2000,50,0.04
"January","Periclimenes brevicarpalis","2019",4,4000,98,0.0408163265306122
"January","Periclimenes brevicarpalis","2022",11,26500,41,0.268292682926829
"January","Pervagor Janthinosoma","2016",6,12000,117,0.0512820512820513
"January","Pervagor Janthinosoma","2018",1,1500,50,0.02
"January","Pervagor Janthinosoma","2019",7,8000,98,0.0714285714285714
"January","Pervagor janthinosoma","2012",11,18045.4545454545,53,0.207547169811321
"January","Pervagor janthinosoma","2023",12,18000,160,0.075
"January","Pervagor melanosoma","2022",8,29000,41,0.195121951219512
"January","Plagiotremus laudandus","2013",6,6000,66,0.0909090909090909
"January","Plagiotremus ludandus","2016",35,41000,117,0.299145299145299
"January","Plagiotremus ludandus","2018",4,8000,50,0.08
"January","Plagiotremus ludandus","2019",54,64000,98,0.551020408163265
"January","Plagiotremus rhinorhynchos","2022",20,40000,41,0.48780487804878
"January","Platax orbicularis","2022",19,133000,41,0.463414634146341
"January","Platax pinnatus","2022",10,5e+05,41,0.24390243902439
"January","Platax teira","2013",1,3000,66,0.0151515151515152
"January","Platax teira","2022",5,35000,41,0.121951219512195
"January","Platax tiera","2015",1,3000,50,0.02
"January","Platax tiera","2016",1,3000,117,0.00854700854700855
"January","Plectorhinchus chaetodonoides","2016",1,1000,117,0.00854700854700855
"January","Plectorhinchus chaetodonoides","2017",2,3500,117,0.0170940170940171
"January","Plectorhinchus chaetodonoides","2018",1,2500,50,0.02
"January","Plectorhinchus chaetodonoides","2019",2,10000,98,0.0204081632653061
"January","Plectorhinchus chaetodonoides","2022",27,326500,41,0.658536585365854
"January","Plectorhinchus chaetonoides","2012",1,5000,53,0.0188679245283019
"January","Plectorhinchus diagrammus","2012",1,5354.16666666667,53,0.0188679245283019
"January","Plectorhinchus diagrammus","2013",1,1500,66,0.0151515151515152
"January","Plectorhinchus diagrammus","2022",7,28000,41,0.170731707317073
"January","Plectorhinchus diagrammus","2023",1,502.25,160,0.00625
"January","Plectorhinchus orientalis","2012",3,6442.70833333333,53,0.0566037735849057
"January","Plectorhinchus orientalis","2016",12,24000,117,0.102564102564103
"January","Plectorhinchus orientalis","2017",38,76500,117,0.324786324786325
"January","Plectorhinchus orientalis","2018",10,23500,50,0.2
"January","Plectorhinchus orientalis","2019",9,19500,98,0.0918367346938776
"January","Plectorhinchus orientalis","2022",15,71000,41,0.365853658536585
"January","Plectorhinchus orientalis","2023",100,133466.666666667,160,0.625
"January","Plectorhincus diagrammus","2016",4,5000,117,0.0341880341880342
"January","Plectorhincus diagrammus","2019",15,22500,98,0.153061224489796
"January","Plectranthias inermis","2022",17,297500,41,0.414634146341463
"January","Plectroglyphidodon dickii","2022",1,1500,41,0.024390243902439
"January","Pomacanthus Imperator","2016",29,522000,117,0.247863247863248
"January","Pomacanthus Imperator","2018",15,247500,50,0.3
"January","Pomacanthus Imperator","2019",23,780000,98,0.23469387755102
"January","Pomacanthus imperator","2012",4,50000,53,0.0754716981132075
"January","Pomacanthus imperator","2013",11,379000,66,0.166666666666667
"January","Pomacanthus imperator","2022",15,540000,41,0.365853658536585
"January","Pomacanthus imperator","2023",19,594250,160,0.11875
"January","Pomacanthus semicirculatus","2022",7,125000,41,0.170731707317073
"January","Pomacanthus sexstriatus","2022",7,67500,41,0.170731707317073
"January","Pomacanthus xanthometopon","2022",2,130000,41,0.0487804878048781
"January","Pomacentrus auriventris","2015",497,350500,50,9.94
"January","Pomacentrus auriventris","2016",652,438000,117,5.57264957264957
"January","Pomacentrus auriventris","2017",500,350000,117,4.27350427350427
"January","Pomacentrus auriventris","2018",180,140000,50,3.6
"January","Pomacentrus auriventris","2019",276,384000,98,2.81632653061224
"January","Pomacentrus auriventris","2022",90,135000,41,2.19512195121951
"January","Pomacentrus auriventris","2023",23,34500,160,0.14375
"January","Pomacentrus bankanensis","2015",121,181500,50,2.42
"January","Pomacentrus bankanensis","2016",121,181500,117,1.03418803418803
"January","Pomacentrus bankanensis","2017",79,118500,117,0.675213675213675
"January","Pomacentrus bankanensis","2018",116,174000,50,2.32
"January","Pomacentrus bankanensis","2019",34,51000,98,0.346938775510204
"January","Pomacentrus bankanensis","2022",95,142500,41,2.31707317073171
"January","Pomacentrus bankanensis","2023",5,7500,160,0.03125
"January","Pomacentrus coelestis","2023",100,75000,160,0.625
"January","Pomacentrus moluccensis","2015",14,21000,50,0.28
"January","Pomacentrus moluccensis","2016",14,21000,117,0.11965811965812
"January","Pomacentrus moluccensis","2018",2,3000,50,0.04
"January","Pomacentrus pavo","2018",50,75000,50,1
"January","Pomacentrus smithi","2018",5,5000,50,0.1
"January","Pomacentrus smithi","2019",2,2000,98,0.0204081632653061
"January","Premnas biaculeatus","2015",2,5000,50,0.04
"January","Premnas biaculeatus","2016",2,5000,117,0.0170940170940171
"January","Premnas biaculeatus","2022",20,60000,41,0.48780487804878
"January","Pseudanthias cooperi","2013",18,18000,66,0.272727272727273
"January","Pseudanthias dispar","2012",1640,1245000,53,30.9433962264151
"January","Pseudanthias dispar","2013",293,293000,66,4.43939393939394
"January","Pseudanthias dispar","2015",774,1121250,50,15.48
"January","Pseudanthias dispar","2016",1874,2221250,117,16.017094017094
"January","Pseudanthias dispar","2017",1226,2451000,117,10.4786324786325
"January","Pseudanthias dispar","2018",190,380000,50,3.8
"January","Pseudanthias dispar","2019",486,972000,98,4.95918367346939
"January","Pseudanthias dispar","2022",173,432500,41,4.21951219512195
"January","Pseudanthias dispar","2023",1507,3028000,160,9.41875
"January","Pseudanthias evansi","2012",3,7000,53,0.0566037735849057
"January","Pseudanthias huchtii","2012",40,20000,53,0.754716981132076
"January","Pseudanthias huchtii","2015",136,244500,50,2.72
"January","Pseudanthias huchtii","2016",136,244500,117,1.16239316239316
"January","Pseudanthias huchtii","2017",98,135000,117,0.837606837606838
"January","Pseudanthias huchtii","2018",59,81750,50,1.18
"January","Pseudanthias huchtii","2019",99,135500,98,1.01020408163265
"January","Pseudanthias huchtii","2022",119,256500,41,2.90243902439024
"January","Pseudanthias huchtii","2023",99,122737.490291262,160,0.61875
"January","Pseudanthias hypselosoma","2012",98,100950,53,1.84905660377358
"January","Pseudanthias hypselosoma","2015",41,57500,50,0.82
"January","Pseudanthias hypselosoma","2016",597,615750,117,5.1025641025641
"January","Pseudanthias hypselosoma","2017",198,228000,117,1.69230769230769
"January","Pseudanthias hypselosoma","2018",64,107750,50,1.28
"January","Pseudanthias hypselosoma","2019",141,226079.081632653,98,1.43877551020408
"January","Pseudanthias luzonensis","2012",28,62000,53,0.528301886792453
"January","Pseudanthias luzonensis","2013",36,101000,66,0.545454545454545
"January","Pseudanthias pleurotaenia","2018",7,19000,50,0.14
"January","Pseudanthias pleurotaenia","2022",2,14000,41,0.0487804878048781
"January","Pseudanthias pleurotaenia","2023",3,6003,160,0.01875
"January","Pseudanthias squamipinnis","2022",234,585000,41,5.70731707317073
"January","Pseudanthias squamipinnis","2023",274,122843.896428572,160,1.7125
"January","Pseudanthias tuka","2013",115,220250,66,1.74242424242424
"January","Pseudanthias tuka","2015",1,4000,50,0.02
"January","Pseudanthias tuka","2016",1,4000,117,0.00854700854700855
"January","Pseudanthias tuka","2017",51,196000,117,0.435897435897436
"January","Pseudanthias tuka","2018",6,24000,50,0.12
"January","Pseudanthias tuka","2019",20,81000,98,0.204081632653061
"January","Pseudanthias tuka","2022",25,128000,41,0.609756097560976
"January","Pseudanthias tuka","2023",2,4000,160,0.0125
"January","Pseudechidna brummeri","2022",5,35000,41,0.121951219512195
"January","Pseudocheilinus evanidus","2012",17,14000,53,0.320754716981132
"January","Pseudocheilinus evanidus","2013",14,11500,66,0.212121212121212
"January","Pseudocheilinus evanidus","2015",25,46000,50,0.5
"January","Pseudocheilinus evanidus","2016",38,59000,117,0.324786324786325
"January","Pseudocheilinus evanidus","2017",23,22250,117,0.196581196581197
"January","Pseudocheilinus evanidus","2018",34,34000,50,0.68
"January","Pseudocheilinus evanidus","2019",91,99000,98,0.928571428571429
"January","Pseudocheilinus evanidus","2023",39,50000,160,0.24375
"January","Pseudocheilinus hexataenia","2012",242,426200,53,4.56603773584906
"January","Pseudocheilinus hexataenia","2013",464,898600,66,7.03030303030303
"January","Pseudocheilinus hexataenia","2015",483,1204000,50,9.66
"January","Pseudocheilinus hexataenia","2016",962,2085000,117,8.22222222222222
"January","Pseudocheilinus hexataenia","2017",792,1789000,117,6.76923076923077
"January","Pseudocheilinus hexataenia","2018",409,1065000,50,8.18
"January","Pseudocheilinus hexataenia","2019",895,2771500,98,9.13265306122449
"January","Pseudocheilinus hexataenia","2022",418,1463000,41,10.1951219512195
"January","Pseudocheilinus hexataenia","2023",845,2577000,160,5.28125
"January","Pseudochromis paccagnellae","2012",1,1000,53,0.0188679245283019
"January","Pseudochromis paccagnellae","2016",1,1000,117,0.00854700854700855
"January","Pseudochromis paccagnellae","2017",4,4000,117,0.0341880341880342
"January","Pseudochromis paccagnellae","2022",134,469000,41,3.26829268292683
"January","Pseudochromis paccagnellae","2023",1,1500,160,0.00625
"January","Pseudocoris yamashiroi","2022",2,4000,41,0.0487804878048781
"January","Pseudorhombus cinnamoneus","2022",4,12000,41,0.0975609756097561
"January","Ptereleotris evides","2012",42,50950,53,0.792452830188679
"January","Ptereleotris evides","2015",112,175500,50,2.24
"January","Ptereleotris evides","2016",173,267000,117,1.47863247863248
"January","Ptereleotris evides","2017",105,241500,117,0.897435897435897
"January","Ptereleotris evides","2018",28,42000,50,0.56
"January","Ptereleotris evides","2019",57,94500,98,0.581632653061224
"January","Ptereleotris evides","2022",38,163500,41,0.926829268292683
"January","Ptereleotris evides","2023",7,14000,160,0.04375
"January","Ptereleotris hanae","2012",1,1500,53,0.0188679245283019
"January","Ptereleotris heteroptera","2012",3,4500,53,0.0566037735849057
"January","Ptereleotris heteroptera","2013",13,19500,66,0.196969696969697
"January","Ptereleotris heteroptera","2022",10,40000,41,0.24390243902439
"January","Ptereleotris heteropterus","2016",8,12000,117,0.0683760683760684
"January","Ptereleotris heteropterus","2018",11,24500,50,0.22
"January","Ptereleotris heteropterus","2023",5,12500,160,0.03125
"January","Ptereleotris microlepis","2015",4,6000,50,0.08
"January","Ptereleotris microlepis","2016",8,10000,117,0.0683760683760684
"January","Ptereleotris microlepis","2017",20,20000,117,0.170940170940171
"January","Ptereleotris microlepis","2018",14,14000,50,0.28
"January","Ptereleotris microlepis","2023",1,3000,160,0.00625
"January","Ptereleotris zebra","2013",56,97250,66,0.848484848484849
"January","Ptereleotris zebra","2015",5,8750,50,0.1
"January","Ptereleotris zebra","2016",15,26250,117,0.128205128205128
"January","Ptereleotris zebra","2017",5,12500,117,0.0427350427350427
"January","Ptereleotris zebra","2018",1,1500,50,0.02
"January","Pterois antennata","2012",15,19450,53,0.283018867924528
"January","Pterois antennata","2015",10,21000,50,0.2
"January","Pterois antennata","2016",20,36000,117,0.170940170940171
"January","Pterois antennata","2017",34,60000,117,0.290598290598291
"January","Pterois antennata","2018",12,27000,50,0.24
"January","Pterois antennata","2019",49,93000,98,0.5
"January","Pterois antennata","2022",21,105000,41,0.51219512195122
"January","Pterois antennata","2023",132,198000,160,0.825
"January","Pterois radiata","2012",6,42000,53,0.113207547169811
"January","Pterois radiata","2015",2,23000,50,0.04
"January","Pterois radiata","2016",2,23000,117,0.0170940170940171
"January","Pterois radiata","2017",4,39000,117,0.0341880341880342
"January","Pterois radiata","2018",4,55000,50,0.08
"January","Pterois radiata","2019",1,15000,98,0.0102040816326531
"January","Pterois radiata","2022",3,50000,41,0.0731707317073171
"January","Pterois radiata","2023",7,75000,160,0.04375
"January","Pterois volitans","2012",1,7000,53,0.0188679245283019
"January","Pterois volitans","2016",2,16000,117,0.0170940170940171
"January","Pterois volitans","2018",2,20000,50,0.04
"January","Pterois volitans","2019",4,40000,98,0.0408163265306122
"January","Pterois volitans","2022",4,70000,41,0.0975609756097561
"January","Pterois volitans","2023",7,105000,160,0.04375
"January","Pygoplites diacanthus","2012",2,30000,53,0.0377358490566038
"January","Pygoplites diacanthus","2019",4,60000,98,0.0408163265306122
"January","Pygoplites diacanthus","2022",15,6e+05,41,0.365853658536585
"January","Pygoplites diacanthus","2023",1,9014,160,0.00625
"January","Rhinchocinetes durbanensis","2016",930,697500,117,7.94871794871795
"January","Rhinchocinetes durbanensis","2019",25,25000,98,0.255102040816327
"January","Rhinecanthus aculeatus","2022",1,10000,41,0.024390243902439
"January","Rhinecanthus verrucosus","2013",4,4000,66,0.0606060606060606
"January","Rhinecanthus verrucosus","2016",15,15000,117,0.128205128205128
"January","Rhinecanthus verrucosus","2017",19,19000,117,0.162393162393162
"January","Rhinecanthus verrucosus","2018",5,5000,50,0.1
"January","Rhinecanthus verrucosus","2019",29,29000,98,0.295918367346939
"January","Rhinecanthus verrucosus","2022",35,105000,41,0.853658536585366
"January","Rhinomuraena quaesita","2012",3,18000,53,0.0566037735849057
"January","Rhinomuraena quaesita","2013",1,7000,66,0.0151515151515152
"January","Rhinomuraena quaesita","2023",5,105000,160,0.03125
"January","Rhinomuraena quesita","2018",1,10000,50,0.02
"January","Rhinomuraena quesita","2019",10,1e+05,98,0.102040816326531
"January","Rhynchocinetes durbanensis","2013",16,11200,66,0.242424242424242
"January","Rhynchocinetes durbanensis","2022",45,90000,41,1.09756097560976
"January","Rhynchocinetes durbanensis","2023",321,321000,160,2.00625
"January","Salarias ceramensis","2022",3,19500,41,0.0731707317073171
"January","Salarias fasciatus","2012",1,1000,53,0.0188679245283019
"January","Salarias fasciatus","2015",61,61000,50,1.22
"January","Salarias fasciatus","2016",73,73000,117,0.623931623931624
"January","Salarias fasciatus","2017",75,75000,117,0.641025641025641
"January","Salarias fasciatus","2019",46,46000,98,0.469387755102041
"January","Salarias fasciatus","2022",30,90000,41,0.731707317073171
"January","Salarias fasciatus","2023",41,40529.4409937888,160,0.25625
"January","Salarias segmentatus","2022",85,425000,41,2.07317073170732
"January","Siganus corallinus","2022",2,8000,41,0.0487804878048781
"January","Siganus spinus","2022",1,3000,41,0.024390243902439
"January","Siganus vulpinus","2019",3,7500,98,0.0306122448979592
"January","Siganus vulpinus","2022",1,6000,41,0.024390243902439
"January","Signigobius biocellatus","2022",42,357000,41,1.02439024390244
"January","Stenopus Hispodus","2016",32,32000,117,0.273504273504274
"January","Stenopus Hispodus","2018",2,2000,50,0.04
"January","Stenopus Hispodus","2019",15,19000,98,0.153061224489796
"January","Stenopus hispidus","2022",2,4000,41,0.0487804878048781
"January","Stenopus hispidus","2023",13,13000,160,0.08125
"January","Stenopus hispodus","2012",3,2250,53,0.0566037735849057
"January","Stenopus hispodus","2013",10,11000,66,0.151515151515152
"January","Stenopus tenuirostris","2022",4,40000,41,0.0975609756097561
"January","Stethojulis bandanensis","2015",2,2500,50,0.04
"January","Stethojulis bandanensis","2016",12,12500,117,0.102564102564103
"January","Stethojulis bandanensis","2017",13,19500,117,0.111111111111111
"January","Stethojulis bandanensis","2018",1,2000,50,0.02
"January","Stonogobiops nematodes","2022",119,892500,41,2.90243902439024
"January","Sufflamen bursa","2012",2,4000,53,0.0377358490566038
"January","Sufflamen chrysopterus","2015",4,12000,50,0.08
"January","Sufflamen chrysopterus","2016",4,12000,117,0.0341880341880342
"January","Sufflamen chrysopterus","2017",1,1000,117,0.00854700854700855
"January","Sufflamen chrysopterus","2018",4,12000,50,0.08
"January","Sufflamen chrysopterus","2019",10,10000,98,0.102040816326531
"January","Synchiropus ocellatus","2012",26,43000,53,0.490566037735849
"January","Synchiropus ocellatus","2013",16,16000,66,0.242424242424242
"January","Synchiropus ocellatus","2015",4,8500,50,0.08
"January","Synchiropus ocellatus","2016",31,41750,117,0.264957264957265
"January","Synchiropus ocellatus","2017",46,64500,117,0.393162393162393
"January","Synchiropus ocellatus","2018",9,15000,50,0.18
"January","Synchiropus ocellatus","2019",46,46000,98,0.469387755102041
"January","Synchiropus ocellatus","2022",185,740000,41,4.51219512195122
"January","Synchiropus picturatus","2023",82,123000,160,0.5125
"January","Synchiropus splendidus","2022",4,28000,41,0.0975609756097561
"January","Synchiropus splendidus var.","2022",2,12000,41,0.0487804878048781
"January","Taenianotus triacanthus","2017",1,3000,117,0.00854700854700855
"January","Taenianotus triacanthus","2018",1,4000,50,0.02
"January","Thalassoma amblycephalum","2012",9,9000,53,0.169811320754717
"January","Thalassoma amblycephalum","2013",3,3000,66,0.0454545454545455
"January","Thalassoma amblycephalum","2016",8,22000,117,0.0683760683760684
"January","Thalassoma amblycephalum","2018",8,12000,50,0.16
"January","Thalassoma amblycephalum","2019",2,6000,98,0.0204081632653061
"January","Thalassoma amblycephalum","2022",1,3000,41,0.024390243902439
"January","Thalassoma amblycephalum","2023",2,6000,160,0.0125
"January","Thalassoma lunare","2012",12,8500,53,0.226415094339623
"January","Thalassoma lunare","2015",11,29000,50,0.22
"January","Thalassoma lunare","2016",11,29000,117,0.094017094017094
"January","Thalassoma lunare","2017",8,14000,117,0.0683760683760684
"January","Thalassoma lunare","2018",9,17000,50,0.18
"January","Thalassoma lunare","2019",1,3000,98,0.0102040816326531
"January","Valenciennea helsdingenii","2012",12,15000,53,0.226415094339623
"January","Valenciennea helsdingenii","2016",16,24000,117,0.136752136752137
"January","Valenciennea helsdingenii","2017",2,3000,117,0.0170940170940171
"January","Valenciennea helsdingenii","2018",5,8750,50,0.1
"January","Valenciennea helsdingenii","2019",92,184000,98,0.938775510204082
"January","Valenciennea helsdingenii","2023",2,5000,160,0.0125
"January","Valenciennea puellaris","2012",38,47400,53,0.716981132075472
"January","Valenciennea puellaris","2013",22,33000,66,0.333333333333333
"January","Valenciennea puellaris","2015",42,90000,50,0.84
"January","Valenciennea puellaris","2016",181,278700,117,1.54700854700855
"January","Valenciennea puellaris","2017",458,687500,117,3.91452991452991
"January","Valenciennea puellaris","2018",84,163500,50,1.68
"January","Valenciennea puellaris","2019",371,742500,98,3.78571428571429
"January","Valenciennea puellaris","2022",84,343500,41,2.04878048780488
"January","Valenciennea puellaris","2023",234,474000,160,1.4625
"January","Valenciennea sexguttata","2012",4,4000,53,0.0754716981132075
"January","Valenciennea sexguttata","2013",3,3750,66,0.0454545454545455
"January","Valenciennea sexguttata","2015",12,12000,50,0.24
"January","Valenciennea sexguttata","2016",26,26000,117,0.222222222222222
"January","Valenciennea sexguttata","2017",75,76750,117,0.641025641025641
"January","Valenciennea sexguttata","2018",13,19500,50,0.26
"January","Valenciennea sexguttata","2019",115,172500,98,1.1734693877551
"January","Valenciennea sexguttata","2022",186,558000,41,4.53658536585366
"January","Valenciennea sexguttata","2023",3,5500,160,0.01875
"January","Valenciennea strigata","2012",217,260926.878612717,53,4.09433962264151
"January","Valenciennea strigata","2013",42,62500,66,0.636363636363636
"January","Valenciennea strigata","2016",132,213000,117,1.12820512820513
"January","Valenciennea strigata","2018",30,60000,50,0.6
"January","Valenciennea strigata","2019",13,26000,98,0.13265306122449
"January","Valenciennea strigata","2022",213,852000,41,5.19512195121951
"January","Valenciennea strigata","2023",61,131000,160,0.38125
"January","Variola albimarginata","2012",2,3000,53,0.0377358490566038
"January","Variola louti","2012",1,1500,53,0.0188679245283019
"January","Wetmorella nigropinnata","2015",3,6000,50,0.06
"January","Wetmorella nigropinnata","2016",4,7000,117,0.0341880341880342
"January","Wetmorella nigropinnata","2017",40,47500,117,0.341880341880342
"January","Wetmorella nigropinnata","2018",5,7000,50,0.1
"January","Wetmorella nigropinnata","2019",21,22500,98,0.214285714285714
"January","Wetmorella nigropinnata","2023",31,33325,160,0.19375
"January","Zanclus cornutus","2012",2,3000,53,0.0377358490566038
"January","Zanclus cornutus","2015",3,4500,50,0.06
"January","Zanclus cornutus","2016",17,25500,117,0.145299145299145
"January","Zanclus cornutus","2017",24,36500,117,0.205128205128205
"January","Zanclus cornutus","2018",3,7000,50,0.06
"January","Zanclus cornutus","2019",17,34000,98,0.173469387755102
"January","Zanclus cornutus","2023",36,72000,160,0.225
"January","Zebrasoma scopas","2012",7,8750,53,0.132075471698113
"January","Zebrasoma scopas","2013",54,77000,66,0.818181818181818
"January","Zebrasoma scopas","2015",71,199797,50,1.42
"January","Zebrasoma scopas","2016",146,312297,117,1.24786324786325
"January","Zebrasoma scopas","2017",202,358500,117,1.72649572649573
"January","Zebrasoma scopas","2018",28,72000,50,0.56
"January","Zebrasoma scopas","2019",69,135000,98,0.704081632653061
"January","Zebrasoma scopas","2022",75,3e+05,41,1.82926829268293
"January","Zebrasoma scopas","2023",245,490000,160,1.53125
"January","Zebrasoma veliferum","2022",51,1020000,41,1.24390243902439
"February","#N/A","2012",467,545500,63,7.41269841269841
"February","#N/A","2013",3444,5795500,113,30.4778761061947
"February","#N/A","2017",1018,3095450,84,12.1190476190476
"February","Abalistes stellaris","2013",1,5000,113,0.00884955752212389
"February","Ablabys macracanthus","2023",1,2500,90,0.0111111111111111
"February","Ablabys taenianotus","2013",2,6000,113,0.0176991150442478
"February","Ablabys taenianotus","2022",1,3000,36,0.0277777777777778
"February","Ablabys taenionotus","2016",1,3000,130,0.00769230769230769
"February","Abudefduf septemfasciatus","2013",50,25000,113,0.442477876106195
"February","Abudefduf septemfasciatus","2016",50,25000,130,0.384615384615385
"February","Acanthurus Negricaudus","2016",1,3000,130,0.00769230769230769
"February","Acanthurus bariene","2016",10,35000,130,0.0769230769230769
"February","Acanthurus bariene","2018",1,5000,71,0.0140845070422535
"February","Acanthurus bariene","2019",20,185000,135,0.148148148148148
"February","Acanthurus bariene","2023",5,50000,90,0.0555555555555556
"February","Acanthurus chronixis","2012",7,9500,63,0.111111111111111
"February","Acanthurus chronixis","2013",6,12000,113,0.0530973451327434
"February","Acanthurus chronixis","2022",87,648000,36,2.41666666666667
"February","Acanthurus chronixis","2023",18,108000,90,0.2
"February","Acanthurus grammoptilus","2013",5,5000,113,0.0442477876106195
"February","Acanthurus leucoheilus","2017",4,15000,84,0.0476190476190476
"February","Acanthurus leucoheilus","2018",1,5000,71,0.0140845070422535
"February","Acanthurus leucoheilus","2019",9,45000,135,0.0666666666666667
"February","Acanthurus leucosternon","2013",4,1e+05,113,0.0353982300884956
"February","Acanthurus leucosternon","2016",1,15000,130,0.00769230769230769
"February","Acanthurus leucosternon","2017",1,15000,84,0.0119047619047619
"February","Acanthurus leucosternon","2018",1,15000,71,0.0140845070422535
"February","Acanthurus leucosternon","2023",5,130000,90,0.0555555555555556
"February","Acanthurus lineatus","2012",4,8000,63,0.0634920634920635
"February","Acanthurus lineatus","2013",91,182250,113,0.805309734513274
"February","Acanthurus lineatus","2016",27,50000,130,0.207692307692308
"February","Acanthurus lineatus","2017",231,662500,84,2.75
"February","Acanthurus lineatus","2018",14,44000,71,0.197183098591549
"February","Acanthurus lineatus","2019",9,27000,135,0.0666666666666667
"February","Acanthurus lineatus","2022",5,28000,36,0.138888888888889
"February","Acanthurus lineatus","2023",85,355000,90,0.944444444444444
"February","Acanthurus maculiceps","2016",1,2500,130,0.00769230769230769
"February","Acanthurus maculiceps","2017",1,25000,84,0.0119047619047619
"February","Acanthurus maculiceps","2018",3,20000,71,0.0422535211267606
"February","Acanthurus maculiceps","2023",1,10000,90,0.0111111111111111
"February","Acanthurus nigricans","2016",3,26000,130,0.0230769230769231
"February","Acanthurus nigricans","2017",18,225000,84,0.214285714285714
"February","Acanthurus nigricans","2018",16,156500,71,0.225352112676056
"February","Acanthurus nigricans","2023",107,1736250,90,1.18888888888889
"February","Acanthurus nigrofuscus","2012",52,39000,63,0.825396825396825
"February","Acanthurus nigrofuscus","2016",1,1000,130,0.00769230769230769
"February","Acanthurus nigrofuscus","2017",23,23000,84,0.273809523809524
"February","Acanthurus nigrofuscus","2018",1,1000,71,0.0140845070422535
"February","Acanthurus nigrofuscus","2019",9,9000,135,0.0666666666666667
"February","Acanthurus nigrofuscus","2023",5,6250,90,0.0555555555555556
"February","Acanthurus nigroris","2016",168,230000,130,1.29230769230769
"February","Acanthurus nigroris","2017",120,137500,84,1.42857142857143
"February","Acanthurus nigroris","2018",49,115000,71,0.690140845070423
"February","Acanthurus nigroris","2019",59,59000,135,0.437037037037037
"February","Acanthurus nigroris","2023",55,82500,90,0.611111111111111
"February","Acanthurus olivaceus","2012",3,3750,63,0.0476190476190476
"February","Acanthurus olivaceus","2013",26,64000,113,0.230088495575221
"February","Acanthurus olivaceus","2016",3,3250,130,0.0230769230769231
"February","Acanthurus olivaceus","2017",5,22000,84,0.0595238095238095
"February","Acanthurus olivaceus","2018",3,21000,71,0.0422535211267606
"February","Acanthurus olivaceus","2019",11,40000,135,0.0814814814814815
"February","Acanthurus olivaceus","2022",15,104500,36,0.416666666666667
"February","Acanthurus olivaceus","2023",2,8000,90,0.0222222222222222
"February","Acanthurus pyroferus","2012",2,10000,63,0.0317460317460317
"February","Acanthurus pyroferus","2013",12,61200,113,0.106194690265487
"February","Acanthurus pyroferus","2016",4,8500,130,0.0307692307692308
"February","Acanthurus pyroferus","2017",13,35000,84,0.154761904761905
"February","Acanthurus pyroferus","2018",14,55000,71,0.197183098591549
"February","Acanthurus pyroferus","2019",67,163000,135,0.496296296296296
"February","Acanthurus pyroferus","2022",23,440000,36,0.638888888888889
"February","Acanthurus pyroferus","2023",10,120000,90,0.111111111111111
"February","Acanthurus triostegus","2017",1,1500,84,0.0119047619047619
"February","Acanthurus triostegus","2018",2,4500,71,0.028169014084507
"February","Acanthurus triostegus","2019",8,16000,135,0.0592592592592593
"February","Acanthurus triostegus","2022",7,34000,36,0.194444444444444
"February","Acanthurus triostegus","2023",1,1500,90,0.0111111111111111
"February","Acanthurus tristris","2016",3,9500,130,0.0230769230769231
"February","Acanthurus tristris","2017",6,28500,84,0.0714285714285714
"February","Acanthurus tristris","2018",7,36000,71,0.0985915492957746
"February","Acanthurus tristris","2023",31,93000,90,0.344444444444444
"February","Acanthurus tritis","2022",1,6000,36,0.0277777777777778
"February","Acanthurus tritis","2023",2,12000,90,0.0222222222222222
"February","Acanthurus xanthopterus","2019",1,5000,135,0.00740740740740741
"February","Acreichthys tomentosus","2022",50,150000,36,1.38888888888889
"February","Alpheus randalli","2022",3,18000,36,0.0833333333333333
"February","Amblycirrhitus pinos","2012",115,80100,63,1.82539682539683
"February","Amblycirrhitus pinos","2013",35,26250,113,0.309734513274336
"February","Amblyeleotris aurora","2022",83,415000,36,2.30555555555556
"February","Amblyeleotris guttata","2022",77,308000,36,2.13888888888889
"February","Amblyeleotris randalli","2022",40,1550000,36,1.11111111111111
"February","Amblyeleotris steinitzi","2019",7,17500,135,0.0518518518518519
"February","Amblyeleotris wheeleri","2022",62,248000,36,1.72222222222222
"February","Amblygobius phalaena","2022",223,669000,36,6.19444444444444
"February","Amblygobius rainfordi","2019",5,5000,135,0.037037037037037
"February","Amphiprion clarkii","2012",9,11250,63,0.142857142857143
"February","Amphiprion clarkii","2016",106,189950,130,0.815384615384615
"February","Amphiprion clarkii","2017",105,234000,84,1.25
"February","Amphiprion clarkii","2018",93,232500,71,1.30985915492958
"February","Amphiprion clarkii","2019",16,23000,135,0.118518518518519
"February","Amphiprion clarkii","2022",62,304000,36,1.72222222222222
"February","Amphiprion clarkii","2023",14,28000,90,0.155555555555556
"February","Amphiprion frenatus","2018",4,12000,71,0.0563380281690141
"February","Amphiprion ocellaris","2016",4,8000,130,0.0307692307692308
"February","Amphiprion ocellaris","2017",4,9000,84,0.0476190476190476
"February","Amphiprion ocellaris","2018",14,33000,71,0.197183098591549
"February","Amphiprion ocellaris","2019",1,1500,135,0.00740740740740741
"February","Amphiprion ocellaris","2022",12,35500,36,0.333333333333333
"February","Amphiprion ocellaris","2023",3,7500,90,0.0333333333333333
"February","Amphiprion perideraion","2022",3,8500,36,0.0833333333333333
"February","Amphiprion perideraion","2023",6,10500,90,0.0666666666666667
"February","Amphiprion polymnus","2022",28,132500,36,0.777777777777778
"February","Amphiprion sandaracinos","2016",12,15200,130,0.0923076923076923
"February","Amphiprion sandaracinos","2018",10,19000,71,0.140845070422535
"February","Amphiprion sandaracinos","2019",5,5000,135,0.037037037037037
"February","Anampses caeruleopunctatus","2016",38,44000,130,0.292307692307692
"February","Anampses caeruleopunctatus","2017",2,4000,84,0.0238095238095238
"February","Anampses caeruleopunctatus","2018",9,27000,71,0.126760563380282
"February","Anampses caeruleopunctatus","2019",11,11000,135,0.0814814814814815
"February","Anampses caeruleopunctatus","2022",1,3500,36,0.0277777777777778
"February","Anampses caeruleopunctatus","2023",4,4000,90,0.0444444444444444
"February","Anampses lineatus","2012",1,1000,63,0.0158730158730159
"February","Anampses melanurus","2012",1,1000,63,0.0158730158730159
"February","Anampses melanurus","2017",1,3500,84,0.0119047619047619
"February","Anampses melanurus","2023",8,64000,90,0.0888888888888889
"February","Anampses meleagrides","2012",16,65500,63,0.253968253968254
"February","Anampses meleagrides","2013",26,139500,113,0.230088495575221
"February","Anampses meleagrides","2016",42,320000,130,0.323076923076923
"February","Anampses meleagrides","2017",6,53000,84,0.0714285714285714
"February","Anampses meleagrides","2018",43,428000,71,0.605633802816901
"February","Anampses meleagrides","2019",3,16000,135,0.0222222222222222
"February","Anampses meleagrides","2022",19,243000,36,0.527777777777778
"February","Anampses meleagrides","2023",8,63000,90,0.0888888888888889
"February","Ancanthurus pyroferus","2016",2,21000,130,0.0153846153846154
"February","Ancanthurus pyroferus","2018",1,15000,71,0.0140845070422535
"February","Ancanthurus pyroferus","2019",14,140000,135,0.103703703703704
"February","Apolemichthys trimaculatus","2016",4,55000,130,0.0307692307692308
"February","Apolemichthys trimaculatus","2017",1,25000,84,0.0119047619047619
"February","Apolemichthys trimaculatus","2023",1,20000,90,0.0111111111111111
"February","Arothron immaculatus","2012",3,4500,63,0.0476190476190476
"February","Arothron meleagris","2013",6,12000,113,0.0530973451327434
"February","Arothron meleagris","2016",5,10000,130,0.0384615384615385
"February","Arothron meleagris","2017",8,18750,84,0.0952380952380952
"February","Arothron meleagris","2018",8,24000,71,0.112676056338028
"February","Arothron meleagris","2019",17,51000,135,0.125925925925926
"February","Arothron nigropunctatus","2022",35,173000,36,0.972222222222222
"February","Arothron nigropunctatus","2023",5,12000,90,0.0555555555555556
"February","Atrosalarias fuscus","2016",18,18000,130,0.138461538461538
"February","Atrosalarias fuscus","2018",11,11000,71,0.154929577464789
"February","Atrosalarias fuscus","2019",28,28000,135,0.207407407407407
"February","Atrosalarias fuscus","2022",1,2500,36,0.0277777777777778
"February","Atrosalarias fuscus","2023",1,2500,90,0.0111111111111111
"February","Balistoides conspicillum","2013",1,50000,113,0.00884955752212389
"February","Bodianus axillaris","2017",2,20000,84,0.0238095238095238
"February","Bodianus axillaris","2019",2,10000,135,0.0148148148148148
"February","Bodianus bilunulatus","2016",1,2500,130,0.00769230769230769
"February","Bodianus bimaculatus","2012",2,8000,63,0.0317460317460317
"February","Bodianus bimaculatus","2013",6,36000,113,0.0530973451327434
"February","Bodianus bimaculatus","2016",34,120000,130,0.261538461538462
"February","Bodianus bimaculatus","2019",1,5000,135,0.00740740740740741
"February","Bodianus diana","2016",152,309000,130,1.16923076923077
"February","Bodianus diana","2017",30,61500,84,0.357142857142857
"February","Bodianus diana","2018",95,205000,71,1.33802816901408
"February","Bodianus diana","2019",62,124000,135,0.459259259259259
"February","Bodianus diana","2022",11,40000,36,0.305555555555556
"February","Bodianus diana","2023",49,59469.9772727272,90,0.544444444444444
"February","Bodianus mesothorax","2016",12,25500,130,0.0923076923076923
"February","Bodianus mesothorax","2017",40,88500,84,0.476190476190476
"February","Bodianus mesothorax","2018",10,23500,71,0.140845070422535
"February","Bodianus mesothorax","2019",35,70500,135,0.259259259259259
"February","Bodianus mesothorax","2022",10,44000,36,0.277777777777778
"February","Bodianus mesothorax","2023",9,12832.935483871,90,0.1
"February","Calcinus elegans","2023",686,31703000,90,7.62222222222222
"February","Cantherhines pardalis","2012",1,500,63,0.0158730158730159
"February","Canthigaster solandri","2022",7,21000,36,0.194444444444444
"February","Canthigaster solandri","2023",4,10000,90,0.0444444444444444
"February","Canthigaster valentini","2012",11,8250,63,0.174603174603175
"February","Canthigaster valentini","2016",40,73000,130,0.307692307692308
"February","Canthigaster valentini","2017",48,87000,84,0.571428571428571
"February","Canthigaster valentini","2018",25,41500,71,0.352112676056338
"February","Canthigaster valentini","2019",52,52000,135,0.385185185185185
"February","Canthigaster valentini","2022",99,335000,36,2.75
"February","Canthigaster valentini","2023",24,66750,90,0.266666666666667
"February","Cassiopea sp","2022",60,420000,36,1.66666666666667
"February","Centropyge bicolor","2012",27,72000,63,0.428571428571429
"February","Centropyge bicolor","2013",71,154000,113,0.628318584070796
"February","Centropyge bicolor","2016",80,301000,130,0.615384615384615
"February","Centropyge bicolor","2017",17,73000,84,0.202380952380952
"February","Centropyge bicolor","2018",29,126000,71,0.408450704225352
"February","Centropyge bicolor","2019",28,164500,135,0.207407407407407
"February","Centropyge bicolor","2022",205,1716000,36,5.69444444444444
"February","Centropyge bicolor","2023",81,332000,90,0.9
"February","Centropyge eibli","2012",39,112500,63,0.619047619047619
"February","Centropyge eibli","2016",27,1e+05,130,0.207692307692308
"February","Centropyge eibli","2017",22,83000,84,0.261904761904762
"February","Centropyge eibli","2018",19,90000,71,0.267605633802817
"February","Centropyge eibli","2019",28,168000,135,0.207407407407407
"February","Centropyge eibli","2022",38,303500,36,1.05555555555556
"February","Centropyge eibli","2023",21,67000,90,0.233333333333333
"February","Centropyge fisheri","2023",2,4000,90,0.0222222222222222
"February","Centropyge flavicauda","2022",21,84000,36,0.583333333333333
"February","Centropyge nox","2016",3,5250,130,0.0230769230769231
"February","Centropyge nox","2019",20,50000,135,0.148148148148148
"February","Centropyge nox","2022",2,10000,36,0.0555555555555556
"February","Centropyge nox","2023",20,40000,90,0.222222222222222
"February","Centropyge tibicen","2012",18,31500,63,0.285714285714286
"February","Centropyge tibicen","2013",7,12250,113,0.0619469026548673
"February","Centropyge tibicen","2016",23,45250,130,0.176923076923077
"February","Centropyge tibicen","2017",7,14000,84,0.0833333333333333
"February","Centropyge tibicen","2018",15,38000,71,0.211267605633803
"February","Centropyge tibicen","2019",31,77500,135,0.22962962962963
"February","Centropyge tibicen","2022",61,3e+05,36,1.69444444444444
"February","Centropyge tibicen","2023",1,4000,90,0.0111111111111111
"February","Centropyge vroliki","2016",30,43500,130,0.230769230769231
"February","Centropyge vroliki","2017",46,75500,84,0.547619047619048
"February","Centropyge vroliki","2018",21,34500,71,0.295774647887324
"February","Centropyge vroliki","2019",44,45500,135,0.325925925925926
"February","Centropyge vroliki","2022",70,260000,36,1.94444444444444
"February","Centropyge vroliki","2023",34,86000,90,0.377777777777778
"February","Centropyge vrolikii","2012",112,112000,63,1.77777777777778
"February","Cephalopholis miniata","2016",5,15000,130,0.0384615384615385
"February","Cephalopholis miniata","2018",2,7000,71,0.028169014084507
"February","Cetoscarus bicolor","2016",4,19000,130,0.0307692307692308
"February","Cetoscarus bicolor","2017",2,7500,84,0.0238095238095238
"February","Cetoscarus bicolor","2022",11,165000,36,0.305555555555556
"February","Chaetodermis pencilligera","2016",1,5000,130,0.00769230769230769
"February","Chaetodon Sp","2023",116,174000,90,1.28888888888889
"February","Chaetodon adiergastos","2016",4,4000,130,0.0307692307692308
"February","Chaetodon adiergastos","2017",2,2000,84,0.0238095238095238
"February","Chaetodon adiergastos","2018",4,4000,71,0.0563380281690141
"February","Chaetodon adiergastos","2019",6,6000,135,0.0444444444444444
"February","Chaetodon adiergastos","2023",8,12000,90,0.0888888888888889
"February","Chaetodon auriga","2017",1,5000,84,0.0119047619047619
"February","Chaetodon auriga","2022",23,184000,36,0.638888888888889
"February","Chaetodon baronessa","2013",9,9000,113,0.079646017699115
"February","Chaetodon baronessa","2016",27,55500,130,0.207692307692308
"February","Chaetodon baronessa","2017",17,32000,84,0.202380952380952
"February","Chaetodon baronessa","2018",30,71000,71,0.422535211267606
"February","Chaetodon baronessa","2019",61,63000,135,0.451851851851852
"February","Chaetodon baronessa","2022",12,36000,36,0.333333333333333
"February","Chaetodon bennetti","2013",2,10000,113,0.0176991150442478
"February","Chaetodon bennetti","2017",10,50000,84,0.119047619047619
"February","Chaetodon bennetti","2022",1,20000,36,0.0277777777777778
"February","Chaetodon citrinellus","2022",2,4000,36,0.0555555555555556
"February","Chaetodon falcula","2022",3,52500,36,0.0833333333333333
"February","Chaetodon kleinii","2012",18,13500,63,0.285714285714286
"February","Chaetodon kleinii","2013",45,45000,113,0.398230088495575
"February","Chaetodon kleinii","2016",111,168000,130,0.853846153846154
"February","Chaetodon kleinii","2018",77,101000,71,1.08450704225352
"February","Chaetodon kleinii","2019",151,151000,135,1.11851851851852
"February","Chaetodon kleinii","2022",50,106000,36,1.38888888888889
"February","Chaetodon kleinii","2023",37,71500,90,0.411111111111111
"February","Chaetodon lunula","2013",2,11000,113,0.0176991150442478
"February","Chaetodon lunula","2016",1,6000,130,0.00769230769230769
"February","Chaetodon lunula","2019",3,30000,135,0.0222222222222222
"February","Chaetodon lunula","2022",16,320000,36,0.444444444444444
"February","Chaetodon lunula","2023",3,4500,90,0.0333333333333333
"February","Chaetodon lunulatus","2012",1,1500,63,0.0158730158730159
"February","Chaetodon madagascariensis","2022",2,35000,36,0.0555555555555556
"February","Chaetodon melannotus","2018",5,12500,71,0.0704225352112676
"February","Chaetodon melannotus","2022",5,28000,36,0.138888888888889
"February","Chaetodon meyeri","2012",1,1000,63,0.0158730158730159
"February","Chaetodon meyeri","2017",11,85000,84,0.130952380952381
"February","Chaetodon meyeri","2018",4,32000,71,0.0563380281690141
"February","Chaetodon meyeri","2019",2,10000,135,0.0148148148148148
"February","Chaetodon octofasciatus","2022",1,4000,36,0.0277777777777778
"February","Chaetodon ornatissimus","2016",1,4000,130,0.00769230769230769
"February","Chaetodon ornatissimus","2017",2,16000,84,0.0238095238095238
"February","Chaetodon ornatissimus","2022",2,20000,36,0.0555555555555556
"February","Chaetodon punctatofasciatus","2022",1,10000,36,0.0277777777777778
"February","Chaetodon rafflesi","2022",42,294000,36,1.16666666666667
"February","Chaetodon speculum","2013",1,3000,113,0.00884955752212389
"February","Chaetodon speculum","2022",4,30000,36,0.111111111111111
"February","Chaetodon trifascialis","2012",1,1000,63,0.0158730158730159
"February","Chaetodon trifascialis","2013",2,3000,113,0.0176991150442478
"February","Chaetodon trifascialis","2017",1,4000,84,0.0119047619047619
"February","Chaetodon trifascialis","2018",5,17500,71,0.0704225352112676
"February","Chaetodon trifascialis","2022",11,70000,36,0.305555555555556
"February","Chaetodon trifascialis","2023",3,15000,90,0.0333333333333333
"February","Chaetodon trifasciatus","2012",6,6000,63,0.0952380952380952
"February","Chaetodon trifasciatus","2013",7,7000,113,0.0619469026548673
"February","Chaetodon trifasciatus","2016",5,12500,130,0.0384615384615385
"February","Chaetodon trifasciatus","2017",16,40000,84,0.19047619047619
"February","Chaetodon trifasciatus","2018",9,22500,71,0.126760563380282
"February","Chaetodon trifasciatus","2019",24,24000,135,0.177777777777778
"February","Chaetodon trifasciatus","2022",14,42000,36,0.388888888888889
"February","Chaetodon trifasciatus","2023",3,9000,90,0.0333333333333333
"February","Chaetodon ulietensis","2022",4,30000,36,0.111111111111111
"February","Chaetodon vagabundus","2022",6,19000,36,0.166666666666667
"February","Chaetodon vagabundus","2023",2,6000,90,0.0222222222222222
"February","Chaetodontoplus mesoleucus","2022",1,4000,36,0.0277777777777778
"February","Cheilinus fasciatus","2016",1,1000,130,0.00769230769230769
"February","Cheilinus fasciatus","2017",2,2000,84,0.0238095238095238
"February","Chelmon rostratus","2022",9,90000,36,0.25
"February","Chepalopholis taeniops","2012",1,3000,63,0.0158730158730159
"February","Chirrhilabrus cyanopleura","2016",474,424250,130,3.64615384615385
"February","Chirrhilabrus cyanopleura","2018",27,51000,71,0.380281690140845
"February","Chirrhilabrus cyanopleura","2019",76,84500,135,0.562962962962963
"February","Chromi lineata","2023",25,18750,90,0.277777777777778
"February","Chromis lineata","2022",136,272000,36,3.77777777777778
"February","Chromis lineata","2023",182,364000,90,2.02222222222222
"February","Chromis margaritifer","2013",140,98000,113,1.23893805309735
"February","Chromis margaritifer","2016",108,150300,130,0.830769230769231
"February","Chromis margaritifer","2017",199,269250,84,2.36904761904762
"February","Chromis margaritifer","2018",182,271400,71,2.56338028169014
"February","Chromis margaritifer","2019",72,72000,135,0.533333333333333
"February","Chromis margaritifer","2022",164,246000,36,4.55555555555556
"February","Chromis margaritifer","2023",148,212000,90,1.64444444444444
"February","Chromis retrofasciata","2016",180,139000,130,1.38461538461538
"February","Chromis retrofasciata","2018",505,305700,71,7.11267605633803
"February","Chromis retrofasciata","2019",576,576000,135,4.26666666666667
"February","Chromis retrofasciata","2022",268,402000,36,7.44444444444444
"February","Chromis retrofasciata","2023",91,136500,90,1.01111111111111
"February","Chromis viridis","2012",455,227500,63,7.22222222222222
"February","Chromis viridis","2013",900,460000,113,7.9646017699115
"February","Chromis viridis","2016",1215,924500,130,9.34615384615385
"February","Chromis viridis","2017",891,1269750,84,10.6071428571429
"February","Chromis viridis","2018",1050,1575000,71,14.7887323943662
"February","Chromis viridis","2022",1630,2445000,36,45.2777777777778
"February","Chromis viridis","2023",3410,5020000,90,37.8888888888889
"February","Chromis weberi","2012",940,437500,63,14.9206349206349
"February","Chromis weberi","2013",220,132000,113,1.94690265486726
"February","Chrysiptera cyanea","2017",2,3000,84,0.0238095238095238
"February","Chrysiptera talboti","2012",120,60000,63,1.9047619047619
"February","Chrysiptera talboti","2013",482,289200,113,4.26548672566372
"February","Chrysiptera talboti","2016",345,255100,130,2.65384615384615
"February","Chrysiptera talboti","2017",516,388900,84,6.14285714285714
"February","Chrysiptera talboti","2018",400,451600,71,5.63380281690141
"February","Chrysiptera talboti","2019",840,840000,135,6.22222222222222
"February","Chrysiptera talboti","2022",209,313500,36,5.80555555555556
"February","Chrysiptera talboti","2023",772,841000,90,8.57777777777778
"February","Cirrhilabrus cyanopleura","2012",5,2800,63,0.0793650793650794
"February","Cirrhilabrus cyanopleura","2013",8,4000,113,0.0707964601769911
"February","Cirrhilabrus cyanopleura","2022",61,122000,36,1.69444444444444
"February","Cirrhilabrus cyanopleura","2023",74,98000,90,0.822222222222222
"February","Cirrhilabrus exquisitus","2012",6,6000,63,0.0952380952380952
"February","Cirrhilabrus exquisitus","2013",52,104000,113,0.460176991150442
"February","Cirrhilabrus exquisitus","2016",408,730500,130,3.13846153846154
"February","Cirrhilabrus exquisitus","2018",25,65000,71,0.352112676056338
"February","Cirrhilabrus exquisitus","2019",57,114000,135,0.422222222222222
"February","Cirrhilabrus exquisitus","2023",1,4000,90,0.0111111111111111
"February","Cirrhilabrus filamentosus","2016",36,91000,130,0.276923076923077
"February","Cirrhilabrus filamentosus","2018",1,4000,71,0.0140845070422535
"February","Cirrhilabrus filamentosus","2022",3,21000,36,0.0833333333333333
"February","Cirrhilabrus lubbocki","2016",20,24500,130,0.153846153846154
"February","Cirrhilabrus lubbocki","2022",83,332000,36,2.30555555555556
"February","Cirrhitichthys aprinus","2016",92,91500,130,0.707692307692308
"February","Cirrhitichthys aprinus","2017",67,75000,84,0.797619047619048
"February","Cirrhitichthys aprinus","2018",81,86000,71,1.14084507042254
"February","Cirrhitichthys aprinus","2019",118,122000,135,0.874074074074074
"February","Cirrhitichthys aprinus","2022",4,11500,36,0.111111111111111
"February","Cirrhitichthys aprinus","2023",136,160000,90,1.51111111111111
"February","Cirrhitichthys falco","2022",34,81000,36,0.944444444444444
"February","Cirrhitichthys falco","2023",3,6000,90,0.0333333333333333
"February","Cirrhitichthys oxycephalus","2022",2,4000,36,0.0555555555555556
"February","Cirrhitichthys oxycephalus","2023",3,6000,90,0.0333333333333333
"February","Coris aygula","2013",3,120000,113,0.0265486725663717
"February","Coris gaimard","2012",36,80500,63,0.571428571428571
"February","Coris gaimard","2013",121,314750,113,1.07079646017699
"February","Coris gaimard","2016",85,292500,130,0.653846153846154
"February","Coris gaimard","2017",44,148000,84,0.523809523809524
"February","Coris gaimard","2018",46,305000,71,0.647887323943662
"February","Coris gaimard","2019",34,104000,135,0.251851851851852
"February","Coris gaimard","2022",40,368500,36,1.11111111111111
"February","Coris gaimard","2023",66,215500,90,0.733333333333333
"February","Coris pictoides","2012",1,1000,63,0.0158730158730159
"February","Cromileptes altivelis","2022",3,30000,36,0.0833333333333333
"February","Cryptocentrus leptocephalus","2022",1,3000,36,0.0277777777777778
"February","Ctenochaetus striatus","2022",83,251500,36,2.30555555555556
"February","Ctenochaetus striatus","2023",52,156000,90,0.577777777777778
"February","Ctenochaetus tominiensis","2022",3,165000,36,0.0833333333333333
"February","Ctenochaetus tominiensis","2023",1,15000,90,0.0111111111111111
"February","Ctenogobiops tangaroai","2022",4,30000,36,0.111111111111111
"February","Dascyllus reticulatus","2019",369,369000,135,2.73333333333333
"February","Dascyllus reticulatus","2022",64,96000,36,1.77777777777778
"February","Dascyllus trimaculatus","2012",170,85000,63,2.6984126984127
"February","Dascyllus trimaculatus","2013",213,127800,113,1.88495575221239
"February","Dascyllus trimaculatus","2016",159,127800,130,1.22307692307692
"February","Dascyllus trimaculatus","2017",47,47500,84,0.55952380952381
"February","Dascyllus trimaculatus","2018",149,147000,71,2.09859154929577
"February","Dascyllus trimaculatus","2019",410,410000,135,3.03703703703704
"February","Dascyllus trimaculatus","2022",61,91500,36,1.69444444444444
"February","Dascyllus trimaculatus","2023",54,65250,90,0.6
"February","Dendrochirus biocellatus","2012",2,14000,63,0.0317460317460317
"February","Dendrochirus biocellatus","2013",7,7000,113,0.0619469026548673
"February","Dendrochirus biocellatus","2016",3,24000,130,0.0230769230769231
"February","Dendrochirus biocellatus","2017",4,32000,84,0.0476190476190476
"February","Dendrochirus biocellatus","2018",4,40000,71,0.0563380281690141
"February","Dendrochirus biocellatus","2019",10,1e+05,135,0.0740740740740741
"February","Dendrochirus biocellatus","2023",1,10000,90,0.0111111111111111
"February","Dendrochirus brachypterus","2022",3,9000,36,0.0833333333333333
"February","Dendrochirus zebra","2016",4,4000,130,0.0307692307692308
"February","Dendrochirus zebra","2017",1,1000,84,0.0119047619047619
"February","Dendrochirus zebra","2019",16,16000,135,0.118518518518519
"February","Dendrochirus zebra","2022",1,3000,36,0.0277777777777778
"February","Dendrochirus zebra","2023",1,1595.2380952381,90,0.0111111111111111
"February","Diproctacanthus xanthurus","2023",2,4000,90,0.0222222222222222
"February","Dischistodus perspicillatus","2016",24,12000,130,0.184615384615385
"February","Dischistodus perspicillatus","2019",605,605000,135,4.48148148148148
"February","Doryrhamphus dactyliophorus","2013",1,2000,113,0.00884955752212389
"February","Doryrhamphus dactyliophorus","2017",2,4000,84,0.0238095238095238
"February","Doryrhamphus dactyliophorus","2019",1,2000,135,0.00740740740740741
"February","Doryrhamphus dactyliophorus","2022",1,3000,36,0.0277777777777778
"February","Doryrhamphus dactyliophorus","2023",2,4000,90,0.0222222222222222
"February","Doryrhamphus janssii","2017",1,4000,84,0.0119047619047619
"February","Doryrhamphus janssii","2018",1,4000,71,0.0140845070422535
"February","Doryrhamphus pessuliferus","2022",1,10000,36,0.0277777777777778
"February","Echidna polyzona","2018",1,15000,71,0.0140845070422535
"February","Echidna polyzona","2019",1,1000,135,0.00740740740740741
"February","Ecsenius bicolor","2012",30,37500,63,0.476190476190476
"February","Ecsenius bicolor","2016",26,47000,130,0.2
"February","Ecsenius bicolor","2017",76,140000,84,0.904761904761905
"February","Ecsenius bicolor","2018",12,26000,71,0.169014084507042
"February","Ecsenius bicolor","2019",72,108000,135,0.533333333333333
"February","Ecsenius bicolor","2022",178,712000,36,4.94444444444444
"February","Ecsenius bicolor","2023",8,17000,90,0.0888888888888889
"February","Ecsenius midas","2012",3,3000,63,0.0476190476190476
"February","Ecsenius midas","2013",1,1500,113,0.00884955752212389
"February","Ecsenius midas","2016",4,8000,130,0.0307692307692308
"February","Ecsenius namiyei","2012",2,2000,63,0.0317460317460317
"February","Ecsenius namiyei","2013",3,3000,113,0.0265486725663717
"February","Exallias brevis","2012",3,4200,63,0.0476190476190476
"February","Exallias brevis","2016",5,13000,130,0.0384615384615385
"February","Exallias brevis","2017",7,15000,84,0.0833333333333333
"February","Exallias brevis","2023",3,13000,90,0.0333333333333333
"February","Forcipiger flavissimus","2022",3,52500,36,0.0833333333333333
"February","Gnathanodon speciosus","2017",6,30000,84,0.0714285714285714
"February","Gomphosus varius","2016",10,22000,130,0.0769230769230769
"February","Gomphosus varius","2017",3,5500,84,0.0357142857142857
"February","Gomphosus varius","2018",5,10000,71,0.0704225352112676
"February","Gomphosus varius","2019",3,6000,135,0.0222222222222222
"February","Gomphosus varius","2022",1,12500,36,0.0277777777777778
"February","Gomphosus varius","2023",6,6288.2727272727,90,0.0666666666666667
"February","Halichoeres argus","2023",2,2000,90,0.0222222222222222
"February","Halichoeres chrysus","2012",417,412700,63,6.61904761904762
"February","Halichoeres chrysus","2013",282,391000,113,2.49557522123894
"February","Halichoeres chrysus","2016",1736,2614000,130,13.3538461538462
"February","Halichoeres chrysus","2017",728,1356000,84,8.66666666666667
"February","Halichoeres chrysus","2018",418,869000,71,5.88732394366197
"February","Halichoeres chrysus","2019",379,742000,135,2.80740740740741
"February","Halichoeres chrysus","2022",732,2231000,36,20.3333333333333
"February","Halichoeres chrysus","2023",363,885000,90,4.03333333333333
"February","Halichoeres hortulanus","2013",7,5250,113,0.0619469026548673
"February","Halichoeres hortulanus","2016",21,20250,130,0.161538461538462
"February","Halichoeres hortulanus","2017",5,6750,84,0.0595238095238095
"February","Halichoeres hortulanus","2018",51,39000,71,0.71830985915493
"February","Halichoeres hortulanus","2019",45,33750,135,0.333333333333333
"February","Halichoeres hortulanus","2023",11,13750,90,0.122222222222222
"February","Halichoeres marginatus","2016",17,42500,130,0.130769230769231
"February","Halichoeres marginatus","2018",9,22500,71,0.126760563380282
"February","Halichoeres marginatus","2022",27,81000,36,0.75
"February","Halichoeres marginatus","2023",24,72000,90,0.266666666666667
"February","Halichoeres melanurus","2016",11,20000,130,0.0846153846153846
"February","Halichoeres melanurus","2018",29,32000,71,0.408450704225352
"February","Halichoeres melanurus","2019",20,20000,135,0.148148148148148
"February","Halichoeres melanurus","2022",7,21000,36,0.194444444444444
"February","Halichoeres podostigma","2022",3,7500,36,0.0833333333333333
"February","Halichoeres podostigma","2023",1,2500,90,0.0111111111111111
"February","Halichoeres prosopeion","2012",3,4500,63,0.0476190476190476
"February","Halichoeres prosopeion","2022",12,60000,36,0.333333333333333
"February","Heniochus acuminatus","2013",2,14500,113,0.0176991150442478
"February","Heniochus acuminatus","2022",30,625000,36,0.833333333333333
"February","Heniochus monoceros","2016",4,21000,130,0.0307692307692308
"February","Heniochus monoceros","2017",12,71000,84,0.142857142857143
"February","Heniochus monoceros","2019",5,25000,135,0.037037037037037
"February","Heniochus varius","2012",1,1500,63,0.0158730158730159
"February","Heniochus varius","2013",10,13250,113,0.0884955752212389
"February","Heniochus varius","2016",8,8000,130,0.0615384615384615
"February","Heniochus varius","2017",13,25500,84,0.154761904761905
"February","Heniochus varius","2018",11,30000,71,0.154929577464789
"February","Heniochus varius","2019",31,46500,135,0.22962962962963
"February","Heniochus varius","2022",23,158000,36,0.638888888888889
"February","Heniochus varius","2023",3,3000,90,0.0333333333333333
"February","Histrio histrio","2022",2,10000,36,0.0555555555555556
"February","Hymenocera elegans","2022",34,840000,36,0.944444444444444
"February","Iniistius pavo","2012",4,11000,63,0.0634920634920635
"February","Iniistius pavo","2013",67,182750,113,0.592920353982301
"February","Iniistius pavo","2016",10,30750,130,0.0769230769230769
"February","Koumansetta hectori","2022",11,44000,36,0.305555555555556
"February","Koumansetta rainfordi","2022",214,856000,36,5.94444444444444
"February","Labrichthys Unilineatus","2022",6,20000,36,0.166666666666667
"February","Labrichthys unilineatus","2016",4,4000,130,0.0307692307692308
"February","Labrichthys unilineatus","2017",1,1000,84,0.0119047619047619
"February","Labrichthys unilineatus","2018",4,8000,71,0.0563380281690141
"February","Labrichthys unilineatus","2019",35,35000,135,0.259259259259259
"February","Labroides bicolor","2012",7,42000,63,0.111111111111111
"February","Labroides bicolor","2013",31,201500,113,0.274336283185841
"February","Labroides bicolor","2016",15,106000,130,0.115384615384615
"February","Labroides bicolor","2017",13,123500,84,0.154761904761905
"February","Labroides bicolor","2018",26,252000,71,0.366197183098592
"February","Labroides bicolor","2019",12,96000,135,0.0888888888888889
"February","Labroides bicolor","2022",22,322500,36,0.611111111111111
"February","Labroides bicolor","2023",7,66540.5241935484,90,0.0777777777777778
"February","Labroides dimidiatus","2012",201,150750,63,3.19047619047619
"February","Labroides dimidiatus","2013",149,151000,113,1.31858407079646
"February","Labroides dimidiatus","2016",831,825700,130,6.39230769230769
"February","Labroides dimidiatus","2017",235,264500,84,2.79761904761905
"February","Labroides dimidiatus","2018",214,224000,71,3.01408450704225
"February","Labroides dimidiatus","2019",261,271000,135,1.93333333333333
"February","Labroides dimidiatus","2022",556,1112000,36,15.4444444444444
"February","Labroides dimidiatus","2023",259,200178.46,90,2.87777777777778
"February","Labroides pectoralis","2022",2,30000,36,0.0555555555555556
"February","Labroides rubrolabiatus","2012",5,15000,63,0.0793650793650794
"February","Labroides rubrolabiatus","2013",2,10000,113,0.0176991150442478
"February","Labroides rubrolabiatus","2016",4,23000,130,0.0307692307692308
"February","Labroides rubrolabiatus","2018",2,20000,71,0.028169014084507
"February","Labroides rubrolabiatus","2023",1,5000,90,0.0111111111111111
"February","Labropsis alleni","2013",1,1500,113,0.00884955752212389
"February","Labropsis alleni","2016",1,3000,130,0.00769230769230769
"February","Lysmata amboinensis","2012",8,31000,63,0.126984126984127
"February","Lysmata amboinensis","2013",74,346500,113,0.654867256637168
"February","Lysmata amboinensis","2016",20,150000,130,0.153846153846154
"February","Lysmata amboinensis","2018",3,33000,71,0.0422535211267606
"February","Lysmata amboinensis","2019",30,360000,135,0.222222222222222
"February","Lysmata amboinensis","2022",49,735000,36,1.36111111111111
"February","Lysmata amboinensis","2023",50,50000,90,0.555555555555556
"February","Macolor niger","2019",4,20000,135,0.0296296296296296
"February","Macolor niger","2022",2,14000,36,0.0555555555555556
"February","Macropharyngodon meleagris","2012",62,44550,63,0.984126984126984
"February","Macropharyngodon meleagris","2013",57,42750,113,0.504424778761062
"February","Macropharyngodon meleagris","2016",347,397200,130,2.66923076923077
"February","Macropharyngodon meleagris","2017",106,180000,84,1.26190476190476
"February","Macropharyngodon meleagris","2018",149,226000,71,2.09859154929577
"February","Macropharyngodon meleagris","2019",129,129000,135,0.955555555555556
"February","Macropharyngodon meleagris","2023",40,60000,90,0.444444444444444
"February","Macropharyngodon negrosensis","2012",8,8000,63,0.126984126984127
"February","Macropharyngodon negrosensis","2016",28,29000,130,0.215384615384615
"February","Macropharyngodon negrosensis","2017",19,23500,84,0.226190476190476
"February","Macropharyngodon negrosensis","2018",20,28000,71,0.28169014084507
"February","Macropharyngodon negrosensis","2022",17,57500,36,0.472222222222222
"February","Macropharyngodon negrosensis","2023",7,13500,90,0.0777777777777778
"February","Macropharyngodon ornatus","2022",60,199500,36,1.66666666666667
"February","Macropharyngodon ornatus","2023",11,33000,90,0.122222222222222
"February","Malacanthus latovittatus","2013",3,6000,113,0.0265486725663717
"February","Malacanthus latovittatus","2019",3,6000,135,0.0222222222222222
"February","Malacanthus latovittatus","2023",1,755.25,90,0.0111111111111111
"February","Meiacanthus atrodorsalis","2022",35,140000,36,0.972222222222222
"February","Meiacanthus atrodorsalis","2023",3,9000,90,0.0333333333333333
"February","Meiacanthus grammistes","2013",2,2000,113,0.0176991150442478
"February","Meiacanthus grammistes","2016",19,22000,130,0.146153846153846
"February","Meiacanthus grammistes","2017",3,3000,84,0.0357142857142857
"February","Meiacanthus grammistes","2022",41,123000,36,1.13888888888889
"February","Meiacanthus grammistes","2023",18,24250,90,0.2
"February","Meiacanthus smithii","2022",12,36000,36,0.333333333333333
"February","Meiacanthus smithii","2023",21,26250,90,0.233333333333333
"February","Melichthys vidua","2013",4,14000,113,0.0353982300884956
"February","Melichthys vidua","2017",2,12000,84,0.0238095238095238
"February","Melichthys vidua","2019",7,24500,135,0.0518518518518519
"February","Melichthys vidua","2022",4,40000,36,0.111111111111111
"February","Melichthys vidua","2023",1,1693.23076923077,90,0.0111111111111111
"February","Monacanthus chinensis","2016",2,5000,130,0.0153846153846154
"February","Monacanthus chinensis","2017",1,750,84,0.0119047619047619
"February","Monacanthus chinensis","2018",1,2500,71,0.0140845070422535
"February","Monacanthus chinensis","2023",15,15000,90,0.166666666666667
"February","Naso Lopezi","2022",1,4000,36,0.0277777777777778
"February","Naso Lopezi","2023",3,9000,90,0.0333333333333333
"February","Naso elegans","2017",7,35000,84,0.0833333333333333
"February","Naso lituratus","2012",2,6000,63,0.0317460317460317
"February","Naso lituratus","2013",1,2500,113,0.00884955752212389
"February","Naso lituratus","2016",25,89500,130,0.192307692307692
"February","Naso lituratus","2017",59,340500,84,0.702380952380952
"February","Naso lituratus","2018",6,33000,71,0.0845070422535211
"February","Naso lituratus","2019",9,63000,135,0.0666666666666667
"February","Naso lituratus","2022",112,1202000,36,3.11111111111111
"February","Naso lituratus","2023",37,150000,90,0.411111111111111
"February","Naso unicornis","2019",13,13000,135,0.0962962962962963
"February","Naso unicornis","2023",2,8000,90,0.0222222222222222
"February","Naso vlamingii","2022",26,260000,36,0.722222222222222
"February","Nemateleotris magnifica","2017",1,6000,84,0.0119047619047619
"February","Nemateleotris magnifica","2018",2,20000,71,0.028169014084507
"February","Nemateleotris magnifica","2019",2,16000,135,0.0148148148148148
"February","Nemateleotris magnifica","2022",2,32000,36,0.0555555555555556
"February","Nemateleotris magnifica","2023",1,7000,90,0.0111111111111111
"February","Neoglyphidodon crossi","2012",5,5000,63,0.0793650793650794
"February","Neoglyphidodon crossi","2016",106,157000,130,0.815384615384615
"February","Neoglyphidodon crossi","2017",76,125000,84,0.904761904761905
"February","Neoglyphidodon crossi","2018",59,112000,71,0.830985915492958
"February","Neoglyphidodon crossi","2019",18,18000,135,0.133333333333333
"February","Neoglyphidodon crossi","2022",34,102000,36,0.944444444444444
"February","Neoglyphidodon crossi","2023",1,1000,90,0.0111111111111111
"February","Neoglyphidodon melas","2013",1,1000,113,0.00884955752212389
"February","Neoglyphidodon nigroris","2019",3,3000,135,0.0222222222222222
"February","Neoglyphidodon nigroris","2022",6,18000,36,0.166666666666667
"February","Neoglyphidodon oxyodon","2022",1,2500,36,0.0277777777777778
"February","Neopenrolisthes maculata","2013",15,15000,113,0.132743362831858
"February","Neopenrolisthes maculata","2016",19,19500,130,0.146153846153846
"February","Neopenrolisthes maculata","2018",1,1500,71,0.0140845070422535
"February","Neopenrolisthes maculata","2019",25,25000,135,0.185185185185185
"February","Neopetrolisthes ohshimai","2022",28,84000,36,0.777777777777778
"February","Neopetrolisthes ohshimai","2023",1,3000,90,0.0111111111111111
"February","Novaculichthys taeniourus","2017",7,20000,84,0.0833333333333333
"February","Novaculichthys taeniourus","2018",3,13000,71,0.0422535211267606
"February","Novaculichthys taeniourus","2019",9,27000,135,0.0666666666666667
"February","Novaculichthys taeniourus","2022",23,182000,36,0.638888888888889
"February","Novaculichthys taeniourus","2023",7,15000,90,0.0777777777777778
"February","Odontodactylus scyllarus","2013",24,60000,113,0.212389380530973
"February","Odontodactylus scyllarus","2016",7,17500,130,0.0538461538461538
"February","Odontodactylus scyllarus","2018",5,12500,71,0.0704225352112676
"February","Odontodactylus scyllarus","2019",28,70000,135,0.207407407407407
"February","Odontodactylus scyllarus","2022",1,2500,36,0.0277777777777778
"February","Odonus niger","2013",13,26000,113,0.115044247787611
"February","Odonus niger","2016",5,10000,130,0.0384615384615385
"February","Odonus niger","2017",8,17000,84,0.0952380952380952
"February","Odonus niger","2018",8,16000,71,0.112676056338028
"February","Odonus niger","2019",61,122000,135,0.451851851851852
"February","Odonus niger","2022",9,45000,36,0.25
"February","Odonus niger","2023",29,108673.333333333,90,0.322222222222222
"February","Opistognathus randalli","2022",41,123000,36,1.13888888888889
"February","Opistognathus scops","2022",2,6000,36,0.0555555555555556
"February","Ostracion cubicus","2013",1,5000,113,0.00884955752212389
"February","Ostracion cubicus","2022",3,27000,36,0.0833333333333333
"February","Ostracion cubicus","2023",2,6000,90,0.0222222222222222
"February","Ostracion meleagris","2022",19,171000,36,0.527777777777778
"February","Ostracion meleagris","2023",2,16000,90,0.0222222222222222
"February","Ostracion solorensis","2016",16,101000,130,0.123076923076923
"February","Ostracion solorensis","2017",10,60000,84,0.119047619047619
"February","Ostracion solorensis","2018",53,405000,71,0.746478873239437
"February","Ostracion solorensis","2019",86,460000,135,0.637037037037037
"February","Oxymonacanthus longirostris","2018",1,3000,71,0.0140845070422535
"February","Oxymonacanthus longirostris","2019",1,2000,135,0.00740740740740741
"February","Paguristes species","2023",1,4000,90,0.0111111111111111
"February","Panulirus versicolor","2013",9,22500,113,0.079646017699115
"February","Paracanthurus hepatus","2019",1,15000,135,0.00740740740740741
"February","Paracanthurus hepatus","2022",20,1600000,36,0.555555555555556
"February","Paracanthurus hepatus","2023",1,11132.5555555556,90,0.0111111111111111
"February","Parachaetodon ocellatus","2022",1,3500,36,0.0277777777777778
"February","Paracheilinus carpenteri","2022",73,253000,36,2.02777777777778
"February","Paracheilinus carpenteri","2023",18,28500,90,0.2
"February","Paracheilinus mccoskeri","2012",17,17000,63,0.26984126984127
"February","Paracheilinus mccoskeri","2013",37,37000,113,0.327433628318584
"February","Paracheilinus mccoskeri","2016",508,623000,130,3.90769230769231
"February","Paracheilinus mccoskeri","2018",7,7000,71,0.0985915492957746
"February","Paracheilinus mccoskeri","2019",55,55000,135,0.407407407407407
"February","Paracirrhites arcatus","2012",28,28000,63,0.444444444444444
"February","Paracirrhites arcatus","2013",63,63000,113,0.557522123893805
"February","Paracirrhites arcatus","2022",3,11000,36,0.0833333333333333
"February","Paracirrhites arcuatus","2016",12,13500,130,0.0923076923076923
"February","Paracirrhites arcuatus","2017",8,9500,84,0.0952380952380952
"February","Paracirrhites arcuatus","2018",18,20500,71,0.253521126760563
"February","Paracirrhites arcuatus","2019",78,78000,135,0.577777777777778
"February","Paraluteres prionurus","2022",26,78000,36,0.722222222222222
"February","Paraluteres prionurus","2023",28,84000,90,0.311111111111111
"February","Paramonacanthus filicauda","2023",10,20000,90,0.111111111111111
"February","Parapercis schauinslandi","2022",2,6000,36,0.0555555555555556
"February","Parapercis schuinslandi","2016",10,9500,130,0.0769230769230769
"February","Parapercis schuinslandi","2018",1,1500,71,0.0140845070422535
"February","Parupeneus cyclostomus","2013",1,4000,113,0.00884955752212389
"February","Parupeneus cyclostomus","2016",1,750,130,0.00769230769230769
"February","Parupeneus cyclostomus","2017",2,5000,84,0.0238095238095238
"February","Parupeneus cyclostomus","2018",2,7500,71,0.028169014084507
"February","Parupeneus multifasciatus","2023",1,2000,90,0.0111111111111111
"February","Parupeneus rubescens","2016",27,13500,130,0.207692307692308
"February","Parupeneus rubescens","2017",5,5000,84,0.0595238095238095
"February","Parupeneus rubescens","2018",8,16000,71,0.112676056338028
"February","Periclimenes brevicarpalis","2012",1,500,63,0.0158730158730159
"February","Periclimenes brevicarpalis","2013",1,1000,113,0.00884955752212389
"February","Periclimenes brevicarpalis","2016",1,1000,130,0.00769230769230769
"February","Periclimenes brevicarpalis","2019",12,12000,135,0.0888888888888889
"February","Periclimenes brevicarpalis","2022",32,80000,36,0.888888888888889
"February","Periclimenes brevicarpalis","2023",2,2000,90,0.0222222222222222
"February","Pervagor Janthinosoma","2016",12,18500,130,0.0923076923076923
"February","Pervagor Janthinosoma","2019",10,10000,135,0.0740740740740741
"February","Pervagor janthinosoma","2013",2,2500,113,0.0176991150442478
"February","Pervagor janthinosoma","2023",3,4500,90,0.0333333333333333
"February","Pervagor melanosoma","2022",32,128000,36,0.888888888888889
"February","Plagiotremus laudandus","2012",12,10500,63,0.19047619047619
"February","Plagiotremus laudandus","2013",19,19000,113,0.168141592920354
"February","Plagiotremus ludandus","2016",23,33000,130,0.176923076923077
"February","Plagiotremus ludandus","2018",2,4000,71,0.028169014084507
"February","Plagiotremus ludandus","2019",62,62000,135,0.459259259259259
"February","Plagiotremus rhinorhynchos","2022",37,74000,36,1.02777777777778
"February","Platax orbicularis","2022",25,151000,36,0.694444444444444
"February","Platax pinnatus","2016",1,6000,130,0.00769230769230769
"February","Platax pinnatus","2022",15,750000,36,0.416666666666667
"February","Platax teira","2022",4,25000,36,0.111111111111111
"February","Platax tiera","2017",1,2000,84,0.0119047619047619
"February","Plectorhinchus chaetodonoides","2016",4,10000,130,0.0307692307692308
"February","Plectorhinchus chaetodonoides","2017",1,1000,84,0.0119047619047619
"February","Plectorhinchus chaetodonoides","2018",1,5000,71,0.0140845070422535
"February","Plectorhinchus chaetodonoides","2019",3,15000,135,0.0222222222222222
"February","Plectorhinchus chaetodonoides","2022",18,225000,36,0.5
"February","Plectorhinchus diagrammus","2013",6,9000,113,0.0530973451327434
"February","Plectorhinchus diagrammus","2022",7,28000,36,0.194444444444444
"February","Plectorhinchus diagrammus","2023",1,502.25,90,0.0111111111111111
"February","Plectorhinchus orientalis","2012",6,9000,63,0.0952380952380952
"February","Plectorhinchus orientalis","2016",21,39500,130,0.161538461538462
"February","Plectorhinchus orientalis","2017",8,13500,84,0.0952380952380952
"February","Plectorhinchus orientalis","2018",9,19500,71,0.126760563380282
"February","Plectorhinchus orientalis","2019",17,42500,135,0.125925925925926
"February","Plectorhinchus orientalis","2022",42,204000,36,1.16666666666667
"February","Plectorhinchus orientalis","2023",29,52032.0000000001,90,0.322222222222222
"February","Plectorhincus diagrammus","2016",7,9500,130,0.0538461538461538
"February","Plectorhincus diagrammus","2019",13,19500,135,0.0962962962962963
"February","Plectranthias inermis","2022",26,455000,36,0.722222222222222
"February","Plectroglyphidodon lacrymatus","2022",2,3000,36,0.0555555555555556
"February","Pomacanthus Imperator","2016",25,477000,130,0.192307692307692
"February","Pomacanthus Imperator","2018",19,487500,71,0.267605633802817
"February","Pomacanthus Imperator","2019",26,895000,135,0.192592592592593
"February","Pomacanthus annularis","2017",1,60000,84,0.0119047619047619
"February","Pomacanthus annularis","2023",1,12000,90,0.0111111111111111
"February","Pomacanthus imperator","2012",12,263000,63,0.19047619047619
"February","Pomacanthus imperator","2013",12,367000,113,0.106194690265487
"February","Pomacanthus imperator","2022",9,365000,36,0.25
"February","Pomacanthus imperator","2023",7,369500,90,0.0777777777777778
"February","Pomacanthus semicirculatus","2022",4,70000,36,0.111111111111111
"February","Pomacanthus sexstriatus","2022",2,20000,36,0.0555555555555556
"February","Pomacentrus auriventris","2016",691,435500,130,5.31538461538462
"February","Pomacentrus auriventris","2017",177,220500,84,2.10714285714286
"February","Pomacentrus auriventris","2018",193,257500,71,2.71830985915493
"February","Pomacentrus auriventris","2019",307,230250,135,2.27407407407407
"February","Pomacentrus auriventris","2022",118,177000,36,3.27777777777778
"February","Pomacentrus auriventris","2023",18,21000,90,0.2
"February","Pomacentrus bankanensis","2016",63,94500,130,0.484615384615385
"February","Pomacentrus bankanensis","2017",67,100500,84,0.797619047619048
"February","Pomacentrus bankanensis","2018",13,19500,71,0.183098591549296
"February","Pomacentrus bankanensis","2022",37,55500,36,1.02777777777778
"February","Pomacentrus bankanensis","2023",65,97500,90,0.722222222222222
"February","Pomacentrus coelestis","2023",45,33750,90,0.5
"February","Pomacentrus moluccensis","2016",4,6000,130,0.0307692307692308
"February","Pomacentrus moluccensis","2018",7,10500,71,0.0985915492957746
"February","Pomacentrus moluccensis","2022",5,7500,36,0.138888888888889
"February","Pomacentrus moluccensis","2023",6,9000,90,0.0666666666666667
"February","Pomacentrus pavo","2018",50,75000,71,0.704225352112676
"February","Pomacentrus pavo","2019",220,165000,135,1.62962962962963
"February","Pomacentrus smithi","2018",14,14000,71,0.197183098591549
"February","Pomacentrus smithi","2019",9,9000,135,0.0666666666666667
"February","Premnas biaculeatus","2016",1,2500,130,0.00769230769230769
"February","Pseudanthias cooperi","2013",64,64000,113,0.566371681415929
"February","Pseudanthias dispar","2012",407,305250,63,6.46031746031746
"February","Pseudanthias dispar","2013",265,265000,113,2.34513274336283
"February","Pseudanthias dispar","2016",1689,1959000,130,12.9923076923077
"February","Pseudanthias dispar","2017",536,953000,84,6.38095238095238
"February","Pseudanthias dispar","2018",366,732000,71,5.15492957746479
"February","Pseudanthias dispar","2019",507,1014000,135,3.75555555555556
"February","Pseudanthias dispar","2022",242,605000,36,6.72222222222222
"February","Pseudanthias dispar","2023",623,1325000,90,6.92222222222222
"February","Pseudanthias evansi","2012",128,256000,63,2.03174603174603
"February","Pseudanthias huchtii","2012",34,17000,63,0.53968253968254
"February","Pseudanthias huchtii","2016",159,234250,130,1.22307692307692
"February","Pseudanthias huchtii","2017",96,184500,84,1.14285714285714
"February","Pseudanthias huchtii","2018",82,161500,71,1.15492957746479
"February","Pseudanthias huchtii","2019",55,41250,135,0.407407407407407
"February","Pseudanthias huchtii","2022",52,108000,36,1.44444444444444
"February","Pseudanthias huchtii","2023",123,174498.970873786,90,1.36666666666667
"February","Pseudanthias hypselosoma","2012",69,49600,63,1.0952380952381
"February","Pseudanthias hypselosoma","2016",612,671500,130,4.70769230769231
"February","Pseudanthias hypselosoma","2017",77,94500,84,0.916666666666667
"February","Pseudanthias hypselosoma","2018",104,222750,71,1.46478873239437
"February","Pseudanthias hypselosoma","2019",190,559750,135,1.40740740740741
"February","Pseudanthias luzonensis","2012",14,28000,63,0.222222222222222
"February","Pseudanthias luzonensis","2013",7,14500,113,0.0619469026548673
"February","Pseudanthias pleurotaenia","2016",8,23500,130,0.0615384615384615
"February","Pseudanthias pleurotaenia","2018",4,9000,71,0.0563380281690141
"February","Pseudanthias pleurotaenia","2019",1,3000,135,0.00740740740740741
"February","Pseudanthias pleurotaenia","2023",1,2001,90,0.0111111111111111
"February","Pseudanthias squamipinnis","2022",208,520000,36,5.77777777777778
"February","Pseudanthias squamipinnis","2023",283,267460.203571429,90,3.14444444444444
"February","Pseudanthias tuka","2013",39,79000,113,0.345132743362832
"February","Pseudanthias tuka","2017",5,23000,84,0.0595238095238095
"February","Pseudanthias tuka","2018",8,32000,71,0.112676056338028
"February","Pseudechidna brummeri","2022",2,14000,36,0.0555555555555556
"February","Pseudocheilinus evanidus","2012",9,9000,63,0.142857142857143
"February","Pseudocheilinus evanidus","2013",49,44250,113,0.433628318584071
"February","Pseudocheilinus evanidus","2016",65,59750,130,0.5
"February","Pseudocheilinus evanidus","2017",26,27750,84,0.30952380952381
"February","Pseudocheilinus evanidus","2018",27,32250,71,0.380281690140845
"February","Pseudocheilinus evanidus","2019",108,108000,135,0.8
"February","Pseudocheilinus evanidus","2022",1,2500,36,0.0277777777777778
"February","Pseudocheilinus evanidus","2023",78,102500,90,0.866666666666667
"February","Pseudocheilinus hexataenia","2012",769,1332050,63,12.2063492063492
"February","Pseudocheilinus hexataenia","2013",475,950000,113,4.20353982300885
"February","Pseudocheilinus hexataenia","2016",1068,2224250,130,8.21538461538461
"February","Pseudocheilinus hexataenia","2017",798,1804000,84,9.5
"February","Pseudocheilinus hexataenia","2018",683,1599000,71,9.61971830985915
"February","Pseudocheilinus hexataenia","2019",1629,4066500,135,12.0666666666667
"February","Pseudocheilinus hexataenia","2022",448,1568000,36,12.4444444444444
"February","Pseudocheilinus hexataenia","2023",467,1471000,90,5.18888888888889
"February","Pseudochromis paccagnellae","2012",2,2000,63,0.0317460317460317
"February","Pseudochromis paccagnellae","2016",1,1000,130,0.00769230769230769
"February","Pseudochromis paccagnellae","2022",164,574000,36,4.55555555555556
"February","Pseudorhombus cinnamoneus","2022",2,6000,36,0.0555555555555556
"February","Ptereleotris evides","2012",83,100850,63,1.31746031746032
"February","Ptereleotris evides","2016",101,173700,130,0.776923076923077
"February","Ptereleotris evides","2017",8,18000,84,0.0952380952380952
"February","Ptereleotris evides","2018",15,42000,71,0.211267605633803
"February","Ptereleotris evides","2019",83,122000,135,0.614814814814815
"February","Ptereleotris evides","2022",26,114000,36,0.722222222222222
"February","Ptereleotris evides","2023",8,16000,90,0.0888888888888889
"February","Ptereleotris heteroptera","2013",9,13500,113,0.079646017699115
"February","Ptereleotris heteroptera","2022",8,32000,36,0.222222222222222
"February","Ptereleotris heteroptera","2023",6,18000,90,0.0666666666666667
"February","Ptereleotris heteropterus","2016",1,1500,130,0.00769230769230769
"February","Ptereleotris heteropterus","2018",1,1500,71,0.0140845070422535
"February","Ptereleotris heteropterus","2019",94,189000,135,0.696296296296296
"February","Ptereleotris heteropterus","2023",3,7500,90,0.0333333333333333
"February","Ptereleotris microlepis","2017",7,7000,84,0.0833333333333333
"February","Ptereleotris zebra","2013",20,30000,113,0.176991150442478
"February","Pterois antennata","2012",12,17700,63,0.19047619047619
"February","Pterois antennata","2016",39,58250,130,0.3
"February","Pterois antennata","2017",21,41500,84,0.25
"February","Pterois antennata","2018",17,35000,71,0.23943661971831
"February","Pterois antennata","2019",46,92000,135,0.340740740740741
"February","Pterois antennata","2022",8,40000,36,0.222222222222222
"February","Pterois antennata","2023",61,98500,90,0.677777777777778
"February","Pterois radiata","2012",3,21000,63,0.0476190476190476
"February","Pterois radiata","2016",2,16000,130,0.0153846153846154
"February","Pterois radiata","2017",4,60000,84,0.0476190476190476
"February","Pterois radiata","2018",4,60000,71,0.0563380281690141
"February","Pterois radiata","2023",1,15000,90,0.0111111111111111
"February","Pterois volitans","2012",3,21000,63,0.0476190476190476
"February","Pterois volitans","2013",7,33000,113,0.0619469026548673
"February","Pterois volitans","2016",2,16000,130,0.0153846153846154
"February","Pterois volitans","2018",1,10000,71,0.0140845070422535
"February","Pterois volitans","2019",7,65000,135,0.0518518518518519
"February","Pterois volitans","2022",10,165000,36,0.277777777777778
"February","Pygoplites diacanthus","2016",4,65000,130,0.0307692307692308
"February","Pygoplites diacanthus","2017",1,10000,84,0.0119047619047619
"February","Pygoplites diacanthus","2018",1,15000,71,0.0140845070422535
"February","Pygoplites diacanthus","2019",1,15000,135,0.00740740740740741
"February","Pygoplites diacanthus","2022",2,80000,36,0.0555555555555556
"February","Rhinchocinetes durbanensis","2016",425,312500,130,3.26923076923077
"February","Rhinchocinetes durbanensis","2019",50,35000,135,0.37037037037037
"February","Rhinecanthus aculeatus","2022",1,10000,36,0.0277777777777778
"February","Rhinecanthus verrucosus","2012",5,3750,63,0.0793650793650794
"February","Rhinecanthus verrucosus","2013",2,2000,113,0.0176991150442478
"February","Rhinecanthus verrucosus","2017",16,16000,84,0.19047619047619
"February","Rhinecanthus verrucosus","2018",3,3000,71,0.0422535211267606
"February","Rhinecanthus verrucosus","2019",28,28000,135,0.207407407407407
"February","Rhinecanthus verrucosus","2022",14,42000,36,0.388888888888889
"February","Rhinomuraena quaesita","2012",1,6000,63,0.0158730158730159
"February","Rhinomuraena quaesita","2013",1,7000,113,0.00884955752212389
"February","Rhinomuraena quaesita","2022",3,1e+05,36,0.0833333333333333
"February","Rhinomuraena quaesita","2023",4,60000,90,0.0444444444444444
"February","Rhinomuraena quesita","2016",3,94000,130,0.0230769230769231
"February","Rhinomuraena quesita","2019",13,121000,135,0.0962962962962963
"February","Rhynchocinetes durbanensis","2013",85,59500,113,0.752212389380531
"February","Rhynchocinetes durbanensis","2023",204,204000,90,2.26666666666667
"February","Salarias ceramensis","2013",3,3000,113,0.0265486725663717
"February","Salarias ceramensis","2022",3,21000,36,0.0833333333333333
"February","Salarias fasciatus","2016",49,49000,130,0.376923076923077
"February","Salarias fasciatus","2017",16,16000,84,0.19047619047619
"February","Salarias fasciatus","2019",42,42000,135,0.311111111111111
"February","Salarias fasciatus","2022",21,62500,36,0.583333333333333
"February","Salarias fasciatus","2023",25,32500,90,0.277777777777778
"February","Salarias segmentatus","2022",13,65000,36,0.361111111111111
"February","Siderea picta","2022",2,10000,36,0.0555555555555556
"February","Siganus corallinus","2016",1,1000,130,0.00769230769230769
"February","Signigobius biocellatus","2022",69,586500,36,1.91666666666667
"February","Stenopus Hispodus","2016",10,10000,130,0.0769230769230769
"February","Stenopus Hispodus","2018",6,6000,71,0.0845070422535211
"February","Stenopus Hispodus","2019",8,8000,135,0.0592592592592593
"February","Stenopus hispidus","2022",1,2500,36,0.0277777777777778
"February","Stenopus hispidus","2023",5,5000,90,0.0555555555555556
"February","Stenopus hispodus","2012",1,1000,63,0.0158730158730159
"February","Stenopus hispodus","2013",14,14000,113,0.123893805309735
"February","Stenopus tenuirostris","2022",8,80000,36,0.222222222222222
"February","Stethojulis bandanensis","2016",3,3000,130,0.0230769230769231
"February","Stethojulis bandanensis","2017",2,3000,84,0.0238095238095238
"February","Stethojulis bandanensis","2023",3,3000,90,0.0333333333333333
"February","Stonogobiops nematodes","2022",158,1185000,36,4.38888888888889
"February","Stonogobiops yasha","2022",1,42500,36,0.0277777777777778
"February","Sufflamen bursa","2023",1,3000,90,0.0111111111111111
"February","Sufflamen chrysopterus","2017",6,18000,84,0.0714285714285714
"February","Sufflamen chrysopterus","2018",2,2000,71,0.028169014084507
"February","Sufflamen chrysopterus","2019",17,17000,135,0.125925925925926
"February","Synchiropus ocellatus","2012",35,33750,63,0.555555555555556
"February","Synchiropus ocellatus","2013",104,104000,113,0.920353982300885
"February","Synchiropus ocellatus","2016",27,30250,130,0.207692307692308
"February","Synchiropus ocellatus","2017",85,126750,84,1.01190476190476
"February","Synchiropus ocellatus","2018",1,1000,71,0.0140845070422535
"February","Synchiropus ocellatus","2019",73,73000,135,0.540740740740741
"February","Synchiropus ocellatus","2022",278,1111500,36,7.72222222222222
"February","Synchiropus ocellatus","2023",7,16500,90,0.0777777777777778
"February","Synchiropus picturatus","2023",8,12000,90,0.0888888888888889
"February","Taenianotus triacanthus","2017",2,6000,84,0.0238095238095238
"February","Taenianotus triacanthus","2018",1,4000,71,0.0140845070422535
"February","Taenianotus triacanthus","2019",2,2500,135,0.0148148148148148
"February","Thalassoma amblycephalum","2013",1,1000,113,0.00884955752212389
"February","Thalassoma amblycephalum","2016",7,10000,130,0.0538461538461538
"February","Thalassoma amblycephalum","2018",5,5000,71,0.0704225352112676
"February","Thalassoma amblycephalum","2023",5,15000,90,0.0555555555555556
"February","Thalassoma lunare","2012",1,1000,63,0.0158730158730159
"February","Thalassoma lunare","2016",15,19000,130,0.115384615384615
"February","Thalassoma lunare","2017",5,13000,84,0.0595238095238095
"February","Thalassoma lunare","2018",8,10000,71,0.112676056338028
"February","Tomiyamichthys oni","2022",18,108000,36,0.5
"February","Valenciennea helsdingenii","2012",48,37000,63,0.761904761904762
"February","Valenciennea helsdingenii","2016",1,1500,130,0.00769230769230769
"February","Valenciennea helsdingenii","2017",59,88500,84,0.702380952380952
"February","Valenciennea helsdingenii","2018",278,486500,71,3.91549295774648
"February","Valenciennea helsdingenii","2019",72,138000,135,0.533333333333333
"February","Valenciennea helsdingenii","2023",3,9000,90,0.0333333333333333
"February","Valenciennea longipinnis","2022",5,12500,36,0.138888888888889
"February","Valenciennea puellaris","2012",37,39900,63,0.587301587301587
"February","Valenciennea puellaris","2013",163,244500,113,1.44247787610619
"February","Valenciennea puellaris","2016",316,463300,130,2.43076923076923
"February","Valenciennea puellaris","2017",211,316500,84,2.51190476190476
"February","Valenciennea puellaris","2018",170,313500,71,2.3943661971831
"February","Valenciennea puellaris","2019",518,1029000,135,3.83703703703704
"February","Valenciennea puellaris","2022",99,445500,36,2.75
"February","Valenciennea puellaris","2023",148,342000,90,1.64444444444444
"February","Valenciennea sexguttata","2012",2,1750,63,0.0317460317460317
"February","Valenciennea sexguttata","2013",12,15000,113,0.106194690265487
"February","Valenciennea sexguttata","2016",6,7000,130,0.0461538461538462
"February","Valenciennea sexguttata","2017",29,29000,84,0.345238095238095
"February","Valenciennea sexguttata","2019",169,260000,135,1.25185185185185
"February","Valenciennea sexguttata","2022",220,659500,36,6.11111111111111
"February","Valenciennea sexguttata","2023",5,9500,90,0.0555555555555556
"February","Valenciennea strigata","2012",177,213250,63,2.80952380952381
"February","Valenciennea strigata","2013",147,220500,113,1.30088495575221
"February","Valenciennea strigata","2016",52,74100,130,0.4
"February","Valenciennea strigata","2018",5,10000,71,0.0704225352112676
"February","Valenciennea strigata","2019",12,24000,135,0.0888888888888889
"February","Valenciennea strigata","2022",187,748000,36,5.19444444444444
"February","Valenciennea strigata","2023",88,256000,90,0.977777777777778
"February","Variola louti","2012",1,1500,63,0.0158730158730159
"February","Variola louti","2013",9,13500,113,0.079646017699115
"February","Variola louti","2019",2,3000,135,0.0148148148148148
"February","Wetmorella nigropinnata","2016",12,10750,130,0.0923076923076923
"February","Wetmorella nigropinnata","2017",18,30000,84,0.214285714285714
"February","Wetmorella nigropinnata","2018",4,4000,71,0.0563380281690141
"February","Wetmorella nigropinnata","2019",58,60000,135,0.42962962962963
"February","Wetmorella nigropinnata","2023",23,24725,90,0.255555555555556
"February","Zanclus cornutus","2012",2,3000,63,0.0317460317460317
"February","Zanclus cornutus","2016",22,35000,130,0.169230769230769
"February","Zanclus cornutus","2017",2,3250,84,0.0238095238095238
"February","Zanclus cornutus","2018",16,32000,71,0.225352112676056
"February","Zanclus cornutus","2019",18,36000,135,0.133333333333333
"February","Zanclus cornutus","2023",13,31000,90,0.144444444444444
"February","Zebrasoma scopas","2012",88,128700,63,1.3968253968254
"February","Zebrasoma scopas","2013",86,109500,113,0.761061946902655
"February","Zebrasoma scopas","2016",228,419250,130,1.75384615384615
"February","Zebrasoma scopas","2017",139,258250,84,1.6547619047619
"February","Zebrasoma scopas","2018",50,127500,71,0.704225352112676
"February","Zebrasoma scopas","2019",71,140000,135,0.525925925925926
"February","Zebrasoma scopas","2022",79,316000,36,2.19444444444444
"February","Zebrasoma scopas","2023",322,1006000,90,3.57777777777778
"February","Zebrasoma veliferum","2022",13,260000,36,0.361111111111111
"March","#N/A","2012",1027,1445118.27666151,100,10.27
"March","#N/A","2013",2326,2993400,63,36.9206349206349
"March","#N/A","2017",1591,2687500,73,21.7945205479452
"March","#N/A","2023",3,5500,106,0.0283018867924528
"March","Ablabys macracanthus","2023",1,2500,106,0.00943396226415094
"March","Ablabys taenionotus","2016",1,3000,240,0.00416666666666667
"March","Acanthurus bariene","2016",59,195500,240,0.245833333333333
"March","Acanthurus bariene","2018",22,170000,100,0.22
"March","Acanthurus bariene","2019",19,156000,78,0.243589743589744
"March","Acanthurus bariene","2023",19,190000,106,0.179245283018868
"March","Acanthurus chronixis","2012",6,8519.723183391,100,0.06
"March","Acanthurus chronixis","2022",39,284000,30,1.3
"March","Acanthurus chronixis","2023",32,196000,106,0.30188679245283
"March","Acanthurus grammoptilus","2012",6,4500,100,0.06
"March","Acanthurus grammoptilus","2013",2,2000,63,0.0317460317460317
"March","Acanthurus leucoheilus","2016",4,12500,240,0.0166666666666667
"March","Acanthurus leucoheilus","2017",15,70000,73,0.205479452054795
"March","Acanthurus leucoheilus","2018",8,25000,100,0.08
"March","Acanthurus leucoheilus","2019",5,25000,78,0.0641025641025641
"March","Acanthurus leucosternon","2018",1,15000,100,0.01
"March","Acanthurus lineatus","2012",1,2000,100,0.01
"March","Acanthurus lineatus","2013",6,18000,63,0.0952380952380952
"March","Acanthurus lineatus","2016",720,1074500,240,3
"March","Acanthurus lineatus","2017",71,224000,73,0.972602739726027
"March","Acanthurus lineatus","2018",36,126000,100,0.36
"March","Acanthurus lineatus","2019",74,230000,78,0.948717948717949
"March","Acanthurus lineatus","2022",12,62000,30,0.4
"March","Acanthurus lineatus","2023",61,256000,106,0.575471698113208
"March","Acanthurus maculiceps","2016",21,74500,240,0.0875
"March","Acanthurus maculiceps","2017",6,58000,73,0.0821917808219178
"March","Acanthurus maculiceps","2018",5,40000,100,0.05
"March","Acanthurus maculiceps","2019",3,30000,78,0.0384615384615385
"March","Acanthurus mata","2022",2,8000,30,0.0666666666666667
"March","Acanthurus nigricans","2012",17,107500,100,0.17
"March","Acanthurus nigricans","2016",4,32000,240,0.0166666666666667
"March","Acanthurus nigricans","2017",1,10000,73,0.0136986301369863
"March","Acanthurus nigricans","2018",9,108000,100,0.09
"March","Acanthurus nigricans","2023",5,80000,106,0.0471698113207547
"March","Acanthurus nigrofuscus","2012",75,66250,100,0.75
"March","Acanthurus nigrofuscus","2016",7,7000,240,0.0291666666666667
"March","Acanthurus nigrofuscus","2017",3,3000,73,0.0410958904109589
"March","Acanthurus nigrofuscus","2018",7,7000,100,0.07
"March","Acanthurus nigrofuscus","2023",1,1250,106,0.00943396226415094
"March","Acanthurus nigroris","2016",210,210000,240,0.875
"March","Acanthurus nigroris","2017",188,256000,73,2.57534246575342
"March","Acanthurus nigroris","2018",55,101000,100,0.55
"March","Acanthurus nigroris","2019",19,19000,78,0.243589743589744
"March","Acanthurus nigroris","2023",152,228000,106,1.43396226415094
"March","Acanthurus olivaceus","2012",1,1500,100,0.01
"March","Acanthurus olivaceus","2016",5,9000,240,0.0208333333333333
"March","Acanthurus olivaceus","2017",1,3000,73,0.0136986301369863
"March","Acanthurus olivaceus","2018",6,22000,100,0.06
"March","Acanthurus olivaceus","2019",4,14000,78,0.0512820512820513
"March","Acanthurus olivaceus","2022",12,125500,30,0.4
"March","Acanthurus olivaceus","2023",2,12000,106,0.0188679245283019
"March","Acanthurus pyroferus","2012",1,12000,100,0.01
"March","Acanthurus pyroferus","2013",21,157500,63,0.333333333333333
"March","Acanthurus pyroferus","2016",4,8000,240,0.0166666666666667
"March","Acanthurus pyroferus","2017",38,105000,73,0.520547945205479
"March","Acanthurus pyroferus","2018",26,97500,100,0.26
"March","Acanthurus pyroferus","2019",75,187500,78,0.961538461538462
"March","Acanthurus pyroferus","2022",35,690000,30,1.16666666666667
"March","Acanthurus pyroferus","2023",14,190000,106,0.132075471698113
"March","Acanthurus triostegus","2016",1,1500,240,0.00416666666666667
"March","Acanthurus triostegus","2017",17,25500,73,0.232876712328767
"March","Acanthurus triostegus","2019",1,1500,78,0.0128205128205128
"March","Acanthurus triostegus","2023",27,103000,106,0.254716981132075
"March","Acanthurus tristris","2017",7,29500,73,0.0958904109589041
"March","Acanthurus tristris","2018",3,9000,100,0.03
"March","Acanthurus tristris","2023",24,72000,106,0.226415094339623
"March","Acanthurus tritis","2022",1,6000,30,0.0333333333333333
"March","Acanthurus xanthopterus","2018",1,5000,100,0.01
"March","Acanthurus xanthopterus","2019",4,12500,78,0.0512820512820513
"March","Acreichthys radiatus","2013",1,5000,63,0.0158730158730159
"March","Acreichthys tomentosus","2022",4,12000,30,0.133333333333333
"March","Alpheus randalli","2022",11,66000,30,0.366666666666667
"March","Amblycirrhitus pinos","2012",69,49350,100,0.69
"March","Amblycirrhitus pinos","2013",1,750,63,0.0158730158730159
"March","Amblyeleotris aurora","2022",88,440000,30,2.93333333333333
"March","Amblyeleotris guttata","2022",117,468000,30,3.9
"March","Amblyeleotris randalli","2022",50,1930000,30,1.66666666666667
"March","Amblyeleotris steinitzi","2017",1,1500,73,0.0136986301369863
"March","Amblyeleotris wheeleri","2022",56,224000,30,1.86666666666667
"March","Amblygobius rainfordi","2016",1,1000,240,0.00416666666666667
"March","Amblygobius rainfordi","2018",1,1000,100,0.01
"March","Amblygobius rainfordi","2019",5,5000,78,0.0641025641025641
"March","Amphiprion clarkii","2012",27,28876.2658227848,100,0.27
"March","Amphiprion clarkii","2016",60,80800,240,0.25
"March","Amphiprion clarkii","2017",46,117750,73,0.63013698630137
"March","Amphiprion clarkii","2018",55,151500,100,0.55
"March","Amphiprion clarkii","2019",29,56000,78,0.371794871794872
"March","Amphiprion clarkii","2022",100,453500,30,3.33333333333333
"March","Amphiprion clarkii","2023",25,62000,106,0.235849056603774
"March","Amphiprion frenatus","2016",1,1500,240,0.00416666666666667
"March","Amphiprion frenatus","2018",1,3000,100,0.01
"March","Amphiprion ocellaris","2012",2,2833.33333333334,100,0.02
"March","Amphiprion ocellaris","2016",7,10500,240,0.0291666666666667
"March","Amphiprion ocellaris","2017",5,12500,73,0.0684931506849315
"March","Amphiprion ocellaris","2018",3,6500,100,0.03
"March","Amphiprion ocellaris","2019",4,8000,78,0.0512820512820513
"March","Amphiprion ocellaris","2022",12,35500,30,0.4
"March","Amphiprion ocellaris","2023",25,62500,106,0.235849056603774
"March","Amphiprion perideraion","2022",4,10500,30,0.133333333333333
"March","Amphiprion perideraion","2023",4,8500,106,0.0377358490566038
"March","Amphiprion polymnus","2022",39,187500,30,1.3
"March","Amphiprion polymnus","2023",4,13000,106,0.0377358490566038
"March","Amphiprion sandaracinos","2016",7,8500,240,0.0291666666666667
"March","Amphiprion sandaracinos","2018",6,10500,100,0.06
"March","Amphiprion sandaracinos","2019",10,15000,78,0.128205128205128
"March","Amphiprion sandaracinos","2023",3,9000,106,0.0283018867924528
"March","Anampses caeruleopunctatus","2016",5,5000,240,0.0208333333333333
"March","Anampses caeruleopunctatus","2017",2,6000,73,0.0273972602739726
"March","Anampses caeruleopunctatus","2018",5,15000,100,0.05
"March","Anampses caeruleopunctatus","2023",6,18500,106,0.0566037735849057
"March","Anampses lineatus","2012",4,8000,100,0.04
"March","Anampses melanurus","2012",1,1000,100,0.01
"March","Anampses melanurus","2018",1,2000,100,0.01
"March","Anampses melanurus","2019",2,4000,78,0.0256410256410256
"March","Anampses melanurus","2023",10,90000,106,0.0943396226415094
"March","Anampses meleagrides","2012",8,35000,100,0.08
"March","Anampses meleagrides","2016",54,239000,240,0.225
"March","Anampses meleagrides","2017",1,10000,73,0.0136986301369863
"March","Anampses meleagrides","2018",23,230000,100,0.23
"March","Anampses meleagrides","2019",2,10500,78,0.0256410256410256
"March","Anampses meleagrides","2022",2,25000,30,0.0666666666666667
"March","Anampses meleagrides","2023",38,397000,106,0.358490566037736
"March","Ancanthurus pyroferus","2018",2,16000,100,0.02
"March","Ancanthurus pyroferus","2019",1,10000,78,0.0128205128205128
"March","Antennarius nummifer","2016",3,6000,240,0.0125
"March","Apolemichthys trimaculatus","2012",1,10000,100,0.01
"March","Apolemichthys trimaculatus","2013",1,15000,63,0.0158730158730159
"March","Apolemichthys trimaculatus","2017",1,25000,73,0.0136986301369863
"March","Apolemichthys trimaculatus","2019",1,25000,78,0.0128205128205128
"March","Apolemichthys trimaculatus","2022",1,30000,30,0.0333333333333333
"March","Arothron immaculatus","2012",1,1500,100,0.01
"March","Arothron meleagris","2013",8,13000,63,0.126984126984127
"March","Arothron meleagris","2016",11,20500,240,0.0458333333333333
"March","Arothron meleagris","2017",34,64000,73,0.465753424657534
"March","Arothron meleagris","2018",17,51000,100,0.17
"March","Arothron meleagris","2019",11,33000,78,0.141025641025641
"March","Arothron nigropunctatus","2022",21,99000,30,0.7
"March","Arothron nigropunctatus","2023",23,46000,106,0.216981132075472
"March","Atrosalarias fuscus","2016",24,24000,240,0.1
"March","Atrosalarias fuscus","2017",3,3000,73,0.0410958904109589
"March","Atrosalarias fuscus","2018",16,16000,100,0.16
"March","Atrosalarias fuscus","2019",17,17000,78,0.217948717948718
"March","Atrosalarias fuscus","2023",4,5500,106,0.0377358490566038
"March","Balistapus undulatus","2012",2,2100,100,0.02
"March","Balistapus undulatus","2016",3,3000,240,0.0125
"March","Balistapus undulatus","2018",7,21000,100,0.07
"March","Balistoides conspicillum","2012",1,50000,100,0.01
"March","Balistoides conspicillum","2018",2,2e+05,100,0.02
"March","Bodianus anthioides","2013",2,30000,63,0.0317460317460317
"March","Bodianus axillaris","2016",1,2500,240,0.00416666666666667
"March","Bodianus axillaris","2017",2,16000,73,0.0273972602739726
"March","Bodianus bimaculatus","2016",1,4000,240,0.00416666666666667
"March","Bodianus bimaculatus","2018",9,45000,100,0.09
"March","Bodianus bimaculatus","2019",10,50000,78,0.128205128205128
"March","Bodianus diana","2016",310,595500,240,1.29166666666667
"March","Bodianus diana","2017",74,154000,73,1.01369863013699
"March","Bodianus diana","2018",130,265500,100,1.3
"March","Bodianus diana","2019",14,28000,78,0.179487179487179
"March","Bodianus diana","2022",12,36000,30,0.4
"March","Bodianus diana","2023",13,24101.2727272727,106,0.122641509433962
"March","Bodianus mesothorax","2016",17,34500,240,0.0708333333333333
"March","Bodianus mesothorax","2017",23,53000,73,0.315068493150685
"March","Bodianus mesothorax","2018",13,28500,100,0.13
"March","Bodianus mesothorax","2019",17,34000,78,0.217948717948718
"March","Bodianus mesothorax","2022",6,24000,30,0.2
"March","Bodianus mesothorax","2023",11,20832.935483871,106,0.10377358490566
"March","Calcinus elegans","2023",155,7163214.28571428,106,1.4622641509434
"March","Cantherhines pardalis","2012",2,1250,100,0.02
"March","Canthigaster epilampra","2012",6,5750,100,0.06
"March","Canthigaster solandri","2022",2,6000,30,0.0666666666666667
"March","Canthigaster solandri","2023",27,69000,106,0.254716981132075
"March","Canthigaster valentini","2012",20,18750,100,0.2
"March","Canthigaster valentini","2016",48,48000,240,0.2
"March","Canthigaster valentini","2017",29,50000,73,0.397260273972603
"March","Canthigaster valentini","2018",43,56500,100,0.43
"March","Canthigaster valentini","2019",23,23000,78,0.294871794871795
"March","Canthigaster valentini","2022",75,256000,30,2.5
"March","Canthigaster valentini","2023",57,162250,106,0.537735849056604
"March","Centropyge bicolor","2012",17,42483.498349835,100,0.17
"March","Centropyge bicolor","2013",64,225750,63,1.01587301587302
"March","Centropyge bicolor","2016",33,109000,240,0.1375
"March","Centropyge bicolor","2017",19,97250,73,0.26027397260274
"March","Centropyge bicolor","2018",30,135000,100,0.3
"March","Centropyge bicolor","2019",85,327500,78,1.08974358974359
"March","Centropyge bicolor","2022",122,1015000,30,4.06666666666667
"March","Centropyge bicolor","2023",210,1116000,106,1.9811320754717
"March","Centropyge bispinosus","2012",1,3000,100,0.01
"March","Centropyge bispinosus","2019",1,10000,78,0.0128205128205128
"March","Centropyge eibli","2012",21,61959.7701149425,100,0.21
"March","Centropyge eibli","2016",33,106750,240,0.1375
"March","Centropyge eibli","2017",40,156000,73,0.547945205479452
"March","Centropyge eibli","2018",9,45000,100,0.09
"March","Centropyge eibli","2019",11,52500,78,0.141025641025641
"March","Centropyge eibli","2022",26,201500,30,0.866666666666667
"March","Centropyge eibli","2023",35,145000,106,0.330188679245283
"March","Centropyge flavicauda","2012",2,2000,100,0.02
"March","Centropyge nox","2012",4,7500,100,0.04
"March","Centropyge nox","2013",7,10500,63,0.111111111111111
"March","Centropyge nox","2017",1,4500,73,0.0136986301369863
"March","Centropyge nox","2019",1,2500,78,0.0128205128205128
"March","Centropyge nox","2022",5,25000,30,0.166666666666667
"March","Centropyge nox","2023",19,38000,106,0.179245283018868
"March","Centropyge tibicen","2012",14,26876.953125,100,0.14
"March","Centropyge tibicen","2016",43,77500,240,0.179166666666667
"March","Centropyge tibicen","2017",4,9000,73,0.0547945205479452
"March","Centropyge tibicen","2018",27,68000,100,0.27
"March","Centropyge tibicen","2019",14,35000,78,0.179487179487179
"March","Centropyge tibicen","2022",32,158000,30,1.06666666666667
"March","Centropyge tibicen","2023",4,6000,106,0.0377358490566038
"March","Centropyge vroliki","2016",112,164750,240,0.466666666666667
"March","Centropyge vroliki","2017",12,18000,73,0.164383561643836
"March","Centropyge vroliki","2018",21,27000,100,0.21
"March","Centropyge vroliki","2019",41,59000,78,0.525641025641026
"March","Centropyge vroliki","2022",32,119000,30,1.06666666666667
"March","Centropyge vroliki","2023",71,178000,106,0.669811320754717
"March","Centropyge vrolikii","2012",44,49118.7214611872,100,0.44
"March","Cephalopholis miniata","2016",8,24000,240,0.0333333333333333
"March","Cetoscarus bicolor","2016",4,20000,240,0.0166666666666667
"March","Cetoscarus bicolor","2022",8,120000,30,0.266666666666667
"March","Chaetodon Sp","2023",77,115500,106,0.726415094339623
"March","Chaetodon adiergastos","2016",3,3000,240,0.0125
"March","Chaetodon auriga","2016",2,2000,240,0.00833333333333333
"March","Chaetodon auriga","2019",3,6000,78,0.0384615384615385
"March","Chaetodon auriga","2022",25,191000,30,0.833333333333333
"March","Chaetodon baronessa","2012",6,7226.85185185185,100,0.06
"March","Chaetodon baronessa","2013",10,10000,63,0.158730158730159
"March","Chaetodon baronessa","2016",2,2000,240,0.00833333333333333
"March","Chaetodon baronessa","2017",18,28500,73,0.246575342465753
"March","Chaetodon baronessa","2018",22,50500,100,0.22
"March","Chaetodon baronessa","2019",23,23000,78,0.294871794871795
"March","Chaetodon baronessa","2022",14,42000,30,0.466666666666667
"March","Chaetodon baronessa","2023",18,54000,106,0.169811320754717
"March","Chaetodon bennetti","2017",1,5000,73,0.0136986301369863
"March","Chaetodon bennetti","2022",5,1e+05,30,0.166666666666667
"March","Chaetodon citrinellus","2023",12,23500,106,0.113207547169811
"March","Chaetodon decussatus","2022",1,3000,30,0.0333333333333333
"March","Chaetodon decussatus","2023",1,3000,106,0.00943396226415094
"March","Chaetodon ephippium","2022",1,10000,30,0.0333333333333333
"March","Chaetodon falcula","2022",2,35000,30,0.0666666666666667
"March","Chaetodon kleinii","2012",34,27750,100,0.34
"March","Chaetodon kleinii","2013",67,64500,63,1.06349206349206
"March","Chaetodon kleinii","2016",197,197000,240,0.820833333333333
"March","Chaetodon kleinii","2018",67,97000,100,0.67
"March","Chaetodon kleinii","2019",72,78000,78,0.923076923076923
"March","Chaetodon kleinii","2022",25,48500,30,0.833333333333333
"March","Chaetodon kleinii","2023",206,4e+05,106,1.94339622641509
"March","Chaetodon lunula","2013",2,15000,63,0.0317460317460317
"March","Chaetodon lunula","2016",1,3000,240,0.00416666666666667
"March","Chaetodon lunula","2019",1,10000,78,0.0128205128205128
"March","Chaetodon lunula","2022",12,240000,30,0.4
"March","Chaetodon lunula","2023",3,18000,106,0.0283018867924528
"March","Chaetodon lunulatus","2012",7,7000,100,0.07
"March","Chaetodon melannotus","2018",1,3500,100,0.01
"March","Chaetodon melannotus","2022",6,36000,30,0.2
"March","Chaetodon melannotus","2023",1,4000,106,0.00943396226415094
"March","Chaetodon meyeri","2012",1,4541.66666666667,100,0.01
"March","Chaetodon meyeri","2017",3,18500,73,0.0410958904109589
"March","Chaetodon meyeri","2018",2,16000,100,0.02
"March","Chaetodon meyeri","2019",1,6000,78,0.0128205128205128
"March","Chaetodon rafflesi","2022",43,301000,30,1.43333333333333
"March","Chaetodon rafflesi","2023",6,36000,106,0.0566037735849057
"March","Chaetodon trifascialis","2016",1,1500,240,0.00416666666666667
"March","Chaetodon trifascialis","2017",5,15000,73,0.0684931506849315
"March","Chaetodon trifascialis","2018",2,8000,100,0.02
"March","Chaetodon trifascialis","2022",3,22500,30,0.1
"March","Chaetodon trifascialis","2023",5,25000,106,0.0471698113207547
"March","Chaetodon trifasciatus","2012",4,4000,100,0.04
"March","Chaetodon trifasciatus","2013",28,28000,63,0.444444444444444
"March","Chaetodon trifasciatus","2016",7,7000,240,0.0291666666666667
"March","Chaetodon trifasciatus","2017",23,45500,73,0.315068493150685
"March","Chaetodon trifasciatus","2018",8,14000,100,0.08
"March","Chaetodon trifasciatus","2019",2,2000,78,0.0256410256410256
"March","Chaetodon trifasciatus","2022",1,3000,30,0.0333333333333333
"March","Chaetodon trifasciatus","2023",11,33000,106,0.10377358490566
"March","Chaetodon ulietensis","2022",6,45000,30,0.2
"March","Chaetodon vagabundus","2022",13,40000,30,0.433333333333333
"March","Chaetodon vagabundus","2023",31,93000,106,0.292452830188679
"March","Cheilinus fasciatus","2016",6,6000,240,0.025
"March","Cheilinus fasciatus","2023",3,3000,106,0.0283018867924528
"March","Chelidonura varians","2022",1,5000,30,0.0333333333333333
"March","Chelmon rostratus","2022",37,370000,30,1.23333333333333
"March","Chepalopholis taeniops","2012",1,3000,100,0.01
"March","Chirrhilabrus cyanopleura","2016",396,276263.736263736,240,1.65
"March","Chirrhilabrus cyanopleura","2018",27,61500,100,0.27
"March","Chirrhilabrus cyanopleura","2019",36,169000,78,0.461538461538462
"March","Chromi lineata","2023",11,8250,106,0.10377358490566
"March","Chromis lineata","2022",187,374000,30,6.23333333333333
"March","Chromis lineata","2023",268,536000,106,2.52830188679245
"March","Chromis margaritifer","2012",9,4500,100,0.09
"March","Chromis margaritifer","2013",26,18000,63,0.412698412698413
"March","Chromis margaritifer","2016",50,31500,240,0.208333333333333
"March","Chromis margaritifer","2017",84,105300,73,1.15068493150685
"March","Chromis margaritifer","2018",105,153500,100,1.05
"March","Chromis margaritifer","2019",117,117000,78,1.5
"March","Chromis margaritifer","2022",68,102000,30,2.26666666666667
"March","Chromis margaritifer","2023",249,360375,106,2.34905660377358
"March","Chromis retrofasciata","2016",395,227000,240,1.64583333333333
"March","Chromis retrofasciata","2018",195,153000,100,1.95
"March","Chromis retrofasciata","2019",210,210000,78,2.69230769230769
"March","Chromis retrofasciata","2022",59,88500,30,1.96666666666667
"March","Chromis retrofasciata","2023",344,516000,106,3.24528301886792
"March","Chromis viridis","2012",295,147500,100,2.95
"March","Chromis viridis","2013",390,222000,63,6.19047619047619
"March","Chromis viridis","2016",810,683500,240,3.375
"March","Chromis viridis","2017",254,378200,73,3.47945205479452
"March","Chromis viridis","2018",1210,1770000,100,12.1
"March","Chromis viridis","2022",520,780000,30,17.3333333333333
"March","Chromis viridis","2023",550,741761.614583333,106,5.18867924528302
"March","Chromis weberi","2012",215,112500,100,2.15
"March","Chromis weberi","2013",10,6000,63,0.158730158730159
"March","Chrysiptera cyanea","2022",4,6000,30,0.133333333333333
"March","Chrysiptera talboti","2012",76,38000,100,0.76
"March","Chrysiptera talboti","2013",32,19200,63,0.507936507936508
"March","Chrysiptera talboti","2016",704,421900,240,2.93333333333333
"March","Chrysiptera talboti","2017",423,359100,73,5.79452054794521
"March","Chrysiptera talboti","2018",569,548500,100,5.69
"March","Chrysiptera talboti","2019",799,814000,78,10.2435897435897
"March","Chrysiptera talboti","2022",276,414000,30,9.2
"March","Chrysiptera talboti","2023",642,830500,106,6.05660377358491
"March","Cirrhilabrus cyanopleura","2012",156,81200,100,1.56
"March","Cirrhilabrus cyanopleura","2013",21,11200,63,0.333333333333333
"March","Cirrhilabrus cyanopleura","2022",54,108000,30,1.8
"March","Cirrhilabrus cyanopleura","2023",83,157000,106,0.783018867924528
"March","Cirrhilabrus exquisitus","2012",99,100050,100,0.99
"March","Cirrhilabrus exquisitus","2016",185,281500,240,0.770833333333333
"March","Cirrhilabrus exquisitus","2018",56,149000,100,0.56
"March","Cirrhilabrus exquisitus","2019",15,30000,78,0.192307692307692
"March","Cirrhilabrus exquisitus","2022",9,36000,30,0.3
"March","Cirrhilabrus exquisitus","2023",2,8000,106,0.0188679245283019
"March","Cirrhilabrus filamentosus","2016",21,52500,240,0.0875
"March","Cirrhilabrus flavidorsalis","2022",2,10000,30,0.0666666666666667
"March","Cirrhilabrus flavidorsalis","2023",1,1500,106,0.00943396226415094
"March","Cirrhilabrus lubbocki","2012",9,9000,100,0.09
"March","Cirrhilabrus lubbocki","2016",34,47000,240,0.141666666666667
"March","Cirrhilabrus lubbocki","2017",1,1000,73,0.0136986301369863
"March","Cirrhilabrus lubbocki","2018",5,7000,100,0.05
"March","Cirrhilabrus lubbocki","2022",41,164000,30,1.36666666666667
"March","Cirrhitichthys aprinus","2016",185,182600,240,0.770833333333333
"March","Cirrhitichthys aprinus","2017",52,58500,73,0.712328767123288
"March","Cirrhitichthys aprinus","2018",98,100500,100,0.98
"March","Cirrhitichthys aprinus","2019",23,23000,78,0.294871794871795
"March","Cirrhitichthys aprinus","2023",173,173000,106,1.63207547169811
"March","Cirrhitichthys falco","2022",18,40000,30,0.6
"March","Cirrhitichthys falco","2023",13,26000,106,0.122641509433962
"March","Cirrhitichthys oxycephalus","2022",2,4000,30,0.0666666666666667
"March","Cirrhitichthys oxycephalus","2023",5,10000,106,0.0471698113207547
"March","Coris aygula","2016",1,25000,240,0.00416666666666667
"March","Coris gaimard","2012",7,14000,100,0.07
"March","Coris gaimard","2013",2,5500,63,0.0317460317460317
"March","Coris gaimard","2016",94,268750,240,0.391666666666667
"March","Coris gaimard","2017",33,89750,73,0.452054794520548
"March","Coris gaimard","2018",50,176000,100,0.5
"March","Coris gaimard","2019",22,64000,78,0.282051282051282
"March","Coris gaimard","2022",15,142000,30,0.5
"March","Coris gaimard","2023",151,573500,106,1.42452830188679
"March","Cromileptes altivelis","2022",1,10000,30,0.0333333333333333
"March","Ctenochaetus striatus","2022",49,152500,30,1.63333333333333
"March","Ctenochaetus striatus","2023",91,273000,106,0.858490566037736
"March","Ctenogobiops tangaroai","2022",2,15000,30,0.0666666666666667
"March","Dascyllus aruanus","2013",87,45100,63,1.38095238095238
"March","Dascyllus reticulatus","2018",118,109500,100,1.18
"March","Dascyllus reticulatus","2019",15,15000,78,0.192307692307692
"March","Dascyllus reticulatus","2022",19,28500,30,0.633333333333333
"March","Dascyllus reticulatus","2023",103,154500,106,0.971698113207547
"March","Dascyllus trimaculatus","2012",74,37000,100,0.74
"March","Dascyllus trimaculatus","2013",54,32400,63,0.857142857142857
"March","Dascyllus trimaculatus","2016",118,61000,240,0.491666666666667
"March","Dascyllus trimaculatus","2017",65,36000,73,0.89041095890411
"March","Dascyllus trimaculatus","2018",113,94800,100,1.13
"March","Dascyllus trimaculatus","2019",459,459000,78,5.88461538461539
"March","Dascyllus trimaculatus","2022",115,172500,30,3.83333333333333
"March","Dascyllus trimaculatus","2023",159,231750,106,1.5
"March","Dendrochirus biocellatus","2012",1,7259.25925925926,100,0.01
"March","Dendrochirus biocellatus","2013",15,42000,63,0.238095238095238
"March","Dendrochirus biocellatus","2016",12,95000,240,0.05
"March","Dendrochirus biocellatus","2017",8,64000,73,0.10958904109589
"March","Dendrochirus biocellatus","2018",5,50000,100,0.05
"March","Dendrochirus biocellatus","2019",5,41000,78,0.0641025641025641
"March","Dendrochirus biocellatus","2022",13,195000,30,0.433333333333333
"March","Dendrochirus biocellatus","2023",3,30000,106,0.0283018867924528
"March","Dendrochirus zebra","2016",4,4000,240,0.0166666666666667
"March","Dendrochirus zebra","2017",2,2000,73,0.0273972602739726
"March","Dendrochirus zebra","2018",8,12000,100,0.08
"March","Dendrochirus zebra","2019",7,7000,78,0.0897435897435897
"March","Dendrochirus zebra","2022",1,3000,30,0.0333333333333333
"March","Dendrochirus zebra","2023",1,1595.2380952381,106,0.00943396226415094
"March","Diademichthys lineatus","2022",2,6000,30,0.0666666666666667
"March","Diproctacanthus xanthurus","2016",2,2000,240,0.00833333333333333
"March","Dischistodus perspicillatus","2016",35,17500,240,0.145833333333333
"March","Dischistodus perspicillatus","2019",183,183000,78,2.34615384615385
"March","Doryrhamphus dactyliophorus","2013",1,2000,63,0.0158730158730159
"March","Doryrhamphus dactyliophorus","2016",4,7000,240,0.0166666666666667
"March","Doryrhamphus dactyliophorus","2017",4,6000,73,0.0547945205479452
"March","Doryrhamphus excisus","2022",4,24000,30,0.133333333333333
"March","Doryrhamphus excisus excisus","2012",1,1500,100,0.01
"March","Doryrhamphus excisus excisus","2013",1,3000,63,0.0158730158730159
"March","Doryrhamphus janssi","2022",1,10000,30,0.0333333333333333
"March","Echeneis naucrates","2013",1,3000,63,0.0158730158730159
"March","Echidna polyzona","2016",3,30000,240,0.0125
"March","Echidna polyzona","2018",1,10000,100,0.01
"March","Ecsenius bicolor","2012",41,53500,100,0.41
"March","Ecsenius bicolor","2016",41,61500,240,0.170833333333333
"March","Ecsenius bicolor","2017",158,267000,73,2.16438356164384
"March","Ecsenius bicolor","2018",35,67500,100,0.35
"March","Ecsenius bicolor","2019",48,72000,78,0.615384615384615
"March","Ecsenius bicolor","2022",183,732000,30,6.1
"March","Ecsenius bicolor","2023",21,56000,106,0.19811320754717
"March","Ecsenius midas","2016",2,2500,240,0.00833333333333333
"March","Ecsenius namiyei","2012",5,4250,100,0.05
"March","Exallias brevis","2012",6,8700,100,0.06
"March","Exallias brevis","2016",36,70000,240,0.15
"March","Exallias brevis","2017",2,3000,73,0.0273972602739726
"March","Exallias brevis","2022",2,9000,30,0.0666666666666667
"March","Exallias brevis","2023",10,25000,106,0.0943396226415094
"March","Forcipiger flavissimus","2012",1,7000,100,0.01
"March","Forcipiger flavissimus","2013",22,132000,63,0.349206349206349
"March","Forcipiger flavissimus","2017",1,7000,73,0.0136986301369863
"March","Forcipiger flavissimus","2023",1,1500,106,0.00943396226415094
"March","Genicanthus lamarck","2016",1,3000,240,0.00416666666666667
"March","Gomphosus varius","2016",23,40500,240,0.0958333333333333
"March","Gomphosus varius","2017",6,12000,73,0.0821917808219178
"March","Gomphosus varius","2022",1,12500,30,0.0333333333333333
"March","Gomphosus varius","2023",6,6288.2727272727,106,0.0566037735849057
"March","Gymnomuraena zebra","2013",1,10000,63,0.0158730158730159
"March","Halichoeres argus","2023",1,1000,106,0.00943396226415094
"March","Halichoeres biocellatus","2023",4,12000,106,0.0377358490566038
"March","Halichoeres chrysus","2012",532,514192.485549133,100,5.32
"March","Halichoeres chrysus","2013",33,49500,63,0.523809523809524
"March","Halichoeres chrysus","2016",2431,3089500,240,10.1291666666667
"March","Halichoeres chrysus","2017",323,560500,73,4.42465753424658
"March","Halichoeres chrysus","2018",523,1011500,100,5.23
"March","Halichoeres chrysus","2019",203,391500,78,2.6025641025641
"March","Halichoeres chrysus","2022",439,1327500,30,14.6333333333333
"March","Halichoeres chrysus","2023",564,1489500,106,5.32075471698113
"March","Halichoeres hortulanus","2012",29,18500,100,0.29
"March","Halichoeres hortulanus","2013",8,6000,63,0.126984126984127
"March","Halichoeres hortulanus","2016",27,20250,240,0.1125
"March","Halichoeres hortulanus","2017",16,13500,73,0.219178082191781
"March","Halichoeres hortulanus","2018",49,39000,100,0.49
"March","Halichoeres hortulanus","2019",4,4000,78,0.0512820512820513
"March","Halichoeres hortulanus","2023",31,38750,106,0.292452830188679
"March","Halichoeres marginatus","2018",3,7500,100,0.03
"March","Halichoeres marginatus","2022",15,45000,30,0.5
"March","Halichoeres marginatus","2023",103,309000,106,0.971698113207547
"March","Halichoeres melanurus","2017",21,21000,73,0.287671232876712
"March","Halichoeres melanurus","2018",27,28000,100,0.27
"March","Halichoeres melanurus","2019",2,2000,78,0.0256410256410256
"March","Halichoeres melanurus","2022",1,3000,30,0.0333333333333333
"March","Halichoeres melanurus","2023",3,9000,106,0.0283018867924528
"March","Halichoeres ornatissimus","2023",1,3000,106,0.00943396226415094
"March","Halichoeres podostigma","2022",3,7500,30,0.1
"March","Halichoeres podostigma","2023",8,20000,106,0.0754716981132075
"March","Halichoeres prosopeion","2012",42,67500,100,0.42
"March","Halichoeres prosopeion","2023",4,10000,106,0.0377358490566038
"March","Hapalochlaena lunulata","2022",1,4000,30,0.0333333333333333
"March","Heniochus acuminatus","2012",2,11544.4444444444,100,0.02
"March","Heniochus acuminatus","2013",25,68000,63,0.396825396825397
"March","Heniochus acuminatus","2022",42,930000,30,1.4
"March","Heniochus chrysostomus","2022",1,8500,30,0.0333333333333333
"March","Heniochus monoceros","2016",22,105500,240,0.0916666666666667
"March","Heniochus monoceros","2017",4,28000,73,0.0547945205479452
"March","Heniochus monoceros","2018",3,24000,100,0.03
"March","Heniochus monoceros","2019",1,4000,78,0.0128205128205128
"March","Heniochus varius","2012",2,3000,100,0.02
"March","Heniochus varius","2013",2,3000,63,0.0317460317460317
"March","Heniochus varius","2016",30,35500,240,0.125
"March","Heniochus varius","2017",10,21000,73,0.136986301369863
"March","Heniochus varius","2018",14,29000,100,0.14
"March","Heniochus varius","2019",21,29500,78,0.269230769230769
"March","Heniochus varius","2022",11,77000,30,0.366666666666667
"March","Heniochus varius","2023",5,5000,106,0.0471698113207547
"March","Hoplolatilus luteus","2022",5,75000,30,0.166666666666667
"March","Hymenocera elegans","2022",13,315000,30,0.433333333333333
"March","Iniistius pavo","2012",3,5500,100,0.03
"March","Iniistius pavo","2016",39,114750,240,0.1625
"March","Koumansetta hectori","2022",6,24000,30,0.2
"March","Koumansetta rainfordi","2022",163,652000,30,5.43333333333333
"March","Koumansetta rainfordi","2023",1,4000,106,0.00943396226415094
"March","Labrichthys Unilineatus","2022",5,15000,30,0.166666666666667
"March","Labrichthys unilineatus","2016",20,20000,240,0.0833333333333333
"March","Labrichthys unilineatus","2017",4,4000,73,0.0547945205479452
"March","Labrichthys unilineatus","2018",8,8000,100,0.08
"March","Labroides bicolor","2012",4,24000,100,0.04
"March","Labroides bicolor","2013",2,12000,63,0.0317460317460317
"March","Labroides bicolor","2016",15,97700,240,0.0625
"March","Labroides bicolor","2017",3,23500,73,0.0410958904109589
"March","Labroides bicolor","2018",35,342000,100,0.35
"March","Labroides bicolor","2019",1,8000,78,0.0128205128205128
"March","Labroides bicolor","2022",11,155000,30,0.366666666666667
"March","Labroides bicolor","2023",26,227189.112903226,106,0.245283018867925
"March","Labroides dimidiatus","2012",337,252720,100,3.37
"March","Labroides dimidiatus","2013",129,307000,63,2.04761904761905
"March","Labroides dimidiatus","2016",1220,1227000,240,5.08333333333333
"March","Labroides dimidiatus","2017",257,275000,73,3.52054794520548
"March","Labroides dimidiatus","2018",268,287000,100,2.68
"March","Labroides dimidiatus","2019",140,190500,78,1.79487179487179
"March","Labroides dimidiatus","2022",487,974000,30,16.2333333333333
"March","Labroides dimidiatus","2023",452,366797.22,106,4.26415094339623
"March","Labroides pectoralis","2022",4,60000,30,0.133333333333333
"March","Labroides pectoralis","2023",2,25000,106,0.0188679245283019
"March","Labroides rubrolabiatus","2012",2,6000,100,0.02
"March","Labroides rubrolabiatus","2016",6,22000,240,0.025
"March","Labroides rubrolabiatus","2018",2,16000,100,0.02
"March","Lactoria cornuta","2013",1,3500,63,0.0158730158730159
"March","Lysmata amboinensis","2012",15,69500,100,0.15
"March","Lysmata amboinensis","2013",4,16000,63,0.0634920634920635
"March","Lysmata amboinensis","2016",20,150000,240,0.0833333333333333
"March","Lysmata amboinensis","2018",3,33000,100,0.03
"March","Lysmata amboinensis","2019",227,2436000,78,2.91025641025641
"March","Lysmata amboinensis","2022",24,357000,30,0.8
"March","Lysmata amboinensis","2023",24,39000,106,0.226415094339623
"March","Lysmata debelius","2016",2,16000,240,0.00833333333333333
"March","Macolor niger","2017",1,5000,73,0.0136986301369863
"March","Macolor niger","2019",4,20000,78,0.0512820512820513
"March","Macolor niger","2022",1,7000,30,0.0333333333333333
"March","Macropharyngodon meleagris","2012",82,66000,100,0.82
"March","Macropharyngodon meleagris","2013",1,600,63,0.0158730158730159
"March","Macropharyngodon meleagris","2016",714,770700,240,2.975
"March","Macropharyngodon meleagris","2017",163,196600,73,2.23287671232877
"March","Macropharyngodon meleagris","2018",137,177000,100,1.37
"March","Macropharyngodon meleagris","2019",34,34000,78,0.435897435897436
"March","Macropharyngodon meleagris","2023",120,180000,106,1.13207547169811
"March","Macropharyngodon negrosensis","2012",41,41666.6666666667,100,0.41
"March","Macropharyngodon negrosensis","2016",46,46000,240,0.191666666666667
"March","Macropharyngodon negrosensis","2017",9,12000,73,0.123287671232877
"March","Macropharyngodon negrosensis","2018",16,23000,100,0.16
"March","Macropharyngodon negrosensis","2019",1,1000,78,0.0128205128205128
"March","Macropharyngodon negrosensis","2022",6,17000,30,0.2
"March","Macropharyngodon negrosensis","2023",5,11500,106,0.0471698113207547
"March","Macropharyngodon ornatus","2022",33,104000,30,1.1
"March","Macropharyngodon ornatus","2023",22,66000,106,0.207547169811321
"March","Malacanthus latovittatus","2012",1,1500,100,0.01
"March","Malacanthus latovittatus","2016",5,8500,240,0.0208333333333333
"March","Malacanthus latovittatus","2018",1,2000,100,0.01
"March","Malacanthus latovittatus","2019",1,2000,78,0.0128205128205128
"March","Malacanthus latovittatus","2023",1,7000,106,0.00943396226415094
"March","Meiacanthus atrodorsalis","2022",8,32000,30,0.266666666666667
"March","Meiacanthus atrodorsalis","2023",10,32000,106,0.0943396226415094
"March","Meiacanthus grammistes","2016",6,6000,240,0.025
"March","Meiacanthus grammistes","2019",10,10000,78,0.128205128205128
"March","Meiacanthus grammistes","2022",26,78000,30,0.866666666666667
"March","Meiacanthus grammistes","2023",12,18500,106,0.113207547169811
"March","Meiacanthus smithii","2022",29,87000,30,0.966666666666667
"March","Meiacanthus smithii","2023",7,10000,106,0.0660377358490566
"March","Melichthys vidua","2012",5,17000,100,0.05
"March","Melichthys vidua","2017",4,16500,73,0.0547945205479452
"March","Melichthys vidua","2018",2,7000,100,0.02
"March","Melichthys vidua","2022",6,60000,30,0.2
"March","Melichthys vidua","2023",1,1693.23076923077,106,0.00943396226415094
"March","Monacanthus chinensis","2016",2,1500,240,0.00833333333333333
"March","Monacanthus chinensis","2017",5,3750,73,0.0684931506849315
"March","Monacanthus chinensis","2023",20,20000,106,0.188679245283019
"March","Naso Lopezi","2022",2,6000,30,0.0666666666666667
"March","Naso Lopezi","2023",13,39000,106,0.122641509433962
"March","Naso elegans","2017",1,15000,73,0.0136986301369863
"March","Naso lituratus","2012",27,54000,100,0.27
"March","Naso lituratus","2013",77,589000,63,1.22222222222222
"March","Naso lituratus","2016",9,31500,240,0.0375
"March","Naso lituratus","2017",52,208500,73,0.712328767123288
"March","Naso lituratus","2018",19,57500,100,0.19
"March","Naso lituratus","2019",11,63500,78,0.141025641025641
"March","Naso lituratus","2022",106,1130000,30,3.53333333333333
"March","Naso lituratus","2023",56,239000,106,0.528301886792453
"March","Naso unicornis","2016",1,1000,240,0.00416666666666667
"March","Naso unicornis","2018",4,6000,100,0.04
"March","Naso unicornis","2023",7,28000,106,0.0660377358490566
"March","Naso vlamingii","2022",12,108000,30,0.4
"March","Naso vlamingii","2023",6,24000,106,0.0566037735849057
"March","Nemateleotris magnifica","2016",1,6000,240,0.00416666666666667
"March","Nemateleotris magnifica","2017",1,6500,73,0.0136986301369863
"March","Nemateleotris magnifica","2019",1,8000,78,0.0128205128205128
"March","Neoglyphidodon crossi","2012",21,21000,100,0.21
"March","Neoglyphidodon crossi","2013",34,34000,63,0.53968253968254
"March","Neoglyphidodon crossi","2016",391,398050,240,1.62916666666667
"March","Neoglyphidodon crossi","2017",18,36000,73,0.246575342465753
"March","Neoglyphidodon crossi","2018",44,88000,100,0.44
"March","Neoglyphidodon crossi","2019",2,2000,78,0.0256410256410256
"March","Neoglyphidodon crossi","2022",66,179500,30,2.2
"March","Neoglyphidodon crossi","2023",40,1e+05,106,0.377358490566038
"March","Neoglyphidodon melas","2012",1,1500,100,0.01
"March","Neoglyphidodon nigroris","2022",1,3000,30,0.0333333333333333
"March","Neoglyphidodon oxyodon","2022",1,2500,30,0.0333333333333333
"March","Neopenrolisthes maculata","2012",4,3564.51612903226,100,0.04
"March","Neopenrolisthes maculata","2013",15,11250,63,0.238095238095238
"March","Neopenrolisthes maculata","2016",16,18000,240,0.0666666666666667
"March","Neopenrolisthes maculata","2018",4,4500,100,0.04
"March","Neopenrolisthes maculata","2019",2,2000,78,0.0256410256410256
"March","Neopetrolisthes ohshimai","2022",28,84000,30,0.933333333333333
"March","Neopetrolisthes ohshimai","2023",3,9000,106,0.0283018867924528
"March","Novaculichthys taeniourus","2018",2,8000,100,0.02
"March","Novaculichthys taeniourus","2019",1,3000,78,0.0128205128205128
"March","Novaculichthys taeniourus","2022",12,86000,30,0.4
"March","Novaculichthys taeniourus","2023",26,52500,106,0.245283018867925
"March","Odontodactylus scyllarus","2012",2,3444.44444444444,100,0.02
"March","Odontodactylus scyllarus","2013",2,5000,63,0.0317460317460317
"March","Odontodactylus scyllarus","2016",11,27500,240,0.0458333333333333
"March","Odontodactylus scyllarus","2018",7,17500,100,0.07
"March","Odontodactylus scyllarus","2019",11,27500,78,0.141025641025641
"March","Odontodactylus scyllarus","2022",1,2500,30,0.0333333333333333
"March","Odonus niger","2016",10,20000,240,0.0416666666666667
"March","Odonus niger","2017",45,101500,73,0.616438356164384
"March","Odonus niger","2018",11,22000,100,0.11
"March","Odonus niger","2019",15,24000,78,0.192307692307692
"March","Odonus niger","2022",13,65000,30,0.433333333333333
"March","Odonus niger","2023",38,141010,106,0.358490566037736
"March","Opistognathus randalli","2022",25,75000,30,0.833333333333333
"March","Opistognathus scops","2022",9,27000,30,0.3
"March","Ostracion cubicus","2022",6,54000,30,0.2
"March","Ostracion meleagris","2012",3,12500,100,0.03
"March","Ostracion meleagris","2022",4,36000,30,0.133333333333333
"March","Ostracion solorensis","2013",4,12000,63,0.0634920634920635
"March","Ostracion solorensis","2016",12,74000,240,0.05
"March","Ostracion solorensis","2017",12,81000,73,0.164383561643836
"March","Ostracion solorensis","2018",65,414000,100,0.65
"March","Ostracion solorensis","2019",17,85000,78,0.217948717948718
"March","Oxymonacanthus longirostris","2016",4,4500,240,0.0166666666666667
"March","Oxymonacanthus longirostris","2017",3,9000,73,0.0410958904109589
"March","Oxymonacanthus longirostris","2023",1,5000,106,0.00943396226415094
"March","Paguristes species","2023",27,108000,106,0.254716981132075
"March","Panulirus versicolor","2013",1,1500,63,0.0158730158730159
"March","Paracanthurus hepatus","2022",2,1e+05,30,0.0666666666666667
"March","Paracheilinus carpenteri","2022",142,491000,30,4.73333333333333
"March","Paracheilinus carpenteri","2023",1,3000,106,0.00943396226415094
"March","Paracheilinus mccoskeri","2012",84,84200,100,0.84
"March","Paracheilinus mccoskeri","2016",670,787750,240,2.79166666666667
"March","Paracheilinus mccoskeri","2018",97,97000,100,0.97
"March","Paracheilinus mccoskeri","2019",32,33000,78,0.41025641025641
"March","Paracirrhites arcatus","2012",52,54135.8695652174,100,0.52
"March","Paracirrhites arcatus","2023",8,24000,106,0.0754716981132075
"March","Paracirrhites arcuatus","2016",19,19000,240,0.0791666666666667
"March","Paracirrhites arcuatus","2017",10,11000,73,0.136986301369863
"March","Paracirrhites arcuatus","2018",38,40500,100,0.38
"March","Paracirrhites arcuatus","2019",14,14000,78,0.179487179487179
"March","Paracirrhites forsteri","2022",1,2500,30,0.0333333333333333
"March","Paracirrhites forsteri","2023",4,10000,106,0.0377358490566038
"March","Paraluteres prionurus","2022",10,30000,30,0.333333333333333
"March","Paraluteres prionurus","2023",37,111000,106,0.349056603773585
"March","Paramonacanthus filicauda","2022",5,10000,30,0.166666666666667
"March","Paramonacanthus filicauda","2023",21,42000,106,0.19811320754717
"March","Parapercis schauinslandi","2022",6,18000,30,0.2
"March","Parapercis schuinslandi","2016",69,56250,240,0.2875
"March","Parapercis schuinslandi","2018",3,4500,100,0.03
"March","Parapercis schuinslandi","2019",6,12000,78,0.0769230769230769
"March","Parupeneus cyclostomus","2023",1,5000,106,0.00943396226415094
"March","Parupeneus multifasciatus","2023",1,2000,106,0.00943396226415094
"March","Parupeneus rubescens","2012",9,5000,100,0.09
"March","Parupeneus rubescens","2016",9,8750,240,0.0375
"March","Parupeneus rubescens","2017",2,1750,73,0.0273972602739726
"March","Parupeneus rubescens","2018",1,2000,100,0.01
"March","Pentapodus nemurus","2022",4,12000,30,0.133333333333333
"March","Periclimenes brevicarpalis","2013",33,25250,63,0.523809523809524
"March","Periclimenes brevicarpalis","2016",6,6000,240,0.025
"March","Periclimenes brevicarpalis","2018",1,1000,100,0.01
"March","Periclimenes brevicarpalis","2019",3,2100,78,0.0384615384615385
"March","Periclimenes brevicarpalis","2022",58,144000,30,1.93333333333333
"March","Periclimenes brevicarpalis","2023",1,2000,106,0.00943396226415094
"March","Pervagor Janthinosoma","2016",13,13000,240,0.0541666666666667
"March","Pervagor Janthinosoma","2018",1,1000,100,0.01
"March","Pervagor janthinosoma","2012",1,750,100,0.01
"March","Pervagor janthinosoma","2023",19,28500,106,0.179245283018868
"March","Pervagor melanosoma","2022",12,47000,30,0.4
"March","Plagiotremus laudandus","2012",8,9000,100,0.08
"March","Plagiotremus laudandus","2013",2,2000,63,0.0317460317460317
"March","Plagiotremus ludandus","2016",35,35500,240,0.145833333333333
"March","Plagiotremus ludandus","2018",17,17000,100,0.17
"March","Plagiotremus ludandus","2019",3,3000,78,0.0384615384615385
"March","Plagiotremus rhinorhynchos","2022",25,50000,30,0.833333333333333
"March","Platax orbicularis","2022",14,89000,30,0.466666666666667
"March","Platax pinnatus","2013",1,7500,63,0.0158730158730159
"March","Platax pinnatus","2019",8,160000,78,0.102564102564103
"March","Platax pinnatus","2022",11,550000,30,0.366666666666667
"March","Platax teira","2013",35,427500,63,0.555555555555556
"March","Platax teira","2022",2,13000,30,0.0666666666666667
"March","Plectorhinchus chaetodonoides","2016",10,18500,240,0.0416666666666667
"March","Plectorhinchus chaetodonoides","2018",1,2500,100,0.01
"March","Plectorhinchus chaetodonoides","2019",1,2500,78,0.0128205128205128
"March","Plectorhinchus chaetodonoides","2022",19,237500,30,0.633333333333333
"March","Plectorhinchus chaetodonoides","2023",1,1500,106,0.00943396226415094
"March","Plectorhinchus diagrammus","2012",1,1500,100,0.01
"March","Plectorhinchus orientalis","2012",29,49000,100,0.29
"March","Plectorhinchus orientalis","2016",14,21000,240,0.0583333333333333
"March","Plectorhinchus orientalis","2017",36,74500,73,0.493150684931507
"March","Plectorhinchus orientalis","2018",10,25000,100,0.1
"March","Plectorhinchus orientalis","2019",11,27500,78,0.141025641025641
"March","Plectorhinchus orientalis","2022",21,95000,30,0.7
"March","Plectorhinchus orientalis","2023",49,81390.6666666668,106,0.462264150943396
"March","Plectorhinchus pictus","2013",6,10000,63,0.0952380952380952
"March","Plectorhinchus pictus","2016",1,5000,240,0.00416666666666667
"March","Plectorhincus diagrammus","2016",11,16500,240,0.0458333333333333
"March","Plectorhincus diagrammus","2018",2,3000,100,0.02
"March","Plectorhincus diagrammus","2019",2,3000,78,0.0256410256410256
"March","Plectranthias inermis","2022",35,612500,30,1.16666666666667
"March","Plectroglyphidodon dickii","2023",1,1500,106,0.00943396226415094
"March","Plectroglyphidodon lacrymatus","2023",3,4500,106,0.0283018867924528
"March","Pomacanthus Imperator","2016",22,413750,240,0.0916666666666667
"March","Pomacanthus Imperator","2018",10,345000,100,0.1
"March","Pomacanthus Imperator","2019",6,157500,78,0.0769230769230769
"March","Pomacanthus annularis","2022",2,1e+05,30,0.0666666666666667
"March","Pomacanthus imperator","2012",40,941162.601626016,100,0.4
"March","Pomacanthus imperator","2013",14,415000,63,0.222222222222222
"March","Pomacanthus imperator","2022",10,395000,30,0.333333333333333
"March","Pomacanthus imperator","2023",18,501250,106,0.169811320754717
"March","Pomacanthus semicirculatus","2022",38,650000,30,1.26666666666667
"March","Pomacanthus sexstriatus","2022",5,40000,30,0.166666666666667
"March","Pomacentrus auriventris","2016",876,460500,240,3.65
"March","Pomacentrus auriventris","2017",325,212500,73,4.45205479452055
"March","Pomacentrus auriventris","2018",142,213000,100,1.42
"March","Pomacentrus auriventris","2019",191,143250,78,2.44871794871795
"March","Pomacentrus auriventris","2023",59,88500,106,0.556603773584906
"March","Pomacentrus bankanensis","2017",117,175500,73,1.6027397260274
"March","Pomacentrus bankanensis","2018",48,72000,100,0.48
"March","Pomacentrus bankanensis","2022",77,115500,30,2.56666666666667
"March","Pomacentrus bankanensis","2023",95,142500,106,0.89622641509434
"March","Pomacentrus coelestis","2023",42,31500,106,0.39622641509434
"March","Pomacentrus moluccensis","2016",4,2000,240,0.0166666666666667
"March","Pomacentrus moluccensis","2018",4,6000,100,0.04
"March","Pomacentrus moluccensis","2023",17,25500,106,0.160377358490566
"March","Pomacentrus pavo","2018",50,75000,100,0.5
"March","Pomacentrus pavo","2019",170,127500,78,2.17948717948718
"March","Pomacentrus smithi","2016",4,4000,240,0.0166666666666667
"March","Pomacentrus smithi","2018",9,9000,100,0.09
"March","Premnas biaculeatus","2022",5,15000,30,0.166666666666667
"March","Pseudanthias Luzunensis","2016",1,6000,240,0.00416666666666667
"March","Pseudanthias cooperi","2013",22,23000,63,0.349206349206349
"March","Pseudanthias dispar","2012",2418,1821000,100,24.18
"March","Pseudanthias dispar","2013",173,175750,63,2.74603174603175
"March","Pseudanthias dispar","2016",2118,3177000,240,8.825
"March","Pseudanthias dispar","2017",676,1352000,73,9.26027397260274
"March","Pseudanthias dispar","2018",502,1004000,100,5.02
"March","Pseudanthias dispar","2019",169,338000,78,2.16666666666667
"March","Pseudanthias dispar","2022",165,412500,30,5.5
"March","Pseudanthias dispar","2023",1074,2464000,106,10.1320754716981
"March","Pseudanthias evansi","2012",21,42000,100,0.21
"March","Pseudanthias huchtii","2012",65,35500,100,0.65
"March","Pseudanthias huchtii","2016",245,166250,240,1.02083333333333
"March","Pseudanthias huchtii","2017",84,139250,73,1.15068493150685
"March","Pseudanthias huchtii","2018",92,140250,100,0.92
"March","Pseudanthias huchtii","2019",33,33000,78,0.423076923076923
"March","Pseudanthias huchtii","2022",60,129500,30,2
"March","Pseudanthias huchtii","2023",157,315977.038834951,106,1.4811320754717
"March","Pseudanthias hypselosoma","2012",96,70900,100,0.96
"March","Pseudanthias hypselosoma","2016",1316,1055250,240,5.48333333333333
"March","Pseudanthias hypselosoma","2017",137,166000,73,1.87671232876712
"March","Pseudanthias hypselosoma","2018",134,227500,100,1.34
"March","Pseudanthias hypselosoma","2019",52,63500,78,0.666666666666667
"March","Pseudanthias hypselosoma","2023",20,1e+05,106,0.188679245283019
"March","Pseudanthias luzonensis","2012",3,10000,100,0.03
"March","Pseudanthias luzonensis","2013",18,83500,63,0.285714285714286
"March","Pseudanthias pleurotaenia","2016",3,8500,240,0.0125
"March","Pseudanthias pleurotaenia","2018",4,12000,100,0.04
"March","Pseudanthias pleurotaenia","2023",1,2001,106,0.00943396226415094
"March","Pseudanthias squamipinnis","2022",74,185000,30,2.46666666666667
"March","Pseudanthias squamipinnis","2023",302,388651.078571429,106,2.84905660377358
"March","Pseudanthias tuka","2016",5,14500,240,0.0208333333333333
"March","Pseudanthias tuka","2018",4,16000,100,0.04
"March","Pseudocheilinus evanidus","2012",23,22250,100,0.23
"March","Pseudocheilinus evanidus","2016",242,215250,240,1.00833333333333
"March","Pseudocheilinus evanidus","2017",19,19000,73,0.26027397260274
"March","Pseudocheilinus evanidus","2018",54,55500,100,0.54
"March","Pseudocheilinus evanidus","2019",77,77000,78,0.987179487179487
"March","Pseudocheilinus evanidus","2023",39,60000,106,0.367924528301887
"March","Pseudocheilinus hexataenia","2012",484,861112.2875817,100,4.84
"March","Pseudocheilinus hexataenia","2013",8,12000,63,0.126984126984127
"March","Pseudocheilinus hexataenia","2016",2402,4591000,240,10.0083333333333
"March","Pseudocheilinus hexataenia","2017",513,1167000,73,7.02739726027397
"March","Pseudocheilinus hexataenia","2018",669,1483000,100,6.69
"March","Pseudocheilinus hexataenia","2019",665,1661000,78,8.52564102564103
"March","Pseudocheilinus hexataenia","2022",341,1193500,30,11.3666666666667
"March","Pseudocheilinus hexataenia","2023",1254,3988000,106,11.8301886792453
"March","Pseudocheilinus octotaenia","2022",2,21000,30,0.0666666666666667
"March","Pseudocheilinus octotaenia","2023",1,10500,106,0.00943396226415094
"March","Pseudochromis paccagnellae","2012",1,1000,100,0.01
"March","Pseudochromis paccagnellae","2013",1,1500,63,0.0158730158730159
"March","Pseudochromis paccagnellae","2017",3,3000,73,0.0410958904109589
"March","Pseudochromis paccagnellae","2018",1,1000,100,0.01
"March","Pseudochromis paccagnellae","2022",157,549500,30,5.23333333333333
"March","Ptereleotris evides","2012",18,22860.9022556391,100,0.18
"March","Ptereleotris evides","2016",89,133500,240,0.370833333333333
"March","Ptereleotris evides","2017",40,98000,73,0.547945205479452
"March","Ptereleotris evides","2018",51,120000,100,0.51
"March","Ptereleotris evides","2019",28,42000,78,0.358974358974359
"March","Ptereleotris evides","2022",28,126000,30,0.933333333333333
"March","Ptereleotris evides","2023",13,39000,106,0.122641509433962
"March","Ptereleotris heteroptera","2012",2,3000,100,0.02
"March","Ptereleotris heteropterus","2016",2,2400,240,0.00833333333333333
"March","Ptereleotris heteropterus","2017",3,4500,73,0.0410958904109589
"March","Ptereleotris heteropterus","2018",3,4500,100,0.03
"March","Ptereleotris heteropterus","2019",1,2000,78,0.0128205128205128
"March","Pterois antennata","2012",15,21718.6666666667,100,0.15
"March","Pterois antennata","2016",71,106200,240,0.295833333333333
"March","Pterois antennata","2017",31,61500,73,0.424657534246575
"March","Pterois antennata","2018",27,55000,100,0.27
"March","Pterois antennata","2019",31,59000,78,0.397435897435897
"March","Pterois antennata","2022",15,75000,30,0.5
"March","Pterois antennata","2023",36,92500,106,0.339622641509434
"March","Pterois radiata","2012",2,15631.5789473684,100,0.02
"March","Pterois radiata","2016",4,32000,240,0.0166666666666667
"March","Pterois radiata","2017",7,84000,73,0.0958904109589041
"March","Pterois radiata","2018",2,25000,100,0.02
"March","Pterois radiata","2019",1,10000,78,0.0128205128205128
"March","Pterois volitans","2012",1,7000,100,0.01
"March","Pterois volitans","2013",12,120000,63,0.19047619047619
"March","Pterois volitans","2016",6,48000,240,0.025
"March","Pterois volitans","2018",4,40000,100,0.04
"March","Pterois volitans","2022",13,225000,30,0.433333333333333
"March","Pterois volitans","2023",4,60000,106,0.0377358490566038
"March","Pygoplites diacanthus","2016",3,45000,240,0.0125
"March","Pygoplites diacanthus","2019",2,30000,78,0.0256410256410256
"March","Pygoplites diacanthus","2022",2,80000,30,0.0666666666666667
"March","Pygoplites diacanthus","2023",1,35000,106,0.00943396226415094
"March","Rhinchocinetes durbanensis","2016",878,645850,240,3.65833333333333
"March","Rhinchocinetes durbanensis","2019",110,335000,78,1.41025641025641
"March","Rhinecanthus aculeatus","2022",1,7000,30,0.0333333333333333
"March","Rhinecanthus aculeatus","2023",1,7000,106,0.00943396226415094
"March","Rhinecanthus verrucosus","2012",24,18000,100,0.24
"March","Rhinecanthus verrucosus","2016",10,10000,240,0.0416666666666667
"March","Rhinecanthus verrucosus","2017",1,3000,73,0.0136986301369863
"March","Rhinomuraena quaesita","2012",1,6000,100,0.01
"March","Rhinomuraena quaesita","2013",2,20000,63,0.0317460317460317
"March","Rhinomuraena quaesita","2022",2,65000,30,0.0666666666666667
"March","Rhinomuraena quaesita","2023",3,80000,106,0.0283018867924528
"March","Rhinomuraena quesita","2016",12,118000,240,0.05
"March","Rhinomuraena quesita","2018",6,51000,100,0.06
"March","Rhinomuraena quesita","2019",1,10000,78,0.0128205128205128
"March","Rhynchocinetes durbanensis","2012",235,201250,100,2.35
"March","Rhynchocinetes durbanensis","2013",36,27000,63,0.571428571428571
"March","Rhynchocinetes durbanensis","2023",19,22000,106,0.179245283018868
"March","Salarias ceramensis","2013",1,600,63,0.0158730158730159
"March","Salarias fasciatus","2016",131,131000,240,0.545833333333333
"March","Salarias fasciatus","2017",20,20000,73,0.273972602739726
"March","Salarias fasciatus","2018",3,3000,100,0.03
"March","Salarias fasciatus","2019",29,29000,78,0.371794871794872
"March","Salarias fasciatus","2022",10,29000,30,0.333333333333333
"March","Salarias fasciatus","2023",69,78000,106,0.650943396226415
"March","Salarias segmentatus","2022",27,135000,30,0.9
"March","Siderea picta","2023",6,30000,106,0.0566037735849057
"March","Siganus corallinus","2019",3,5500,78,0.0384615384615385
"March","Siganus corallinus","2022",11,44000,30,0.366666666666667
"March","Siganus vulpinus","2022",1,6000,30,0.0333333333333333
"March","Signigobius biocellatus","2013",27,337500,63,0.428571428571429
"March","Signigobius biocellatus","2022",55,467500,30,1.83333333333333
"March","Stenopus Hispodus","2016",28,28500,240,0.116666666666667
"March","Stenopus Hispodus","2019",11,11000,78,0.141025641025641
"March","Stenopus hispidus","2023",2,2000,106,0.0188679245283019
"March","Stenopus hispodus","2012",24,25000,100,0.24
"March","Stenopus hispodus","2013",21,15750,63,0.333333333333333
"March","Stenopus tenuirostris","2022",14,140000,30,0.466666666666667
"March","Stenopus zanzibaricus","2022",10,1e+05,30,0.333333333333333
"March","Stethojulis bandanensis","2016",9,9000,240,0.0375
"March","Stethojulis bandanensis","2017",3,3000,73,0.0410958904109589
"March","Stethojulis bandanensis","2019",1,1000,78,0.0128205128205128
"March","Stonogobiops nematodes","2022",178,1335000,30,5.93333333333333
"March","Stonogobiops yasha","2022",1,42500,30,0.0333333333333333
"March","Sufflamen bursa","2012",1,2000,100,0.01
"March","Sufflamen chrysopterum","2012",1,750,100,0.01
"March","Sufflamen chrysopterus","2016",1,1000,240,0.00416666666666667
"March","Sufflamen chrysopterus","2017",4,12000,73,0.0547945205479452
"March","Sufflamen chrysopterus","2018",5,11000,100,0.05
"March","Synchiropus ocellatus","2012",29,29000,100,0.29
"March","Synchiropus ocellatus","2013",2,2000,63,0.0317460317460317
"March","Synchiropus ocellatus","2016",167,188500,240,0.695833333333333
"March","Synchiropus ocellatus","2017",46,57500,73,0.63013698630137
"March","Synchiropus ocellatus","2018",41,43000,100,0.41
"March","Synchiropus ocellatus","2019",29,29000,78,0.371794871794872
"March","Synchiropus ocellatus","2022",262,1047500,30,8.73333333333333
"March","Synchiropus ocellatus","2023",78,137000,106,0.735849056603774
"March","Synchiropus picturatus","2023",12,18000,106,0.113207547169811
"March","Synchiropus splendidus","2016",32,45250,240,0.133333333333333
"March","Taenianotus triacanthus","2019",1,4000,78,0.0128205128205128
"March","Thalassoma amblycephalum","2016",2,2000,240,0.00833333333333333
"March","Thalassoma amblycephalum","2018",4,10500,100,0.04
"March","Thalassoma jansenii","2023",3,3000,106,0.0283018867924528
"March","Thalassoma lunare","2012",14,12468.75,100,0.14
"March","Thalassoma lunare","2016",9,9000,240,0.0375
"March","Thalassoma lunare","2017",15,31000,73,0.205479452054795
"March","Thalassoma lunare","2018",10,30000,100,0.1
"March","Thalassoma lutescens","2023",2,4000,106,0.0188679245283019
"March","Tomiyamichthys oni","2022",18,108000,30,0.6
"March","Upeneus vittatus","2023",1,1000,106,0.00943396226415094
"March","Valenciennea helsdingenii","2012",18,21000,100,0.18
"March","Valenciennea helsdingenii","2016",13,19500,240,0.0541666666666667
"March","Valenciennea helsdingenii","2017",8,12000,73,0.10958904109589
"March","Valenciennea helsdingenii","2018",214,374500,100,2.14
"March","Valenciennea helsdingenii","2019",41,82000,78,0.525641025641026
"March","Valenciennea helsdingenii","2022",1,4000,30,0.0333333333333333
"March","Valenciennea helsdingenii","2023",9,30000,106,0.0849056603773585
"March","Valenciennea longipinnis","2022",15,37500,30,0.5
"March","Valenciennea puellaris","2012",28,32838.2513661202,100,0.28
"March","Valenciennea puellaris","2013",51,76500,63,0.80952380952381
"March","Valenciennea puellaris","2016",1102,1616500,240,4.59166666666667
"March","Valenciennea puellaris","2017",65,110500,73,0.89041095890411
"March","Valenciennea puellaris","2018",413,736250,100,4.13
"March","Valenciennea puellaris","2019",396,811000,78,5.07692307692308
"March","Valenciennea puellaris","2022",173,754500,30,5.76666666666667
"March","Valenciennea puellaris","2023",104,354000,106,0.981132075471698
"March","Valenciennea sexguttata","2012",12,12000,100,0.12
"March","Valenciennea sexguttata","2013",5,5000,63,0.0793650793650794
"March","Valenciennea sexguttata","2016",69,79500,240,0.2875
"March","Valenciennea sexguttata","2017",2,2000,73,0.0273972602739726
"March","Valenciennea sexguttata","2018",17,25500,100,0.17
"March","Valenciennea sexguttata","2019",62,93000,78,0.794871794871795
"March","Valenciennea sexguttata","2022",137,408500,30,4.56666666666667
"March","Valenciennea sexguttata","2023",5,11500,106,0.0471698113207547
"March","Valenciennea strigata","2012",12,14850,100,0.12
"March","Valenciennea strigata","2013",10,15000,63,0.158730158730159
"March","Valenciennea strigata","2016",117,174600,240,0.4875
"March","Valenciennea strigata","2018",18,36000,100,0.18
"March","Valenciennea strigata","2019",28,56000,78,0.358974358974359
"March","Valenciennea strigata","2022",60,237000,30,2
"March","Valenciennea strigata","2023",46,124000,106,0.433962264150943
"March","Variola albimarginata","2022",1,5000,30,0.0333333333333333
"March","Variola louti","2016",1,1750,240,0.00416666666666667
"March","Variola louti","2019",1,1500,78,0.0128205128205128
"March","Wetmorella nigropinnata","2016",64,57500,240,0.266666666666667
"March","Wetmorella nigropinnata","2017",48,55500,73,0.657534246575342
"March","Wetmorella nigropinnata","2018",8,8000,100,0.08
"March","Wetmorella nigropinnata","2019",43,43000,78,0.551282051282051
"March","Wetmorella nigropinnata","2023",11,11825,106,0.10377358490566
"March","Xyrichtys pavo","2023",1,1500,106,0.00943396226415094
"March","Zanclus cornutus","2012",6,9000,100,0.06
"March","Zanclus cornutus","2016",25,42000,240,0.104166666666667
"March","Zanclus cornutus","2017",28,43500,73,0.383561643835616
"March","Zanclus cornutus","2018",43,86000,100,0.43
"March","Zanclus cornutus","2019",45,90000,78,0.576923076923077
"March","Zanclus cornutus","2022",4,16000,30,0.133333333333333
"March","Zanclus cornutus","2023",14,28000,106,0.132075471698113
"March","Zebrasoma desjardinii","2023",1,6000,106,0.00943396226415094
"March","Zebrasoma scopas","2012",93,138753.93081761,100,0.93
"March","Zebrasoma scopas","2013",18,26000,63,0.285714285714286
"March","Zebrasoma scopas","2016",102,148950,240,0.425
"March","Zebrasoma scopas","2017",145,253700,73,1.98630136986301
"March","Zebrasoma scopas","2018",57,130500,100,0.57
"March","Zebrasoma scopas","2019",90,173000,78,1.15384615384615
"March","Zebrasoma scopas","2022",14,56000,30,0.466666666666667
"March","Zebrasoma scopas","2023",513,1563000,106,4.83962264150943
"March","Zebrasoma veliferum","2022",6,120000,30,0.2
"April","#N/A","2012",1316,2425462.63523957,122,10.7868852459016
"April","#N/A","2013",2180,3379046.98562916,144,15.1388888888889
"April","#N/A","2017",1972,4194400,61,32.327868852459
"April","#N/A","2022",10,10000,30,0.333333333333333
"April","#N/A","2023",1,4611.11111111111,83,0.0120481927710843
"April","Ablabys macracanthus","2023",4,10000,83,0.0481927710843374
"April","Ablabys taenianotus","2013",4,4000,144,0.0277777777777778
"April","Ablabys taenianotus","2022",2,4500,30,0.0666666666666667
"April","Ablabys taenionotus","2016",5,16000,271,0.018450184501845
"April","Acanthurus bariene","2016",70,410500,271,0.25830258302583
"April","Acanthurus bariene","2018",39,306000,155,0.251612903225806
"April","Acanthurus bariene","2019",12,120000,130,0.0923076923076923
"April","Acanthurus bariene","2022",2,20000,30,0.0666666666666667
"April","Acanthurus bariene","2023",8,80000,83,0.0963855421686747
"April","Acanthurus chronixis","2012",19,31759.8615916955,122,0.155737704918033
"April","Acanthurus chronixis","2013",10,18712.3015873016,144,0.0694444444444444
"April","Acanthurus chronixis","2022",24,180000,30,0.8
"April","Acanthurus chronixis","2023",4,24000,83,0.0481927710843374
"April","Acanthurus grammoptilus","2012",10,7500,122,0.0819672131147541
"April","Acanthurus grammoptilus","2013",18,17980.2469135802,144,0.125
"April","Acanthurus leucoheilus","2016",16,65000,271,0.0590405904059041
"April","Acanthurus leucoheilus","2017",10,45000,61,0.163934426229508
"April","Acanthurus leucoheilus","2018",32,131000,155,0.206451612903226
"April","Acanthurus leucoheilus","2019",7,35000,130,0.0538461538461538
"April","Acanthurus leucosternon","2016",1,20000,271,0.003690036900369
"April","Acanthurus leucosternon","2018",1,15000,155,0.00645161290322581
"April","Acanthurus lineatus","2012",5,7000,122,0.040983606557377
"April","Acanthurus lineatus","2013",4,10681.5693430657,144,0.0277777777777778
"April","Acanthurus lineatus","2016",811,1556250,271,2.99261992619926
"April","Acanthurus lineatus","2017",11,28500,61,0.180327868852459
"April","Acanthurus lineatus","2018",8,32000,155,0.0516129032258065
"April","Acanthurus lineatus","2019",10,22000,130,0.0769230769230769
"April","Acanthurus lineatus","2022",54,226000,30,1.8
"April","Acanthurus lineatus","2023",28,117000,83,0.337349397590361
"April","Acanthurus maculiceps","2016",4,20000,271,0.014760147601476
"April","Acanthurus maculiceps","2017",6,155000,61,0.0983606557377049
"April","Acanthurus maculiceps","2018",10,1e+05,155,0.0645161290322581
"April","Acanthurus nigricans","2012",46,323358.673913043,122,0.377049180327869
"April","Acanthurus nigricans","2016",1,12000,271,0.003690036900369
"April","Acanthurus nigricans","2017",86,945000,61,1.40983606557377
"April","Acanthurus nigricans","2018",10,122500,155,0.0645161290322581
"April","Acanthurus nigricans","2019",1,10000,130,0.00769230769230769
"April","Acanthurus nigricans","2022",15,337500,30,0.5
"April","Acanthurus nigricans","2023",2,31250,83,0.0240963855421687
"April","Acanthurus nigrofuscus","2012",129,108500,122,1.05737704918033
"April","Acanthurus nigrofuscus","2016",44,45000,271,0.162361623616236
"April","Acanthurus nigrofuscus","2017",12,12000,61,0.19672131147541
"April","Acanthurus nigrofuscus","2018",35,35000,155,0.225806451612903
"April","Acanthurus nigrofuscus","2019",14,14000,130,0.107692307692308
"April","Acanthurus nigroris","2016",101,121000,271,0.372693726937269
"April","Acanthurus nigroris","2017",123,165000,61,2.01639344262295
"April","Acanthurus nigroris","2018",60,152000,155,0.387096774193548
"April","Acanthurus nigroris","2019",45,45000,130,0.346153846153846
"April","Acanthurus nigroris","2022",2,3000,30,0.0666666666666667
"April","Acanthurus nigroris","2023",34,51000,83,0.409638554216867
"April","Acanthurus olivaceus","2012",1,2000,122,0.00819672131147541
"April","Acanthurus olivaceus","2013",47,77672.0930232558,144,0.326388888888889
"April","Acanthurus olivaceus","2016",199,295000,271,0.734317343173432
"April","Acanthurus olivaceus","2017",5,20000,61,0.0819672131147541
"April","Acanthurus olivaceus","2018",7,31500,155,0.0451612903225806
"April","Acanthurus olivaceus","2019",3,10000,130,0.0230769230769231
"April","Acanthurus olivaceus","2022",14,104000,30,0.466666666666667
"April","Acanthurus olivaceus","2023",1,4000,83,0.0120481927710843
"April","Acanthurus pyroferus","2012",6,65000,122,0.0491803278688525
"April","Acanthurus pyroferus","2013",66,505275,144,0.458333333333333
"April","Acanthurus pyroferus","2016",52,122000,271,0.191881918819188
"April","Acanthurus pyroferus","2017",39,106500,61,0.639344262295082
"April","Acanthurus pyroferus","2018",48,150000,155,0.309677419354839
"April","Acanthurus pyroferus","2019",82,197500,130,0.630769230769231
"April","Acanthurus pyroferus","2022",14,265000,30,0.466666666666667
"April","Acanthurus pyroferus","2023",8,1e+05,83,0.0963855421686747
"April","Acanthurus triostegus","2016",3,4500,271,0.011070110701107
"April","Acanthurus triostegus","2019",20,40000,130,0.153846153846154
"April","Acanthurus triostegus","2022",6,19500,30,0.2
"April","Acanthurus triostegus","2023",11,39000,83,0.132530120481928
"April","Acanthurus tristris","2017",4,16500,61,0.0655737704918033
"April","Acanthurus tristris","2018",7,24000,155,0.0451612903225806
"April","Acanthurus tristris","2022",2,6000,30,0.0666666666666667
"April","Acanthurus tristris","2023",3,9000,83,0.036144578313253
"April","Acanthurus xanthopterus","2016",2,6500,271,0.00738007380073801
"April","Acanthurus xanthopterus","2018",39,195000,155,0.251612903225806
"April","Acanthurus xanthopterus","2019",11,55000,130,0.0846153846153846
"April","Acreichthys radiatus","2013",4,20000,144,0.0277777777777778
"April","Alpheus randalli","2022",23,138000,30,0.766666666666667
"April","Amblycirrhitus pinos","2012",161,125900,122,1.31967213114754
"April","Amblycirrhitus pinos","2013",15,13060.4395604396,144,0.104166666666667
"April","Amblyeleotris aurora","2012",2,3000,122,0.0163934426229508
"April","Amblyeleotris guttata","2022",64,256000,30,2.13333333333333
"April","Amblyeleotris randalli","2022",19,640000,30,0.633333333333333
"April","Amblyeleotris steinitzi","2016",5,12500,271,0.018450184501845
"April","Amblyeleotris steinitzi","2019",7,16500,130,0.0538461538461538
"April","Amblyeleotris steinitzi","2023",1,2000,83,0.0120481927710843
"April","Amblygobius rainfordi","2018",2,2000,155,0.0129032258064516
"April","Amblygobius rainfordi","2019",9,9000,130,0.0692307692307692
"April","Amphiprion clarkii","2012",83,82552.5316455696,122,0.680327868852459
"April","Amphiprion clarkii","2016",99,181100,271,0.365313653136531
"April","Amphiprion clarkii","2017",86,170250,61,1.40983606557377
"April","Amphiprion clarkii","2018",84,195750,155,0.541935483870968
"April","Amphiprion clarkii","2019",45,82500,130,0.346153846153846
"April","Amphiprion clarkii","2022",26,121000,30,0.866666666666667
"April","Amphiprion clarkii","2023",18,50000,83,0.216867469879518
"April","Amphiprion frenatus","2018",3,9000,155,0.0193548387096774
"April","Amphiprion ocellaris","2012",3,4033.33333333334,122,0.0245901639344262
"April","Amphiprion ocellaris","2016",26,55250,271,0.0959409594095941
"April","Amphiprion ocellaris","2017",28,63000,61,0.459016393442623
"April","Amphiprion ocellaris","2018",39,92500,155,0.251612903225806
"April","Amphiprion ocellaris","2022",2,2000,30,0.0666666666666667
"April","Amphiprion ocellaris","2023",4,7000,83,0.0481927710843374
"April","Amphiprion perideraion","2022",3,8500,30,0.1
"April","Amphiprion perideraion","2023",1,2500,83,0.0120481927710843
"April","Amphiprion polymnus","2012",4,9000,122,0.0327868852459016
"April","Amphiprion polymnus","2022",5,25000,30,0.166666666666667
"April","Amphiprion polymnus","2023",1,2000,83,0.0120481927710843
"April","Amphiprion sandaracinos","2016",17,26500,271,0.0627306273062731
"April","Amphiprion sandaracinos","2018",38,102000,155,0.245161290322581
"April","Anampses caeruleopunctatus","2016",5,5000,271,0.018450184501845
"April","Anampses caeruleopunctatus","2018",11,11000,155,0.0709677419354839
"April","Anampses caeruleopunctatus","2022",2,7000,30,0.0666666666666667
"April","Anampses caeruleopunctatus","2023",6,21000,83,0.072289156626506
"April","Anampses lineatus","2012",6,12000,122,0.0491803278688525
"April","Anampses melanurus","2012",6,12000,122,0.0491803278688525
"April","Anampses melanurus","2018",3,7000,155,0.0193548387096774
"April","Anampses melanurus","2023",2,16000,83,0.0240963855421687
"April","Anampses meleagrides","2012",7,27049.0797546012,122,0.0573770491803279
"April","Anampses meleagrides","2013",2,6172.85714285714,144,0.0138888888888889
"April","Anampses meleagrides","2016",15,63800,271,0.0553505535055351
"April","Anampses meleagrides","2017",4,24500,61,0.0655737704918033
"April","Anampses meleagrides","2018",7,55000,155,0.0451612903225806
"April","Anampses meleagrides","2022",3,25000,30,0.1
"April","Anampses meleagrides","2023",3,20000,83,0.036144578313253
"April","Ancanthurus pyroferus","2016",1,5000,271,0.003690036900369
"April","Ancanthurus pyroferus","2018",9,120000,155,0.0580645161290323
"April","Ancanthurus pyroferus","2019",10,1e+05,130,0.0769230769230769
"April","Apolemichthys trimaculatus","2012",1,10000,122,0.00819672131147541
"April","Apolemichthys trimaculatus","2016",1,25000,271,0.003690036900369
"April","Apolemichthys trimaculatus","2018",1,25000,155,0.00645161290322581
"April","Arothron immaculatus","2012",5,8862.06896551724,122,0.040983606557377
"April","Arothron meleagris","2013",16,25082.5791855204,144,0.111111111111111
"April","Arothron meleagris","2016",17,33250,271,0.0627306273062731
"April","Arothron meleagris","2017",52,146250,61,0.852459016393443
"April","Arothron meleagris","2018",29,87000,155,0.187096774193548
"April","Arothron meleagris","2019",17,51000,130,0.130769230769231
"April","Arothron nigropunctatus","2022",20,91000,30,0.666666666666667
"April","Arothron nigropunctatus","2023",15,32000,83,0.180722891566265
"April","Atrosalarias fuscus","2016",36,36000,271,0.132841328413284
"April","Atrosalarias fuscus","2017",19,19000,61,0.311475409836066
"April","Atrosalarias fuscus","2018",51,51000,155,0.329032258064516
"April","Atrosalarias fuscus","2019",40,40000,130,0.307692307692308
"April","Atrosalarias fuscus","2022",1,2500,30,0.0333333333333333
"April","Atrosalarias fuscus","2023",2,5000,83,0.0240963855421687
"April","Balistapus undulatus","2012",6,9500,122,0.0491803278688525
"April","Balistapus undulatus","2013",2,2900,144,0.0138888888888889
"April","Balistapus undulatus","2016",2,4000,271,0.00738007380073801
"April","Balistapus undulatus","2018",1,3000,155,0.00645161290322581
"April","Balistapus undulatus","2022",1,3500,30,0.0333333333333333
"April","Balistoides conspicillum","2012",1,50000,122,0.00819672131147541
"April","Balistoides conspicillum","2017",1,40000,61,0.0163934426229508
"April","Balistoides viridescens","2013",1,1000,144,0.00694444444444444
"April","Bodianus bimaculatus","2012",15,57000,122,0.122950819672131
"April","Bodianus bimaculatus","2016",4,18000,271,0.014760147601476
"April","Bodianus bimaculatus","2018",18,90000,155,0.116129032258065
"April","Bodianus bimaculatus","2022",4,36000,30,0.133333333333333
"April","Bodianus diana","2016",125,254500,271,0.461254612546125
"April","Bodianus diana","2017",57,112500,61,0.934426229508197
"April","Bodianus diana","2018",82,166500,155,0.529032258064516
"April","Bodianus diana","2019",91,182000,130,0.7
"April","Bodianus diana","2022",2,6608.69565217392,30,0.0666666666666667
"April","Bodianus diana","2023",12,15514.25,83,0.144578313253012
"April","Bodianus mesothorax","2016",33,68000,271,0.121771217712177
"April","Bodianus mesothorax","2017",21,47000,61,0.344262295081967
"April","Bodianus mesothorax","2018",22,47500,155,0.141935483870968
"April","Bodianus mesothorax","2019",28,55000,130,0.215384615384615
"April","Bodianus mesothorax","2022",2,8418.60465116279,30,0.0666666666666667
"April","Bodianus mesothorax","2023",7,13129.4086021505,83,0.0843373493975904
"April","Cantherhines pardalis","2012",13,6500,122,0.10655737704918
"April","Cantherhines pardalis","2013",1,750,144,0.00694444444444444
"April","Canthigaster epilampra","2012",5,7500,122,0.040983606557377
"April","Canthigaster solandri","2022",15,45000,30,0.5
"April","Canthigaster solandri","2023",5,15000,83,0.0602409638554217
"April","Canthigaster valentini","2012",26,30750,122,0.213114754098361
"April","Canthigaster valentini","2016",49,79000,271,0.180811808118081
"April","Canthigaster valentini","2017",44,60500,61,0.721311475409836
"April","Canthigaster valentini","2018",92,137000,155,0.593548387096774
"April","Canthigaster valentini","2019",59,59000,130,0.453846153846154
"April","Canthigaster valentini","2022",40,129750,30,1.33333333333333
"April","Canthigaster valentini","2023",27,72250,83,0.325301204819277
"April","Centropyge bicolor","2012",31,69735.9735973597,122,0.254098360655738
"April","Centropyge bicolor","2013",66,193210,144,0.458333333333333
"April","Centropyge bicolor","2016",16,57500,271,0.0590405904059041
"April","Centropyge bicolor","2017",21,80500,61,0.344262295081967
"April","Centropyge bicolor","2018",20,95500,155,0.129032258064516
"April","Centropyge bicolor","2019",25,126000,130,0.192307692307692
"April","Centropyge bicolor","2022",58,361500,30,1.93333333333333
"April","Centropyge bicolor","2023",43,234000,83,0.518072289156627
"April","Centropyge bispinosus","2012",2,12000,122,0.0163934426229508
"April","Centropyge bispinosus","2017",1,5000,61,0.0163934426229508
"April","Centropyge eibli","2012",38,102419.540229885,122,0.311475409836066
"April","Centropyge eibli","2016",43,145500,271,0.158671586715867
"April","Centropyge eibli","2017",38,138000,61,0.622950819672131
"April","Centropyge eibli","2018",29,140000,155,0.187096774193548
"April","Centropyge eibli","2019",31,182500,130,0.238461538461538
"April","Centropyge eibli","2022",10,53000,30,0.333333333333333
"April","Centropyge eibli","2023",14,55000,83,0.168674698795181
"April","Centropyge flavicauda","2012",1,1000,122,0.00819672131147541
"April","Centropyge nox","2012",2,3857.14285714286,122,0.0163934426229508
"April","Centropyge nox","2013",3,4500,144,0.0208333333333333
"April","Centropyge nox","2018",3,7500,155,0.0193548387096774
"April","Centropyge nox","2019",12,31500,130,0.0923076923076923
"April","Centropyge nox","2022",2,4000,30,0.0666666666666667
"April","Centropyge nox","2023",3,6000,83,0.036144578313253
"April","Centropyge tibicen","2012",15,27515.625,122,0.122950819672131
"April","Centropyge tibicen","2013",4,7378.67647058824,144,0.0277777777777778
"April","Centropyge tibicen","2016",23,105750,271,0.0848708487084871
"April","Centropyge tibicen","2017",11,23000,61,0.180327868852459
"April","Centropyge tibicen","2018",13,32500,155,0.0838709677419355
"April","Centropyge tibicen","2019",21,61000,130,0.161538461538462
"April","Centropyge tibicen","2022",18,66000,30,0.6
"April","Centropyge tibicen","2023",3,12000,83,0.036144578313253
"April","Centropyge vroliki","2016",185,252900,271,0.682656826568266
"April","Centropyge vroliki","2017",29,37500,61,0.475409836065574
"April","Centropyge vroliki","2018",44,45500,155,0.283870967741935
"April","Centropyge vroliki","2019",45,45000,130,0.346153846153846
"April","Centropyge vroliki","2022",17,58000,30,0.566666666666667
"April","Centropyge vroliki","2023",46,128000,83,0.55421686746988
"April","Centropyge vrolikii","2012",144,163780.821917808,122,1.18032786885246
"April","Cephalopholis miniata","2016",1,3000,271,0.003690036900369
"April","Cephalopholis miniata","2017",2,8000,61,0.0327868852459016
"April","Cephalopholis miniata","2018",2,6000,155,0.0129032258064516
"April","Cetoscarus bicolor","2016",2,10000,271,0.00738007380073801
"April","Cetoscarus bicolor","2019",1,5000,130,0.00769230769230769
"April","Cetoscarus bicolor","2022",1,15000,30,0.0333333333333333
"April","Chaetodermis pencilligera","2016",1,5000,271,0.003690036900369
"April","Chaetodon Sp","2022",30,45000,30,1
"April","Chaetodon Sp","2023",39,58500,83,0.469879518072289
"April","Chaetodon adiergastos","2012",9,8000,122,0.0737704918032787
"April","Chaetodon adiergastos","2016",2,2500,271,0.00738007380073801
"April","Chaetodon adiergastos","2022",3,15000,30,0.1
"April","Chaetodon auriga","2017",2,8000,61,0.0327868852459016
"April","Chaetodon auriga","2019",1,3000,130,0.00769230769230769
"April","Chaetodon auriga","2022",9,72000,30,0.3
"April","Chaetodon baronessa","2012",5,4750,122,0.040983606557377
"April","Chaetodon baronessa","2013",14,14000,144,0.0972222222222222
"April","Chaetodon baronessa","2016",35,53000,271,0.129151291512915
"April","Chaetodon baronessa","2018",64,94000,155,0.412903225806452
"April","Chaetodon baronessa","2019",80,80000,130,0.615384615384615
"April","Chaetodon baronessa","2022",12,36000,30,0.4
"April","Chaetodon bennetti","2017",11,50000,61,0.180327868852459
"April","Chaetodon bennetti","2018",3,15000,155,0.0193548387096774
"April","Chaetodon citrinellus","2022",3,6000,30,0.1
"April","Chaetodon citrinellus","2023",3,6000,83,0.036144578313253
"April","Chaetodon ephippium","2022",2,35000,30,0.0666666666666667
"April","Chaetodon kleinii","2012",88,72000,122,0.721311475409836
"April","Chaetodon kleinii","2013",71,71428.2945736434,144,0.493055555555556
"April","Chaetodon kleinii","2016",197,222000,271,0.726937269372694
"April","Chaetodon kleinii","2018",163,197000,155,1.05161290322581
"April","Chaetodon kleinii","2019",129,133000,130,0.992307692307692
"April","Chaetodon kleinii","2022",28,57500,30,0.933333333333333
"April","Chaetodon kleinii","2023",9,18000,83,0.108433734939759
"April","Chaetodon lunula","2013",12,57950,144,0.0833333333333333
"April","Chaetodon lunula","2016",5,13500,271,0.018450184501845
"April","Chaetodon lunula","2017",1,8000,61,0.0163934426229508
"April","Chaetodon lunula","2019",1,10000,130,0.00769230769230769
"April","Chaetodon lunula","2022",7,103000,30,0.233333333333333
"April","Chaetodon lunula","2023",1,1500,83,0.0120481927710843
"April","Chaetodon lunulatus","2012",9,8250,122,0.0737704918032787
"April","Chaetodon melannotus","2017",2,5000,61,0.0327868852459016
"April","Chaetodon melannotus","2018",5,16500,155,0.032258064516129
"April","Chaetodon meyeri","2012",2,3500,122,0.0163934426229508
"April","Chaetodon meyeri","2017",2,5000,61,0.0327868852459016
"April","Chaetodon meyeri","2018",1,8000,155,0.00645161290322581
"April","Chaetodon meyeri","2019",1,5000,130,0.00769230769230769
"April","Chaetodon octofasciatus","2022",1,4000,30,0.0333333333333333
"April","Chaetodon ornatissimus","2016",1,8000,271,0.003690036900369
"April","Chaetodon ornatissimus","2017",1,8000,61,0.0163934426229508
"April","Chaetodon rafflesi","2012",1,1000,122,0.00819672131147541
"April","Chaetodon rafflesi","2022",18,126000,30,0.6
"April","Chaetodon speculum","2022",1,1500,30,0.0333333333333333
"April","Chaetodon trifascialis","2012",3,3906.25,122,0.0245901639344262
"April","Chaetodon trifascialis","2016",2,3000,271,0.00738007380073801
"April","Chaetodon trifascialis","2017",15,55000,61,0.245901639344262
"April","Chaetodon trifascialis","2018",3,12000,155,0.0193548387096774
"April","Chaetodon trifascialis","2019",1,2000,130,0.00769230769230769
"April","Chaetodon trifascialis","2022",4,30000,30,0.133333333333333
"April","Chaetodon trifascialis","2023",2,3000,83,0.0240963855421687
"April","Chaetodon trifasciatus","2012",1,1000,122,0.00819672131147541
"April","Chaetodon trifasciatus","2013",23,23371.2871287129,144,0.159722222222222
"April","Chaetodon trifasciatus","2016",5,8500,271,0.018450184501845
"April","Chaetodon trifasciatus","2017",14,27500,61,0.229508196721311
"April","Chaetodon trifasciatus","2018",7,18500,155,0.0451612903225806
"April","Chaetodon trifasciatus","2022",4,13000,30,0.133333333333333
"April","Chaetodon trifasciatus","2023",3,4500,83,0.036144578313253
"April","Chaetodon vagabundus","2022",1,3000,30,0.0333333333333333
"April","Chaetodon vagabundus","2023",1,3000,83,0.0120481927710843
"April","Cheilinus fasciatus","2016",11,11000,271,0.040590405904059
"April","Cheilinus fasciatus","2017",2,2000,61,0.0327868852459016
"April","Chelmon rostratus","2018",1,4000,155,0.00645161290322581
"April","Chelmon rostratus","2022",2,20000,30,0.0666666666666667
"April","Chepalopholis taeniops","2012",1,3000,122,0.00819672131147541
"April","Chirrhilabrus cyanopleura","2016",240,246250,271,0.885608856088561
"April","Chirrhilabrus cyanopleura","2018",97,156500,155,0.625806451612903
"April","Chirrhilabrus cyanopleura","2019",50,25000,130,0.384615384615385
"April","Chromi lineata","2023",6,4500,83,0.072289156626506
"April","Chromis lineata","2022",148,296000,30,4.93333333333333
"April","Chromis lineata","2023",159,318000,83,1.91566265060241
"April","Chromis margaritifer","2012",4,3500,122,0.0327868852459016
"April","Chromis margaritifer","2013",1,600,144,0.00694444444444444
"April","Chromis margaritifer","2016",296,311550,271,1.09225092250923
"April","Chromis margaritifer","2017",177,187100,61,2.90163934426229
"April","Chromis margaritifer","2018",314,305850,155,2.0258064516129
"April","Chromis margaritifer","2019",134,134000,130,1.03076923076923
"April","Chromis margaritifer","2022",315,442500,30,10.5
"April","Chromis margaritifer","2023",201,263375,83,2.42168674698795
"April","Chromis retrofasciata","2016",543,328000,271,2.00369003690037
"April","Chromis retrofasciata","2018",373,264300,155,2.40645161290323
"April","Chromis retrofasciata","2019",330,330000,130,2.53846153846154
"April","Chromis retrofasciata","2022",150,225000,30,5
"April","Chromis retrofasciata","2023",82,123000,83,0.987951807228916
"April","Chromis viridis","2012",331,168500,122,2.71311475409836
"April","Chromis viridis","2013",3314,1795400,144,23.0138888888889
"April","Chromis viridis","2016",363,435750,271,1.33948339483395
"April","Chromis viridis","2017",1200,1500000,61,19.672131147541
"April","Chromis viridis","2018",660,990000,155,4.25806451612903
"April","Chromis viridis","2019",30,30000,130,0.230769230769231
"April","Chromis viridis","2022",1185,1777500,30,39.5
"April","Chromis viridis","2023",711,732357.338541667,83,8.56626506024096
"April","Chromis weberi","2012",17,14000,122,0.139344262295082
"April","Chromis weberi","2013",470,260000,144,3.26388888888889
"April","Chrysiptera rollandi","2016",2,4000,271,0.00738007380073801
"April","Chrysiptera talboti","2012",106,53000,122,0.868852459016393
"April","Chrysiptera talboti","2013",24,14400,144,0.166666666666667
"April","Chrysiptera talboti","2016",826,547100,271,3.0479704797048
"April","Chrysiptera talboti","2017",352,290400,61,5.77049180327869
"April","Chrysiptera talboti","2018",521,489000,155,3.36129032258065
"April","Chrysiptera talboti","2019",946,946000,130,7.27692307692308
"April","Chrysiptera talboti","2022",265,367500,30,8.83333333333333
"April","Chrysiptera talboti","2023",239,308500,83,2.87951807228916
"April","Cirrhilabrus cyanopleura","2012",115,70800,122,0.942622950819672
"April","Cirrhilabrus cyanopleura","2013",7,5250,144,0.0486111111111111
"April","Cirrhilabrus cyanopleura","2022",59,118000,30,1.96666666666667
"April","Cirrhilabrus cyanopleura","2023",71,132000,83,0.855421686746988
"April","Cirrhilabrus exquisitus","2012",49,54600,122,0.401639344262295
"April","Cirrhilabrus exquisitus","2016",253,471500,271,0.933579335793358
"April","Cirrhilabrus exquisitus","2018",68,158500,155,0.438709677419355
"April","Cirrhilabrus exquisitus","2019",57,114000,130,0.438461538461538
"April","Cirrhilabrus exquisitus","2022",1,4000,30,0.0333333333333333
"April","Cirrhilabrus exquisitus","2023",38,57000,83,0.457831325301205
"April","Cirrhilabrus filamentosus","2016",31,116500,271,0.114391143911439
"April","Cirrhilabrus filamentosus","2017",2,5000,61,0.0327868852459016
"April","Cirrhilabrus filamentosus","2018",3,12000,155,0.0193548387096774
"April","Cirrhilabrus filamentosus","2019",2,6000,130,0.0153846153846154
"April","Cirrhilabrus filamentosus","2022",4,20000,30,0.133333333333333
"April","Cirrhilabrus lubbocki","2016",18,27000,271,0.0664206642066421
"April","Cirrhilabrus lubbocki","2017",2,2000,61,0.0327868852459016
"April","Cirrhilabrus lubbocki","2022",8,32000,30,0.266666666666667
"April","Cirrhitichthys aprinus","2016",252,255900,271,0.929889298892989
"April","Cirrhitichthys aprinus","2017",96,98000,61,1.57377049180328
"April","Cirrhitichthys aprinus","2018",142,146500,155,0.916129032258065
"April","Cirrhitichthys aprinus","2019",82,82000,130,0.630769230769231
"April","Cirrhitichthys aprinus","2022",22,22000,30,0.733333333333333
"April","Cirrhitichthys aprinus","2023",72,72000,83,0.867469879518072
"April","Cirrhitichthys falco","2022",18,43000,30,0.6
"April","Cirrhitichthys falco","2023",1,2000,83,0.0120481927710843
"April","Cirrhitichthys oxycephalus","2022",1,2000,30,0.0333333333333333
"April","Coris gaimard","2012",29,68289.2156862745,122,0.237704918032787
"April","Coris gaimard","2013",40,77505.7870370371,144,0.277777777777778
"April","Coris gaimard","2016",55,189000,271,0.202952029520295
"April","Coris gaimard","2017",151,465250,61,2.47540983606557
"April","Coris gaimard","2018",48,183000,155,0.309677419354839
"April","Coris gaimard","2019",58,182000,130,0.446153846153846
"April","Coris gaimard","2022",25,63500,30,0.833333333333333
"April","Coris gaimard","2023",100,251000,83,1.20481927710843
"April","Cromileptes altivelis","2022",1,10000,30,0.0333333333333333
"April","Ctenochaetus striatus","2022",11,36000,30,0.366666666666667
"April","Ctenochaetus striatus","2023",38,114000,83,0.457831325301205
"April","Ctenogobiops tangaroai","2022",8,60000,30,0.266666666666667
"April","Dactyloptena orientalis","2013",1,3600,144,0.00694444444444444
"April","Dactyloptena orientalis","2022",1,25000,30,0.0333333333333333
"April","Dactyloptena orientalis","2023",1,25000,83,0.0120481927710843
"April","Dascyllus aruanus","2013",122,61000,144,0.847222222222222
"April","Dascyllus reticulatus","2016",54,81000,271,0.199261992619926
"April","Dascyllus reticulatus","2018",3,4500,155,0.0193548387096774
"April","Dascyllus reticulatus","2019",66,66000,130,0.507692307692308
"April","Dascyllus trimaculatus","2012",241,120500,122,1.97540983606557
"April","Dascyllus trimaculatus","2013",1036,605800,144,7.19444444444444
"April","Dascyllus trimaculatus","2016",659,447500,271,2.43173431734317
"April","Dascyllus trimaculatus","2017",90,90700,61,1.47540983606557
"April","Dascyllus trimaculatus","2018",208,184000,155,1.34193548387097
"April","Dascyllus trimaculatus","2019",523,523000,130,4.02307692307692
"April","Dascyllus trimaculatus","2023",333,309750,83,4.01204819277108
"April","Dendrochirus biocellatus","2013",52,63048.1927710843,144,0.361111111111111
"April","Dendrochirus biocellatus","2016",13,104000,271,0.0479704797047971
"April","Dendrochirus biocellatus","2017",11,95000,61,0.180327868852459
"April","Dendrochirus biocellatus","2018",2,20000,155,0.0129032258064516
"April","Dendrochirus biocellatus","2019",12,120000,130,0.0923076923076923
"April","Dendrochirus biocellatus","2022",1,15000,30,0.0333333333333333
"April","Dendrochirus biocellatus","2023",4,40000,83,0.0481927710843374
"April","Dendrochirus brachypterus","2012",3,6000,122,0.0245901639344262
"April","Dendrochirus zebra","2016",14,14000,271,0.0516605166051661
"April","Dendrochirus zebra","2017",6,6000,61,0.0983606557377049
"April","Dendrochirus zebra","2018",13,19000,155,0.0838709677419355
"April","Dendrochirus zebra","2019",5,5000,130,0.0384615384615385
"April","Dischistodus perspicillatus","2013",1,500,144,0.00694444444444444
"April","Dischistodus perspicillatus","2016",131,65500,271,0.483394833948339
"April","Dischistodus perspicillatus","2019",243,243000,130,1.86923076923077
"April","Doryrhamphus dactyliophorus","2013",3,5500,144,0.0208333333333333
"April","Doryrhamphus dactyliophorus","2016",4,7000,271,0.014760147601476
"April","Doryrhamphus dactyliophorus","2018",1,2000,155,0.00645161290322581
"April","Doryrhamphus dactyliophorus","2023",1,2000,83,0.0120481927710843
"April","Doryrhamphus excisus excisus","2012",1,1500,122,0.00819672131147541
"April","Doryrhamphus janssii","2018",1,3000,155,0.00645161290322581
"April","Doryrhamphus janssii","2023",1,2500,83,0.0120481927710843
"April","Echidna polyzona","2016",1,10000,271,0.003690036900369
"April","Echidna polyzona","2017",1,10000,61,0.0163934426229508
"April","Echidna polyzona","2018",1,15000,155,0.00645161290322581
"April","Ecsenius bicolor","2012",51,75586.0465116279,122,0.418032786885246
"April","Ecsenius bicolor","2016",152,255500,271,0.560885608856089
"April","Ecsenius bicolor","2017",147,268500,61,2.40983606557377
"April","Ecsenius bicolor","2018",97,173500,155,0.625806451612903
"April","Ecsenius bicolor","2019",58,85500,130,0.446153846153846
"April","Ecsenius bicolor","2022",41,150000,30,1.36666666666667
"April","Ecsenius bicolor","2023",117,249000,83,1.40963855421687
"April","Ecsenius midas","2012",24,36000,122,0.19672131147541
"April","Ecsenius namiyei","2012",6,5500,122,0.0491803278688525
"April","Ecsenius namiyei","2013",6,5612.5,144,0.0416666666666667
"April","Exallias brevis","2012",3,4200,122,0.0245901639344262
"April","Exallias brevis","2016",26,48000,271,0.0959409594095941
"April","Exallias brevis","2018",3,9000,155,0.0193548387096774
"April","Exallias brevis","2022",2,2000,30,0.0666666666666667
"April","Exallias brevis","2023",11,21000,83,0.132530120481928
"April","Forcipiger flavissimus","2012",1,10000,122,0.00819672131147541
"April","Forcipiger flavissimus","2013",21,126000,144,0.145833333333333
"April","Forcipiger flavissimus","2017",5,40000,61,0.0819672131147541
"April","Gomphosus varius","2016",27,52500,271,0.0996309963099631
"April","Gomphosus varius","2017",7,12000,61,0.114754098360656
"April","Gomphosus varius","2018",3,6000,155,0.0193548387096774
"April","Gomphosus varius","2023",1,1048.04545454545,83,0.0120481927710843
"April","Gymnomuraena zebra","2012",1,6000,122,0.00819672131147541
"April","Gymnomuraena zebra","2013",2,17000,144,0.0138888888888889
"April","Gymnomuraena zebra","2022",1,27500,30,0.0333333333333333
"April","Halichoeres argus","2023",1,1000,83,0.0120481927710843
"April","Halichoeres biocellatus","2022",1,3000,30,0.0333333333333333
"April","Halichoeres biocellatus","2023",1,3000,83,0.0120481927710843
"April","Halichoeres chrysus","2012",466,534539.739884393,122,3.81967213114754
"April","Halichoeres chrysus","2013",135,178111.778846154,144,0.9375
"April","Halichoeres chrysus","2016",919,1568500,271,3.39114391143911
"April","Halichoeres chrysus","2017",316,599250,61,5.18032786885246
"April","Halichoeres chrysus","2018",465,964500,155,3
"April","Halichoeres chrysus","2019",246,498500,130,1.89230769230769
"April","Halichoeres chrysus","2022",158,454000,30,5.26666666666667
"April","Halichoeres chrysus","2023",214,517000,83,2.57831325301205
"April","Halichoeres hortulanus","2012",26,27400,122,0.213114754098361
"April","Halichoeres hortulanus","2013",29,96000,144,0.201388888888889
"April","Halichoeres hortulanus","2016",30,22500,271,0.11070110701107
"April","Halichoeres hortulanus","2017",24,18000,61,0.39344262295082
"April","Halichoeres hortulanus","2018",141,134250,155,0.909677419354839
"April","Halichoeres hortulanus","2019",45,36000,130,0.346153846153846
"April","Halichoeres hortulanus","2022",6,7500,30,0.2
"April","Halichoeres hortulanus","2023",18,22250,83,0.216867469879518
"April","Halichoeres marginatus","2016",27,64500,271,0.0996309963099631
"April","Halichoeres marginatus","2022",23,69000,30,0.766666666666667
"April","Halichoeres marginatus","2023",21,63000,83,0.253012048192771
"April","Halichoeres melanurus","2016",26,53000,271,0.0959409594095941
"April","Halichoeres melanurus","2017",9,9000,61,0.147540983606557
"April","Halichoeres melanurus","2018",67,67000,155,0.432258064516129
"April","Halichoeres melanurus","2019",84,84000,130,0.646153846153846
"April","Halichoeres podostigma","2022",1,2500,30,0.0333333333333333
"April","Halichoeres podostigma","2023",2,5000,83,0.0240963855421687
"April","Halichoeres prosopeion","2012",50,69623.3333333333,122,0.409836065573771
"April","Halichoeres prosopeion","2023",1,2500,83,0.0120481927710843
"April","Hapalochlaena lunulata","2022",1,4000,30,0.0333333333333333
"April","Hemitaurichthys polylepis","2017",5,75000,61,0.0819672131147541
"April","Hemitaurichthys polylepis","2018",2,30000,155,0.0129032258064516
"April","Heniochus acuminatus","2012",7,28500,122,0.0573770491803279
"April","Heniochus acuminatus","2013",178,801498.156682028,144,1.23611111111111
"April","Heniochus acuminatus","2022",9,192500,30,0.3
"April","Heniochus acuminatus","2023",3,52500,83,0.036144578313253
"April","Heniochus monoceros","2016",22,243500,271,0.0811808118081181
"April","Heniochus monoceros","2017",10,113500,61,0.163934426229508
"April","Heniochus monoceros","2019",5,35000,130,0.0384615384615385
"April","Heniochus monoceros","2023",1,17500,83,0.0120481927710843
"April","Heniochus varius","2012",2,3166.66666666667,122,0.0163934426229508
"April","Heniochus varius","2016",55,68300,271,0.202952029520295
"April","Heniochus varius","2017",25,39500,61,0.409836065573771
"April","Heniochus varius","2018",8,18000,155,0.0516129032258065
"April","Heniochus varius","2019",33,49500,130,0.253846153846154
"April","Heniochus varius","2023",4,7000,83,0.0481927710843374
"April","Histrio histrio","2012",2,5000,122,0.0163934426229508
"April","Histrio histrio","2022",2,10000,30,0.0666666666666667
"April","Hymenocera elegans","2022",17,425000,30,0.566666666666667
"April","Iniistius pavo","2012",4,9000,122,0.0327868852459016
"April","Iniistius pavo","2013",6,14185.775862069,144,0.0416666666666667
"April","Iniistius pavo","2016",16,40250,271,0.0590405904059041
"April","Koumansetta hectori","2022",14,56000,30,0.466666666666667
"April","Koumansetta rainfordi","2022",97,388000,30,3.23333333333333
"April","Labrichthys Unilineatus","2022",6,18000,30,0.2
"April","Labrichthys unilineatus","2016",16,16000,271,0.0590405904059041
"April","Labrichthys unilineatus","2017",19,19000,61,0.311475409836066
"April","Labrichthys unilineatus","2018",14,14000,155,0.0903225806451613
"April","Labrichthys unilineatus","2019",40,40000,130,0.307692307692308
"April","Labroides bicolor","2012",6,36240.5063291139,122,0.0491803278688525
"April","Labroides bicolor","2013",5,31000,144,0.0347222222222222
"April","Labroides bicolor","2016",6,45000,271,0.022140221402214
"April","Labroides bicolor","2017",11,1e+05,61,0.180327868852459
"April","Labroides bicolor","2018",7,62000,155,0.0451612903225806
"April","Labroides bicolor","2019",10,80000,130,0.0769230769230769
"April","Labroides bicolor","2022",6,90000,30,0.2
"April","Labroides bicolor","2023",8,65067.5403225807,83,0.0963855421686747
"April","Labroides dimidiatus","2012",312,237000,122,2.55737704918033
"April","Labroides dimidiatus","2013",393,323888.043478261,144,2.72916666666667
"April","Labroides dimidiatus","2016",759,768500,271,2.80073800738007
"April","Labroides dimidiatus","2017",332,328000,61,5.44262295081967
"April","Labroides dimidiatus","2018",336,373500,155,2.16774193548387
"April","Labroides dimidiatus","2019",268,269000,130,2.06153846153846
"April","Labroides dimidiatus","2022",284,568000,30,9.46666666666667
"April","Labroides dimidiatus","2023",240,247962.15,83,2.89156626506024
"April","Labroides rubrolabiatus","2012",2,6000,122,0.0163934426229508
"April","Labroides rubrolabiatus","2016",6,39000,271,0.022140221402214
"April","Labroides rubrolabiatus","2018",1,6000,155,0.00645161290322581
"April","Labroides rubrolabiatus","2019",2,12000,130,0.0153846153846154
"April","Labropsis alleni","2017",1,1000,61,0.0163934426229508
"April","Labropsis alleni","2019",3,6000,130,0.0230769230769231
"April","Lysmata amboinensis","2012",78,239750,122,0.639344262295082
"April","Lysmata amboinensis","2013",8,37659.133126935,144,0.0555555555555556
"April","Lysmata amboinensis","2016",10,75000,271,0.03690036900369
"April","Lysmata amboinensis","2018",8,88000,155,0.0516129032258065
"April","Lysmata amboinensis","2019",182,2136000,130,1.4
"April","Lysmata amboinensis","2022",27,83000,30,0.9
"April","Lysmata amboinensis","2023",20,20000,83,0.240963855421687
"April","Lysmata debelius","2019",1,15000,130,0.00769230769230769
"April","Macolor niger","2017",1,5000,61,0.0163934426229508
"April","Macolor niger","2019",1,5000,130,0.00769230769230769
"April","Macropharyngodon meleagris","2012",137,122900,122,1.12295081967213
"April","Macropharyngodon meleagris","2013",104,107303.947368421,144,0.722222222222222
"April","Macropharyngodon meleagris","2016",570,618600,271,2.10332103321033
"April","Macropharyngodon meleagris","2017",111,140400,61,1.81967213114754
"April","Macropharyngodon meleagris","2018",195,239000,155,1.25806451612903
"April","Macropharyngodon meleagris","2019",103,103000,130,0.792307692307692
"April","Macropharyngodon meleagris","2022",21,31500,30,0.7
"April","Macropharyngodon meleagris","2023",39,58500,83,0.469879518072289
"April","Macropharyngodon negrosensis","2012",32,37000,122,0.262295081967213
"April","Macropharyngodon negrosensis","2013",1,1000,144,0.00694444444444444
"April","Macropharyngodon negrosensis","2016",23,27500,271,0.0848708487084871
"April","Macropharyngodon negrosensis","2017",8,9000,61,0.131147540983607
"April","Macropharyngodon negrosensis","2018",12,17500,155,0.0774193548387097
"April","Macropharyngodon negrosensis","2019",9,9000,130,0.0692307692307692
"April","Macropharyngodon negrosensis","2022",6,20000,30,0.2
"April","Macropharyngodon negrosensis","2023",6,12000,83,0.072289156626506
"April","Macropharyngodon ornatus","2022",21,68000,30,0.7
"April","Macropharyngodon ornatus","2023",21,63000,83,0.253012048192771
"April","Malacanthus brevirostris","2017",2,3000,61,0.0327868852459016
"April","Malacanthus latovittatus","2012",1,1500,122,0.00819672131147541
"April","Malacanthus latovittatus","2013",1,1500,144,0.00694444444444444
"April","Malacanthus latovittatus","2016",8,14000,271,0.029520295202952
"April","Malacanthus latovittatus","2019",7,16000,130,0.0538461538461538
"April","Malacanthus latovittatus","2022",1,5000,30,0.0333333333333333
"April","Malacanthus latovittatus","2023",1,7000,83,0.0120481927710843
"April","Meiacanthus atrodorsalis","2022",10,38000,30,0.333333333333333
"April","Meiacanthus atrodorsalis","2023",13,39000,83,0.156626506024096
"April","Meiacanthus grammistes","2013",3,1800,144,0.0208333333333333
"April","Meiacanthus grammistes","2016",7,12000,271,0.025830258302583
"April","Meiacanthus grammistes","2017",1,1000,61,0.0163934426229508
"April","Meiacanthus grammistes","2018",9,9000,155,0.0580645161290323
"April","Meiacanthus grammistes","2019",3,3000,130,0.0230769230769231
"April","Meiacanthus grammistes","2022",5,15000,30,0.166666666666667
"April","Meiacanthus grammistes","2023",2,6000,83,0.0240963855421687
"April","Meiacanthus smithii","2022",8,13500,30,0.266666666666667
"April","Meiacanthus smithii","2023",3,3750,83,0.036144578313253
"April","Melichthys indicus","2022",2,20000,30,0.0666666666666667
"April","Melichthys vidua","2012",3,11276.5957446808,122,0.0245901639344262
"April","Melichthys vidua","2013",2,5000,144,0.0138888888888889
"April","Melichthys vidua","2017",19,84000,61,0.311475409836066
"April","Melichthys vidua","2018",11,38500,155,0.0709677419354839
"April","Melichthys vidua","2019",4,14000,130,0.0307692307692308
"April","Melichthys vidua","2022",2,20000,30,0.0666666666666667
"April","Monacanthus chinensis","2016",9,9000,271,0.033210332103321
"April","Monacanthus chinensis","2017",8,14750,61,0.131147540983607
"April","Monacanthus chinensis","2018",2,5000,155,0.0129032258064516
"April","Monacanthus chinensis","2022",5,5000,30,0.166666666666667
"April","Monacanthus chinensis","2023",8,8000,83,0.0963855421686747
"April","Naso Lopezi","2022",2,7000,30,0.0666666666666667
"April","Naso lituratus","2012",26,73046.4285714286,122,0.213114754098361
"April","Naso lituratus","2013",159,834324.853228963,144,1.10416666666667
"April","Naso lituratus","2016",15,52000,271,0.0553505535055351
"April","Naso lituratus","2017",160,599500,61,2.62295081967213
"April","Naso lituratus","2018",18,101000,155,0.116129032258065
"April","Naso lituratus","2019",7,49000,130,0.0538461538461538
"April","Naso lituratus","2022",52,461000,30,1.73333333333333
"April","Naso lituratus","2023",34,143000,83,0.409638554216867
"April","Naso unicornis","2016",1,3000,271,0.003690036900369
"April","Naso unicornis","2018",9,9500,155,0.0580645161290323
"April","Naso unicornis","2019",6,6000,130,0.0461538461538462
"April","Naso unicornis","2022",20,80000,30,0.666666666666667
"April","Naso vlamingii","2022",34,175000,30,1.13333333333333
"April","Naso vlamingii","2023",2,11000,83,0.0240963855421687
"April","Nemateleotris magnifica","2012",1,5000,122,0.00819672131147541
"April","Nemateleotris magnifica","2016",3,19000,271,0.011070110701107
"April","Nemateleotris magnifica","2017",4,30000,61,0.0655737704918033
"April","Nemateleotris magnifica","2022",50,8e+05,30,1.66666666666667
"April","Neoglyphidodon crossi","2012",12,12000,122,0.0983606557377049
"April","Neoglyphidodon crossi","2013",1096,1102043.38842975,144,7.61111111111111
"April","Neoglyphidodon crossi","2016",288,367500,271,1.06273062730627
"April","Neoglyphidodon crossi","2017",2,3000,61,0.0327868852459016
"April","Neoglyphidodon crossi","2018",50,58000,155,0.32258064516129
"April","Neoglyphidodon crossi","2019",23,23000,130,0.176923076923077
"April","Neoglyphidodon crossi","2022",45,131500,30,1.5
"April","Neoglyphidodon crossi","2023",9,9000,83,0.108433734939759
"April","Neoglyphidodon melas","2013",109,65400,144,0.756944444444444
"April","Neoglyphidodon melas","2022",4,10000,30,0.133333333333333
"April","Neoglyphidodon nigroris","2016",2,2000,271,0.00738007380073801
"April","Neoglyphidodon nigroris","2018",10,11000,155,0.0645161290322581
"April","Neoglyphidodon nigroris","2019",2,2000,130,0.0153846153846154
"April","Neoglyphidodon nigroris","2022",4,12000,30,0.133333333333333
"April","Neoglyphidodon nigroris","2023",1,2500,83,0.0120481927710843
"April","Neopenrolisthes maculata","2012",10,10096.7741935484,122,0.0819672131147541
"April","Neopenrolisthes maculata","2013",92,66732.2485207101,144,0.638888888888889
"April","Neopenrolisthes maculata","2016",17,21000,271,0.0627306273062731
"April","Neopenrolisthes maculata","2018",6,7000,155,0.0387096774193548
"April","Neopenrolisthes maculata","2019",15,15000,130,0.115384615384615
"April","Neopetrolisthes ohshimai","2022",12,36000,30,0.4
"April","Neopetrolisthes ohshimai","2023",1,2500,83,0.0120481927710843
"April","Neopomacentrus nemurus","2016",20,10000,271,0.0738007380073801
"April","Novaculichthys taeniourus","2017",2,5500,61,0.0327868852459016
"April","Novaculichthys taeniourus","2018",18,52500,155,0.116129032258065
"April","Novaculichthys taeniourus","2019",9,19000,130,0.0692307692307692
"April","Novaculichthys taeniourus","2022",22,57500,30,0.733333333333333
"April","Novaculichthys taeniourus","2023",2,3000,83,0.0240963855421687
"April","Odontodactylus scyllarus","2012",2,3500,122,0.0163934426229508
"April","Odontodactylus scyllarus","2016",12,30000,271,0.044280442804428
"April","Odontodactylus scyllarus","2018",21,52500,155,0.135483870967742
"April","Odontodactylus scyllarus","2019",33,82500,130,0.253846153846154
"April","Odonus niger","2013",3,4538.65979381442,144,0.0208333333333333
"April","Odonus niger","2016",60,119000,271,0.22140221402214
"April","Odonus niger","2017",123,216000,61,2.01639344262295
"April","Odonus niger","2018",5,10000,155,0.032258064516129
"April","Odonus niger","2019",12,24000,130,0.0923076923076923
"April","Odonus niger","2023",5,20000,83,0.0602409638554217
"April","Opistognathus randalli","2022",37,111000,30,1.23333333333333
"April","Opistognathus scops","2022",6,18000,30,0.2
"April","Ostracion meleagris","2012",3,15000,122,0.0245901639344262
"April","Ostracion meleagris","2022",3,27000,30,0.1
"April","Ostracion solorensis","2013",8,29375,144,0.0555555555555556
"April","Ostracion solorensis","2016",14,140000,271,0.0516605166051661
"April","Ostracion solorensis","2017",22,141000,61,0.360655737704918
"April","Ostracion solorensis","2018",79,504000,155,0.509677419354839
"April","Ostracion solorensis","2019",52,309000,130,0.4
"April","Oxymonacanthus longirostris","2016",2,6000,271,0.00738007380073801
"April","Oxymonacanthus longirostris","2018",1,3000,155,0.00645161290322581
"April","Paguristes species","2023",320,1280000,83,3.85542168674699
"April","Paracanthurus hepatus","2019",1,15000,130,0.00769230769230769
"April","Paracanthurus hepatus","2023",1,40000,83,0.0120481927710843
"April","Paracheilinus carpenteri","2022",81,262500,30,2.7
"April","Paracheilinus mccoskeri","2012",61,61266.6666666667,122,0.5
"April","Paracheilinus mccoskeri","2013",222,285174.418604651,144,1.54166666666667
"April","Paracheilinus mccoskeri","2016",412,492000,271,1.52029520295203
"April","Paracheilinus mccoskeri","2018",106,142000,155,0.683870967741935
"April","Paracheilinus mccoskeri","2019",58,65000,130,0.446153846153846
"April","Paracirrhites arcatus","2012",86,92527.1739130436,122,0.704918032786885
"April","Paracirrhites arcuatus","2016",11,12500,271,0.040590405904059
"April","Paracirrhites arcuatus","2017",9,11500,61,0.147540983606557
"April","Paracirrhites arcuatus","2018",52,53500,155,0.335483870967742
"April","Paracirrhites arcuatus","2019",54,54000,130,0.415384615384615
"April","Paraluteres prionurus","2022",25,75000,30,0.833333333333333
"April","Paraluteres prionurus","2023",9,27000,83,0.108433734939759
"April","Paramonacanthus filicauda","2022",17,34000,30,0.566666666666667
"April","Paramonacanthus filicauda","2023",7,14000,83,0.0843373493975904
"April","Parapercis schuinslandi","2016",4,3500,271,0.014760147601476
"April","Parapercis schuinslandi","2018",8,12000,155,0.0516129032258065
"April","Parupeneus cyclostomus","2012",1,2113.63636363636,122,0.00819672131147541
"April","Parupeneus rubescens","2012",4,4000,122,0.0327868852459016
"April","Parupeneus rubescens","2013",3,2250,144,0.0208333333333333
"April","Parupeneus rubescens","2016",2,1000,271,0.00738007380073801
"April","Parupeneus rubescens","2018",2,4000,155,0.0129032258064516
"April","Periclimenes brevicarpalis","2013",59,44500,144,0.409722222222222
"April","Periclimenes brevicarpalis","2016",4,5000,271,0.014760147601476
"April","Periclimenes brevicarpalis","2018",1,1000,155,0.00645161290322581
"April","Periclimenes brevicarpalis","2019",10,10000,130,0.0769230769230769
"April","Periclimenes brevicarpalis","2022",27,67500,30,0.9
"April","Pervagor Janthinosoma","2016",6,6000,271,0.022140221402214
"April","Pervagor Janthinosoma","2018",5,5000,155,0.032258064516129
"April","Pervagor Janthinosoma","2019",11,11000,130,0.0846153846153846
"April","Pervagor janthinosoma","2012",6,10500,122,0.0491803278688525
"April","Pervagor janthinosoma","2023",4,6000,83,0.0481927710843374
"April","Pervagor melanosoma","2022",11,43000,30,0.366666666666667
"April","Plagiotremus laudandus","2012",11,11083.3333333333,122,0.0901639344262295
"April","Plagiotremus ludandus","2016",33,35000,271,0.121771217712177
"April","Plagiotremus ludandus","2018",30,32000,155,0.193548387096774
"April","Plagiotremus ludandus","2019",80,83000,130,0.615384615384615
"April","Plagiotremus rhinorhynchos","2022",19,38000,30,0.633333333333333
"April","Platax orbicularis","2022",2,14000,30,0.0666666666666667
"April","Platax pinnatus","2013",2,30000,144,0.0138888888888889
"April","Platax teira","2012",16,49750,122,0.131147540983607
"April","Platax teira","2013",9,27000,144,0.0625
"April","Platax teira","2022",1,7000,30,0.0333333333333333
"April","Platax tiera","2016",2,4000,271,0.00738007380073801
"April","Plectorhinchus chaetodonoides","2016",10,21000,271,0.03690036900369
"April","Plectorhinchus chaetodonoides","2019",2,10000,130,0.0153846153846154
"April","Plectorhinchus chaetodonoides","2022",5,62500,30,0.166666666666667
"April","Plectorhinchus chaetodonoides","2023",3,10000,83,0.036144578313253
"April","Plectorhinchus diagrammus","2013",3,3500,144,0.0208333333333333
"April","Plectorhinchus orientalis","2012",23,47713.5416666666,122,0.188524590163934
"April","Plectorhinchus orientalis","2016",37,72000,271,0.136531365313653
"April","Plectorhinchus orientalis","2017",15,36500,61,0.245901639344262
"April","Plectorhinchus orientalis","2018",33,78000,155,0.212903225806452
"April","Plectorhinchus orientalis","2019",7,17500,130,0.0538461538461538
"April","Plectorhinchus orientalis","2022",16,72207.5471698113,30,0.533333333333333
"April","Plectorhinchus orientalis","2023",70,96092.0000000002,83,0.843373493975904
"April","Plectorhinchus pictus","2013",49,81490.3846153847,144,0.340277777777778
"April","Plectorhinchus pictus","2017",1,6000,61,0.0163934426229508
"April","Plectorhinchus pictus","2018",1,5000,155,0.00645161290322581
"April","Plectorhincus diagrammus","2016",26,39500,271,0.0959409594095941
"April","Plectorhincus diagrammus","2018",4,6500,155,0.0258064516129032
"April","Plectorhincus diagrammus","2019",3,4500,130,0.0230769230769231
"April","Plectroglyphidodon lacrymatus","2022",1,1500,30,0.0333333333333333
"April","Plectroglyphidodon lacrymatus","2023",2,3000,83,0.0240963855421687
"April","Pomacanthus Imperator","2016",17,405000,271,0.0627306273062731
"April","Pomacanthus Imperator","2018",23,720000,155,0.148387096774194
"April","Pomacanthus Imperator","2019",21,522500,130,0.161538461538462
"April","Pomacanthus annularis","2022",1,90000,30,0.0333333333333333
"April","Pomacanthus annularis","2023",4,48000,83,0.0481927710843374
"April","Pomacanthus imperator","2012",21,476162.601626016,122,0.172131147540984
"April","Pomacanthus imperator","2013",5,128000,144,0.0347222222222222
"April","Pomacanthus imperator","2023",11,476500,83,0.132530120481928
"April","Pomacanthus semicirculatus","2012",1,10000,122,0.00819672131147541
"April","Pomacanthus semicirculatus","2013",2,4000,144,0.0138888888888889
"April","Pomacanthus semicirculatus","2022",18,360000,30,0.6
"April","Pomacentrus auriventris","2016",810,513000,271,2.98892988929889
"April","Pomacentrus auriventris","2017",97,104500,61,1.59016393442623
"April","Pomacentrus auriventris","2018",169,165500,155,1.09032258064516
"April","Pomacentrus auriventris","2019",250,195000,130,1.92307692307692
"April","Pomacentrus auriventris","2023",100,150000,83,1.20481927710843
"April","Pomacentrus bankanensis","2012",96,96000,122,0.786885245901639
"April","Pomacentrus bankanensis","2016",67,100500,271,0.247232472324723
"April","Pomacentrus bankanensis","2017",114,171000,61,1.86885245901639
"April","Pomacentrus bankanensis","2018",107,160500,155,0.690322580645161
"April","Pomacentrus bankanensis","2022",74,111000,30,2.46666666666667
"April","Pomacentrus bankanensis","2023",116,174000,83,1.39759036144578
"April","Pomacentrus coelestis","2022",45,33750,30,1.5
"April","Pomacentrus coelestis","2023",183,137250,83,2.20481927710843
"April","Pomacentrus moluccensis","2018",6,9000,155,0.0387096774193548
"April","Pomacentrus moluccensis","2023",10,15000,83,0.120481927710843
"April","Pomacentrus pavo","2019",100,75000,130,0.769230769230769
"April","Pomacentrus smithi","2016",6,6000,271,0.022140221402214
"April","Pomacentrus smithi","2017",1,1000,61,0.0163934426229508
"April","Pomacentrus smithi","2018",21,21000,155,0.135483870967742
"April","Pomacentrus smithi","2019",18,18000,130,0.138461538461538
"April","Premnas biaculeatus","2016",1,1500,271,0.003690036900369
"April","Pseudanthias Luzunensis","2018",1,10000,155,0.00645161290322581
"April","Pseudanthias cooperi","2013",48,52785.9116022099,144,0.333333333333333
"April","Pseudanthias dispar","2012",2900,2189750,122,23.7704918032787
"April","Pseudanthias dispar","2013",367,394174.107142857,144,2.54861111111111
"April","Pseudanthias dispar","2016",1370,1979750,271,5.05535055350554
"April","Pseudanthias dispar","2017",1290,2580000,61,21.1475409836066
"April","Pseudanthias dispar","2018",725,1450000,155,4.67741935483871
"April","Pseudanthias dispar","2019",494,988000,130,3.8
"April","Pseudanthias dispar","2022",274,601000,30,9.13333333333333
"April","Pseudanthias dispar","2023",1086,2290500,83,13.0843373493976
"April","Pseudanthias evansi","2012",6,10171.4285714286,122,0.0491803278688525
"April","Pseudanthias huchtii","2012",121,74500,122,0.991803278688525
"April","Pseudanthias huchtii","2016",101,172000,271,0.372693726937269
"April","Pseudanthias huchtii","2017",126,153250,61,2.0655737704918
"April","Pseudanthias huchtii","2018",81,115750,155,0.52258064516129
"April","Pseudanthias huchtii","2019",73,54750,130,0.561538461538462
"April","Pseudanthias huchtii","2022",48,100500,30,1.6
"April","Pseudanthias huchtii","2023",140,272772.446601942,83,1.68674698795181
"April","Pseudanthias hypselosoma","2012",182,151150,122,1.49180327868852
"April","Pseudanthias hypselosoma","2016",402,433250,271,1.48339483394834
"April","Pseudanthias hypselosoma","2017",89,97500,61,1.45901639344262
"April","Pseudanthias hypselosoma","2018",244,378750,155,1.5741935483871
"April","Pseudanthias hypselosoma","2019",71,84000,130,0.546153846153846
"April","Pseudanthias hypselosoma","2023",35,175000,83,0.421686746987952
"April","Pseudanthias luzonensis","2012",16,32000,122,0.131147540983607
"April","Pseudanthias luzonensis","2013",1,2000,144,0.00694444444444444
"April","Pseudanthias pleurotaenia","2016",3,8000,271,0.011070110701107
"April","Pseudanthias pleurotaenia","2017",4,12000,61,0.0655737704918033
"April","Pseudanthias pleurotaenia","2018",3,9000,155,0.0193548387096774
"April","Pseudanthias pleurotaenia","2019",3,9000,130,0.0230769230769231
"April","Pseudanthias squamipinnis","2022",154,385570.652173913,30,5.13333333333333
"April","Pseudanthias squamipinnis","2023",178,207083.746428571,83,2.14457831325301
"April","Pseudanthias tuka","2017",2,9000,61,0.0327868852459016
"April","Pseudechidna brummeri","2022",1,7000,30,0.0333333333333333
"April","Pseudocheilinus Octotaenia","2018",1,2500,155,0.00645161290322581
"April","Pseudocheilinus evanidus","2012",130,153704.819277108,122,1.0655737704918
"April","Pseudocheilinus evanidus","2016",116,106500,271,0.428044280442804
"April","Pseudocheilinus evanidus","2017",73,75000,61,1.19672131147541
"April","Pseudocheilinus evanidus","2018",93,96000,155,0.6
"April","Pseudocheilinus evanidus","2019",82,82000,130,0.630769230769231
"April","Pseudocheilinus evanidus","2023",13,16250,83,0.156626506024096
"April","Pseudocheilinus hexataenia","2012",927,1638590.65359477,122,7.5983606557377
"April","Pseudocheilinus hexataenia","2013",282,510495.172413793,144,1.95833333333333
"April","Pseudocheilinus hexataenia","2016",2771,5557000,271,10.2250922509225
"April","Pseudocheilinus hexataenia","2017",907,2027500,61,14.8688524590164
"April","Pseudocheilinus hexataenia","2018",1878,4126000,155,12.1161290322581
"April","Pseudocheilinus hexataenia","2019",1680,4206500,130,12.9230769230769
"April","Pseudocheilinus hexataenia","2022",339,1153500,30,11.3
"April","Pseudocheilinus hexataenia","2023",828,2605000,83,9.97590361445783
"April","Pseudochromis paccagnellae","2012",2,2000,122,0.0163934426229508
"April","Pseudochromis paccagnellae","2013",3,3468.75,144,0.0208333333333333
"April","Pseudochromis paccagnellae","2016",10,10000,271,0.03690036900369
"April","Pseudochromis paccagnellae","2017",4,4000,61,0.0655737704918033
"April","Pseudochromis paccagnellae","2018",9,9000,155,0.0580645161290323
"April","Pseudochromis paccagnellae","2022",54,189000,30,1.8
"April","Ptereleotris evides","2012",6,7680.45112781955,122,0.0491803278688525
"April","Ptereleotris evides","2016",115,172500,271,0.424354243542435
"April","Ptereleotris evides","2017",4,6000,61,0.0655737704918033
"April","Ptereleotris evides","2018",88,187500,155,0.567741935483871
"April","Ptereleotris evides","2019",66,96000,130,0.507692307692308
"April","Ptereleotris evides","2022",29,118500,30,0.966666666666667
"April","Ptereleotris evides","2023",10,30000,83,0.120481927710843
"April","Ptereleotris heteroptera","2012",1,1500,122,0.00819672131147541
"April","Ptereleotris heteropterus","2016",2,3000,271,0.00738007380073801
"April","Ptereleotris heteropterus","2017",1,1500,61,0.0163934426229508
"April","Ptereleotris heteropterus","2018",7,10500,155,0.0451612903225806
"April","Ptereleotris heteropterus","2019",60,120000,130,0.461538461538462
"April","Ptereleotris heteropterus","2023",1,2500,83,0.0120481927710843
"April","Ptereleotris microlepis","2016",83,83000,271,0.306273062730627
"April","Ptereleotris microlepis","2022",11,44000,30,0.366666666666667
"April","Ptereleotris zebra","2019",4,6000,130,0.0307692307692308
"April","Pterocaesio chrysozona","2012",1,1000,122,0.00819672131147541
"April","Pterocaesio chrysozona","2016",1,1000,271,0.003690036900369
"April","Pterois antennata","2012",30,49987.3333333333,122,0.245901639344262
"April","Pterois antennata","2016",76,110000,271,0.280442804428044
"April","Pterois antennata","2017",42,84000,61,0.688524590163934
"April","Pterois antennata","2018",35,70000,155,0.225806451612903
"April","Pterois antennata","2019",62,124000,130,0.476923076923077
"April","Pterois antennata","2022",3,11500,30,0.1
"April","Pterois antennata","2023",22,36500,83,0.265060240963855
"April","Pterois radiata","2012",4,31263.1578947368,122,0.0327868852459016
"April","Pterois radiata","2016",9,72000,271,0.033210332103321
"April","Pterois radiata","2017",1,8000,61,0.0163934426229508
"April","Pterois radiata","2018",3,40000,155,0.0193548387096774
"April","Pterois radiata","2022",9,142500,30,0.3
"April","Pterois radiata","2023",1,15000,83,0.0120481927710843
"April","Pterois volitans","2012",3,20333.3333333333,122,0.0245901639344262
"April","Pterois volitans","2013",18,172747.863247863,144,0.125
"April","Pterois volitans","2016",3,24000,271,0.011070110701107
"April","Pterois volitans","2019",6,60000,130,0.0461538461538462
"April","Pterois volitans","2022",6,105000,30,0.2
"April","Pygoplites diacanthus","2012",5,63944.4444444444,122,0.040983606557377
"April","Pygoplites diacanthus","2016",3,60000,271,0.011070110701107
"April","Pygoplites diacanthus","2017",1,15000,61,0.0163934426229508
"April","Pygoplites diacanthus","2018",2,40000,155,0.0129032258064516
"April","Pygoplites diacanthus","2022",1,35000,30,0.0333333333333333
"April","Pygoplites diacanthus","2023",1,35000,83,0.0120481927710843
"April","Rhinchocinetes durbanensis","2016",594,432800,271,2.19188191881919
"April","Rhinchocinetes durbanensis","2018",74,53300,155,0.47741935483871
"April","Rhinchocinetes durbanensis","2019",420,295500,130,3.23076923076923
"April","Rhinecanthus aculeatus","2013",1,2500,144,0.00694444444444444
"April","Rhinecanthus verrucosus","2012",2,3000,122,0.0163934426229508
"April","Rhinecanthus verrucosus","2016",39,39000,271,0.143911439114391
"April","Rhinecanthus verrucosus","2017",10,10000,61,0.163934426229508
"April","Rhinecanthus verrucosus","2018",4,4000,155,0.0258064516129032
"April","Rhinecanthus verrucosus","2019",28,28000,130,0.215384615384615
"April","Rhinomuraena quaesita","2012",1,6000,122,0.00819672131147541
"April","Rhinomuraena quaesita","2013",2,19085.1063829787,144,0.0138888888888889
"April","Rhinomuraena quaesita","2022",1,15000,30,0.0333333333333333
"April","Rhinomuraena quaesita","2023",3,60000,83,0.036144578313253
"April","Rhinomuraena quesita","2016",9,93500,271,0.033210332103321
"April","Rhinomuraena quesita","2018",15,315000,155,0.0967741935483871
"April","Rhinomuraena quesita","2019",9,81000,130,0.0692307692307692
"April","Rhynchocinetes durbanensis","2012",715,431250,122,5.86065573770492
"April","Rhynchocinetes durbanensis","2013",334,250500,144,2.31944444444444
"April","Rhynchocinetes durbanensis","2022",70,70000,30,2.33333333333333
"April","Rhynchocinetes durbanensis","2023",202,202000,83,2.43373493975904
"April","Salarias ceramensis","2013",10,9948.83720930233,144,0.0694444444444444
"April","Salarias ceramensis","2022",4,30000,30,0.133333333333333
"April","Salarias fasciatus","2012",3,2730,122,0.0245901639344262
"April","Salarias fasciatus","2016",179,179000,271,0.660516605166052
"April","Salarias fasciatus","2018",6,6000,155,0.0387096774193548
"April","Salarias fasciatus","2019",31,31000,130,0.238461538461538
"April","Salarias fasciatus","2022",23,24500,30,0.766666666666667
"April","Salarias fasciatus","2023",10,10000,83,0.120481927710843
"April","Salarias segmentatus","2022",17,85000,30,0.566666666666667
"April","Siderea picta","2023",1,5000,83,0.0120481927710843
"April","Siganus corallinus","2016",2,2500,271,0.00738007380073801
"April","Siganus corallinus","2022",2,5000,30,0.0666666666666667
"April","Siganus puellus","2022",4,16000,30,0.133333333333333
"April","Signigobius biocellatus","2013",22,262000,144,0.152777777777778
"April","Signigobius biocellatus","2022",47,399500,30,1.56666666666667
"April","Stenopus Hispodus","2016",50,50000,271,0.18450184501845
"April","Stenopus Hispodus","2019",39,39000,130,0.3
"April","Stenopus hispidus","2022",1,1000,30,0.0333333333333333
"April","Stenopus hispidus","2023",5,5000,83,0.0602409638554217
"April","Stenopus hispodus","2012",9,8750,122,0.0737704918032787
"April","Stenopus hispodus","2013",27,21242.4242424242,144,0.1875
"April","Stenopus tenuirostris","2023",1,1000,83,0.0120481927710843
"April","Stethojulis bandanensis","2016",9,12000,271,0.033210332103321
"April","Stethojulis bandanensis","2017",1,1000,61,0.0163934426229508
"April","Stethojulis bandanensis","2023",3,3000,83,0.036144578313253
"April","Stonogobiops nematodes","2022",34,255000,30,1.13333333333333
"April","Sufflamen bursa","2012",5,10000,122,0.040983606557377
"April","Sufflamen bursa","2023",1,3000,83,0.0120481927710843
"April","Sufflamen chrysopterum","2012",3,4750,122,0.0245901639344262
"April","Sufflamen chrysopterus","2016",1,1000,271,0.003690036900369
"April","Sufflamen chrysopterus","2017",10,30000,61,0.163934426229508
"April","Sufflamen chrysopterus","2018",7,17000,155,0.0451612903225806
"April","Sufflamen chrysopterus","2019",3,3000,130,0.0230769230769231
"April","Synchiropus ocellatus","2012",19,20079.2682926829,122,0.155737704918033
"April","Synchiropus ocellatus","2013",48,54250.0000000001,144,0.333333333333333
"April","Synchiropus ocellatus","2016",865,1040500,271,3.19188191881919
"April","Synchiropus ocellatus","2017",4,4000,61,0.0655737704918033
"April","Synchiropus ocellatus","2018",149,155000,155,0.961290322580645
"April","Synchiropus ocellatus","2019",62,62000,130,0.476923076923077
"April","Synchiropus ocellatus","2022",26,104000,30,0.866666666666667
"April","Synchiropus ocellatus","2023",5,9500,83,0.0602409638554217
"April","Synchiropus picturatus","2022",5,7500,30,0.166666666666667
"April","Synchiropus picturatus","2023",23,34500,83,0.27710843373494
"April","Taenianotus triacanthus","2018",1,4000,155,0.00645161290322581
"April","Thalassoma amblycephalum","2012",1,1500,122,0.00819672131147541
"April","Thalassoma amblycephalum","2016",18,26000,271,0.0664206642066421
"April","Thalassoma amblycephalum","2018",15,24000,155,0.0967741935483871
"April","Thalassoma jansenii","2023",2,2000,83,0.0240963855421687
"April","Thalassoma lunare","2012",8,8000,122,0.0655737704918033
"April","Thalassoma lunare","2016",4,4000,271,0.014760147601476
"April","Thalassoma lunare","2017",5,5000,61,0.0819672131147541
"April","Thalassoma lunare","2018",4,4000,155,0.0258064516129032
"April","Thalassoma lunare","2019",3,3000,130,0.0230769230769231
"April","Thalassoma lutescens","2023",1,2000,83,0.0120481927710843
"April","Valenciennea helsdingenii","2012",49,70070.1342281879,122,0.401639344262295
"April","Valenciennea helsdingenii","2016",127,180600,271,0.468634686346863
"April","Valenciennea helsdingenii","2017",370,573000,61,6.0655737704918
"April","Valenciennea helsdingenii","2018",40,70000,155,0.258064516129032
"April","Valenciennea helsdingenii","2019",176,352000,130,1.35384615384615
"April","Valenciennea helsdingenii","2022",24,62000,30,0.8
"April","Valenciennea helsdingenii","2023",30,76000,83,0.36144578313253
"April","Valenciennea longipinnis","2022",45,112500,30,1.5
"April","Valenciennea puellaris","2012",107,135367.759562842,122,0.877049180327869
"April","Valenciennea puellaris","2013",380,533308.069164264,144,2.63888888888889
"April","Valenciennea puellaris","2016",1385,2103100,271,5.11070110701107
"April","Valenciennea puellaris","2017",929,1413800,61,15.2295081967213
"April","Valenciennea puellaris","2018",1158,2211250,155,7.47096774193548
"April","Valenciennea puellaris","2019",388,796500,130,2.98461538461538
"April","Valenciennea puellaris","2022",108,352500,30,3.6
"April","Valenciennea puellaris","2023",470,986000,83,5.66265060240964
"April","Valenciennea sexguttata","2012",8,7750,122,0.0655737704918033
"April","Valenciennea sexguttata","2013",118,116374,144,0.819444444444444
"April","Valenciennea sexguttata","2016",398,474750,271,1.46863468634686
"April","Valenciennea sexguttata","2017",131,169000,61,2.14754098360656
"April","Valenciennea sexguttata","2018",48,72000,155,0.309677419354839
"April","Valenciennea sexguttata","2019",97,145500,130,0.746153846153846
"April","Valenciennea sexguttata","2022",190,551500,30,6.33333333333333
"April","Valenciennea sexguttata","2023",40,73000,83,0.481927710843373
"April","Valenciennea strigata","2012",5,6050,122,0.040983606557377
"April","Valenciennea strigata","2013",171,233834.330143541,144,1.1875
"April","Valenciennea strigata","2016",540,817200,271,1.99261992619926
"April","Valenciennea strigata","2018",24,45500,155,0.154838709677419
"April","Valenciennea strigata","2019",20,27000,130,0.153846153846154
"April","Valenciennea strigata","2022",67,246000,30,2.23333333333333
"April","Valenciennea strigata","2023",136,311000,83,1.63855421686747
"April","Variola louti","2016",1,1500,271,0.003690036900369
"April","Variola louti","2019",1,2000,130,0.00769230769230769
"April","Wetmorella nigropinnata","2016",39,39250,271,0.143911439114391
"April","Wetmorella nigropinnata","2017",61,65000,61,1
"April","Wetmorella nigropinnata","2018",17,17000,155,0.109677419354839
"April","Wetmorella nigropinnata","2019",36,36000,130,0.276923076923077
"April","Zanclus cornutus","2012",5,7600,122,0.040983606557377
"April","Zanclus cornutus","2016",132,211750,271,0.487084870848708
"April","Zanclus cornutus","2017",19,34750,61,0.311475409836066
"April","Zanclus cornutus","2018",73,141000,155,0.470967741935484
"April","Zanclus cornutus","2019",57,114000,130,0.438461538461538
"April","Zanclus cornutus","2022",6,20000,30,0.2
"April","Zanclus cornutus","2023",1,3000,83,0.0120481927710843
"April","Zebrasoma scopas","2012",107,160075.786163522,122,0.877049180327869
"April","Zebrasoma scopas","2013",30,44874.4394618834,144,0.208333333333333
"April","Zebrasoma scopas","2016",98,184000,271,0.361623616236162
"April","Zebrasoma scopas","2017",201,321650,61,3.29508196721311
"April","Zebrasoma scopas","2018",25,61500,155,0.161290322580645
"April","Zebrasoma scopas","2019",63,129000,130,0.484615384615385
"April","Zebrasoma scopas","2022",48,124000,30,1.6
"April","Zebrasoma scopas","2023",105,242000,83,1.26506024096386
"April","Zebrasoma veliferum","2013",2,14200,144,0.0138888888888889
"April","Zebrasoma veliferum","2022",1,20000,30,0.0333333333333333
"April","Zebrias fasciatus","2022",1,5000,30,0.0333333333333333
"May","#N/A","2012",1286,3114830.10046368,197,6.52791878172589
"May","#N/A","2013",3935,6974582.22923239,328,11.9969512195122
"May","#N/A","2017",1016,1465100,38,26.7368421052632
"May","#N/A","2023",7,19000,137,0.0510948905109489
"May","Ablabys macracanthus","2023",1,2500,137,0.0072992700729927
"May","Ablabys taenianotus","2013",2,2000,328,0.00609756097560976
"May","Abudefduf septemfasciatus","2013",50,25000,328,0.152439024390244
"May","Abudefduf septemfasciatus","2016",100,50000,176,0.568181818181818
"May","Acanthurus Negricaudus","2016",2,2000,176,0.0113636363636364
"May","Acanthurus bariene","2016",7,53000,176,0.0397727272727273
"May","Acanthurus bariene","2018",15,150000,104,0.144230769230769
"May","Acanthurus bariene","2019",6,46000,121,0.0495867768595041
"May","Acanthurus bariene","2023",36,360000,137,0.262773722627737
"May","Acanthurus chronixis","2012",31,37500,197,0.157360406091371
"May","Acanthurus chronixis","2013",43,71373.0158730159,328,0.13109756097561
"May","Acanthurus chronixis","2022",24,186000,30,0.8
"May","Acanthurus chronixis","2023",14,84000,137,0.102189781021898
"May","Acanthurus grammoptilus","2012",97,72750,197,0.49238578680203
"May","Acanthurus grammoptilus","2013",168,166600,328,0.51219512195122
"May","Acanthurus leucoheilus","2016",2,7500,176,0.0113636363636364
"May","Acanthurus leucoheilus","2017",3,15000,38,0.0789473684210526
"May","Acanthurus leucoheilus","2018",27,135000,104,0.259615384615385
"May","Acanthurus leucoheilus","2019",5,25000,121,0.0413223140495868
"May","Acanthurus leucoheilus","2023",5,22500,137,0.0364963503649635
"May","Acanthurus leucosternon","2023",2,50000,137,0.0145985401459854
"May","Acanthurus lineatus","2012",80,155481.404958678,197,0.406091370558376
"May","Acanthurus lineatus","2013",620,934250,328,1.89024390243902
"May","Acanthurus lineatus","2016",336,633250,176,1.90909090909091
"May","Acanthurus lineatus","2017",3,15000,38,0.0789473684210526
"May","Acanthurus lineatus","2018",22,37500,104,0.211538461538462
"May","Acanthurus lineatus","2019",92,247000,121,0.760330578512397
"May","Acanthurus lineatus","2022",53,219000,30,1.76666666666667
"May","Acanthurus lineatus","2023",28,115000,137,0.204379562043796
"May","Acanthurus maculiceps","2016",6,20000,176,0.0340909090909091
"May","Acanthurus nigricans","2012",8,61000,197,0.0406091370558376
"May","Acanthurus nigricans","2016",1,10000,176,0.00568181818181818
"May","Acanthurus nigricans","2017",28,322500,38,0.736842105263158
"May","Acanthurus nigricans","2018",1,12500,104,0.00961538461538462
"May","Acanthurus nigricans","2022",1,16250,30,0.0333333333333333
"May","Acanthurus nigricans","2023",75,1218750,137,0.547445255474453
"May","Acanthurus nigrofuscus","2012",93,75989.6694214876,197,0.472081218274112
"May","Acanthurus nigrofuscus","2016",84,92000,176,0.477272727272727
"May","Acanthurus nigrofuscus","2017",3,3000,38,0.0789473684210526
"May","Acanthurus nigrofuscus","2018",48,48000,104,0.461538461538462
"May","Acanthurus nigrofuscus","2019",10,10000,121,0.0826446280991736
"May","Acanthurus nigrofuscus","2023",47,58750,137,0.343065693430657
"May","Acanthurus nigroris","2016",64,70000,176,0.363636363636364
"May","Acanthurus nigroris","2017",44,94000,38,1.15789473684211
"May","Acanthurus nigroris","2018",39,53000,104,0.375
"May","Acanthurus nigroris","2019",34,34000,121,0.28099173553719
"May","Acanthurus nigroris","2022",15,22500,30,0.5
"May","Acanthurus nigroris","2023",71,106500,137,0.518248175182482
"May","Acanthurus olivaceus","2012",6,15597.5609756098,197,0.0304568527918782
"May","Acanthurus olivaceus","2013",612,1001879.06976744,328,1.86585365853659
"May","Acanthurus olivaceus","2016",152,372500,176,0.863636363636364
"May","Acanthurus olivaceus","2018",6,20000,104,0.0576923076923077
"May","Acanthurus olivaceus","2019",18,50000,121,0.148760330578512
"May","Acanthurus olivaceus","2022",30,198000,30,1
"May","Acanthurus olivaceus","2023",1,4000,137,0.0072992700729927
"May","Acanthurus pyroferus","2012",4,24567.1641791045,197,0.0203045685279188
"May","Acanthurus pyroferus","2013",16,118500,328,0.0487804878048781
"May","Acanthurus pyroferus","2016",173,384700,176,0.982954545454545
"May","Acanthurus pyroferus","2017",14,40000,38,0.368421052631579
"May","Acanthurus pyroferus","2018",23,65000,104,0.221153846153846
"May","Acanthurus pyroferus","2019",125,469000,121,1.03305785123967
"May","Acanthurus pyroferus","2022",18,340000,30,0.6
"May","Acanthurus pyroferus","2023",13,180000,137,0.0948905109489051
"May","Acanthurus triostegus","2016",6,9000,176,0.0340909090909091
"May","Acanthurus triostegus","2018",4,6000,104,0.0384615384615385
"May","Acanthurus triostegus","2022",30,52000,30,1
"May","Acanthurus triostegus","2023",4,13500,137,0.0291970802919708
"May","Acanthurus tristris","2016",3,6000,176,0.0170454545454545
"May","Acanthurus tristris","2017",4,20500,38,0.105263157894737
"May","Acanthurus tristris","2018",1,3000,104,0.00961538461538462
"May","Acanthurus tristris","2022",4,12000,30,0.133333333333333
"May","Acanthurus tristris","2023",4,12000,137,0.0291970802919708
"May","Acanthurus tritis","2022",1,6000,30,0.0333333333333333
"May","Acanthurus tritis","2023",5,30000,137,0.0364963503649635
"May","Acanthurus xanthopterus","2016",80,397000,176,0.454545454545455
"May","Acanthurus xanthopterus","2018",65,325000,104,0.625
"May","Acanthurus xanthopterus","2019",11,55000,121,0.0909090909090909
"May","Acreichthys radiatus","2013",2,10000,328,0.00609756097560976
"May","Alpheus randalli","2022",20,120000,30,0.666666666666667
"May","Amblycirrhitus pinos","2012",72,60550,197,0.365482233502538
"May","Amblycirrhitus pinos","2013",85,84810.4395604396,328,0.259146341463415
"May","Amblyeleotris aurora","2013",5,10000,328,0.0152439024390244
"May","Amblyeleotris aurora","2022",26,130000,30,0.866666666666667
"May","Amblyeleotris guttata","2022",41,164000,30,1.36666666666667
"May","Amblyeleotris randalli","2022",24,910000,30,0.8
"May","Amblyeleotris steinitzi","2023",2,4000,137,0.0145985401459854
"May","Amblyeleotris wheeleri","2022",33,132000,30,1.1
"May","Amblygobius phalaena","2022",1,3000,30,0.0333333333333333
"May","Amblygobius phalaena","2023",1,3000,137,0.0072992700729927
"May","Amblygobius rainfordi","2016",3,3000,176,0.0170454545454545
"May","Amblygobius rainfordi","2018",1,1000,104,0.00961538461538462
"May","Amphiprion clarkii","2012",168,173104.113924051,197,0.852791878172589
"May","Amphiprion clarkii","2016",130,263300,176,0.738636363636364
"May","Amphiprion clarkii","2017",71,172500,38,1.86842105263158
"May","Amphiprion clarkii","2018",43,94500,104,0.413461538461538
"May","Amphiprion clarkii","2019",82,147000,121,0.677685950413223
"May","Amphiprion clarkii","2022",56,229000,30,1.86666666666667
"May","Amphiprion clarkii","2023",36,1e+05,137,0.262773722627737
"May","Amphiprion ocellaris","2012",7,8600,197,0.0355329949238579
"May","Amphiprion ocellaris","2016",9,17750,176,0.0511363636363636
"May","Amphiprion ocellaris","2017",6,8750,38,0.157894736842105
"May","Amphiprion ocellaris","2018",6,15000,104,0.0576923076923077
"May","Amphiprion ocellaris","2019",3,5500,121,0.0247933884297521
"May","Amphiprion ocellaris","2022",11,23500,30,0.366666666666667
"May","Amphiprion ocellaris","2023",12,17000,137,0.0875912408759124
"May","Amphiprion perideraion","2022",4,10000,30,0.133333333333333
"May","Amphiprion perideraion","2023",9,19500,137,0.0656934306569343
"May","Amphiprion polymnus","2012",6,4400,197,0.0304568527918782
"May","Amphiprion polymnus","2022",29,145000,30,0.966666666666667
"May","Amphiprion polymnus","2023",8,24000,137,0.0583941605839416
"May","Amphiprion sandaracinos","2016",25,35500,176,0.142045454545455
"May","Amphiprion sandaracinos","2018",5,10000,104,0.0480769230769231
"May","Amphiprion sandaracinos","2019",3,4500,121,0.0247933884297521
"May","Anampses caeruleopunctatus","2016",2,2000,176,0.0113636363636364
"May","Anampses caeruleopunctatus","2017",6,12000,38,0.157894736842105
"May","Anampses caeruleopunctatus","2018",2,2000,104,0.0192307692307692
"May","Anampses caeruleopunctatus","2019",2,2000,121,0.0165289256198347
"May","Anampses caeruleopunctatus","2022",3,10500,30,0.1
"May","Anampses caeruleopunctatus","2023",17,52000,137,0.124087591240876
"May","Anampses lineatus","2012",16,21000,197,0.0812182741116751
"May","Anampses melanurus","2012",26,30000,197,0.131979695431472
"May","Anampses melanurus","2018",1,2000,104,0.00961538461538462
"May","Anampses melanurus","2019",1,2000,121,0.00826446280991736
"May","Anampses melanurus","2023",1,4000,137,0.0072992700729927
"May","Anampses meleagrides","2012",9,42349.6932515337,197,0.0456852791878173
"May","Anampses meleagrides","2013",26,76900,328,0.0792682926829268
"May","Anampses meleagrides","2016",9,76500,176,0.0511363636363636
"May","Anampses meleagrides","2018",8,50000,104,0.0769230769230769
"May","Anampses meleagrides","2019",2,16000,121,0.0165289256198347
"May","Anampses meleagrides","2022",3,39000,30,0.1
"May","Anampses meleagrides","2023",16,168000,137,0.116788321167883
"May","Ancanthurus pyroferus","2018",1,10000,104,0.00961538461538462
"May","Ancanthurus pyroferus","2019",1,10000,121,0.00826446280991736
"May","Apolemichthys trimaculatus","2012",7,70000,197,0.0355329949238579
"May","Apolemichthys trimaculatus","2016",1,25000,176,0.00568181818181818
"May","Apolemichthys trimaculatus","2019",1,20000,121,0.00826446280991736
"May","Apolemichthys trimaculatus","2022",1,20000,30,0.0333333333333333
"May","Apolemichthys trimaculatus","2023",2,40000,137,0.0145985401459854
"May","Arothron immaculatus","2012",14,23431.0344827586,197,0.0710659898477157
"May","Arothron meleagris","2013",49,96832.5791855204,328,0.149390243902439
"May","Arothron meleagris","2016",8,17000,176,0.0454545454545455
"May","Arothron meleagris","2017",21,57250,38,0.552631578947368
"May","Arothron meleagris","2018",6,18000,104,0.0576923076923077
"May","Arothron meleagris","2019",12,32000,121,0.0991735537190083
"May","Arothron nigropunctatus","2022",28,138000,30,0.933333333333333
"May","Arothron nigropunctatus","2023",22,52000,137,0.160583941605839
"May","Atrosalarias fuscus","2016",29,29000,176,0.164772727272727
"May","Atrosalarias fuscus","2017",3,3500,38,0.0789473684210526
"May","Atrosalarias fuscus","2018",27,27750,104,0.259615384615385
"May","Atrosalarias fuscus","2019",32,32000,121,0.264462809917355
"May","Atrosalarias fuscus","2023",1,1000,137,0.0072992700729927
"May","Aulostomus chinensis","2012",2,60000,197,0.0101522842639594
"May","Balistapus undulatus","2013",5,5000,328,0.0152439024390244
"May","Balistapus undulatus","2016",1,1000,176,0.00568181818181818
"May","Balistapus undulatus","2023",4,12000,137,0.0291970802919708
"May","Bodianus axillaris","2022",1,10000,30,0.0333333333333333
"May","Bodianus bilunulatus","2013",1,2500,328,0.00304878048780488
"May","Bodianus bilunulatus","2022",1,12500,30,0.0333333333333333
"May","Bodianus bimaculatus","2012",61,247000,197,0.309644670050761
"May","Bodianus bimaculatus","2013",10,34000,328,0.0304878048780488
"May","Bodianus bimaculatus","2016",6,30000,176,0.0340909090909091
"May","Bodianus bimaculatus","2018",16,80000,104,0.153846153846154
"May","Bodianus bimaculatus","2019",20,1e+05,121,0.165289256198347
"May","Bodianus bimaculatus","2022",1,9000,30,0.0333333333333333
"May","Bodianus diana","2016",102,210500,176,0.579545454545455
"May","Bodianus diana","2017",25,50500,38,0.657894736842105
"May","Bodianus diana","2018",47,95500,104,0.451923076923077
"May","Bodianus diana","2019",73,145000,121,0.603305785123967
"May","Bodianus diana","2022",9,30434.7826086957,30,0.3
"May","Bodianus diana","2023",14,17789.5681818182,137,0.102189781021898
"May","Bodianus mesothorax","2016",18,41000,176,0.102272727272727
"May","Bodianus mesothorax","2017",5,10500,38,0.131578947368421
"May","Bodianus mesothorax","2018",30,70000,104,0.288461538461538
"May","Bodianus mesothorax","2019",14,28000,121,0.115702479338843
"May","Bodianus mesothorax","2022",7,23837.2093023256,30,0.233333333333333
"May","Bodianus mesothorax","2023",4,7277.64516129033,137,0.0291970802919708
"May","Caesio pisang","2022",3,37500,30,0.1
"May","Caesio teres","2022",14,210000,30,0.466666666666667
"May","Calcinus elegans","2012",1,1500,197,0.0050761421319797
"May","Calcinus elegans","2023",78,3604714.28571428,137,0.569343065693431
"May","Cantherhines pardalis","2012",34,17000,197,0.17258883248731
"May","Cantherhines pardalis","2013",9,7250,328,0.0274390243902439
"May","Canthigaster epilampra","2012",2,4000,197,0.0101522842639594
"May","Canthigaster epilampra","2013",3,6000,328,0.00914634146341463
"May","Canthigaster janthinoptera","2023",2,3000,137,0.0145985401459854
"May","Canthigaster solandri","2022",3,9000,30,0.1
"May","Canthigaster solandri","2023",18,48000,137,0.131386861313869
"May","Canthigaster valentini","2012",35,28750,197,0.177664974619289
"May","Canthigaster valentini","2016",43,73000,176,0.244318181818182
"May","Canthigaster valentini","2017",64,83500,38,1.68421052631579
"May","Canthigaster valentini","2018",84,108000,104,0.807692307692308
"May","Canthigaster valentini","2019",54,54000,121,0.446280991735537
"May","Canthigaster valentini","2022",50,168000,30,1.66666666666667
"May","Canthigaster valentini","2023",53,152000,137,0.386861313868613
"May","Centropyge bicolor","2012",60,145917.491749175,197,0.304568527918782
"May","Centropyge bicolor","2013",46,125000,328,0.140243902439024
"May","Centropyge bicolor","2016",33,107250,176,0.1875
"May","Centropyge bicolor","2017",10,38500,38,0.263157894736842
"May","Centropyge bicolor","2018",23,112500,104,0.221153846153846
"May","Centropyge bicolor","2019",123,342000,121,1.01652892561983
"May","Centropyge bicolor","2022",69,456500,30,2.3
"May","Centropyge bicolor","2023",81,313000,137,0.591240875912409
"May","Centropyge bispinosus","2018",1,10000,104,0.00961538461538462
"May","Centropyge bispinosus","2019",1,10000,121,0.00826446280991736
"May","Centropyge eibli","2012",33,102591.954022989,197,0.16751269035533
"May","Centropyge eibli","2016",23,85000,176,0.130681818181818
"May","Centropyge eibli","2017",24,98000,38,0.631578947368421
"May","Centropyge eibli","2018",20,97500,104,0.192307692307692
"May","Centropyge eibli","2019",14,71000,121,0.115702479338843
"May","Centropyge eibli","2022",28,217000,30,0.933333333333333
"May","Centropyge eibli","2023",36,223000,137,0.262773722627737
"May","Centropyge flavicauda","2022",5,20000,30,0.166666666666667
"May","Centropyge nox","2012",1,2000,197,0.0050761421319797
"May","Centropyge nox","2013",1,2000,328,0.00304878048780488
"May","Centropyge nox","2016",2,3500,176,0.0113636363636364
"May","Centropyge nox","2017",3,8500,38,0.0789473684210526
"May","Centropyge nox","2019",2,5000,121,0.0165289256198347
"May","Centropyge nox","2022",10,38000,30,0.333333333333333
"May","Centropyge nox","2023",4,8000,137,0.0291970802919708
"May","Centropyge tibicen","2012",25,46130.859375,197,0.126903553299492
"May","Centropyge tibicen","2013",25,48500,328,0.0762195121951219
"May","Centropyge tibicen","2016",14,27000,176,0.0795454545454545
"May","Centropyge tibicen","2017",3,6000,38,0.0789473684210526
"May","Centropyge tibicen","2018",21,52500,104,0.201923076923077
"May","Centropyge tibicen","2019",8,19000,121,0.0661157024793388
"May","Centropyge tibicen","2022",21,105000,30,0.7
"May","Centropyge tibicen","2023",3,12000,137,0.0218978102189781
"May","Centropyge vroliki","2016",55,64250,176,0.3125
"May","Centropyge vroliki","2017",17,22500,38,0.447368421052632
"May","Centropyge vroliki","2018",95,98000,104,0.913461538461538
"May","Centropyge vroliki","2019",65,87000,121,0.537190082644628
"May","Centropyge vroliki","2022",52,179000,30,1.73333333333333
"May","Centropyge vroliki","2023",59,146000,137,0.430656934306569
"May","Centropyge vrolikii","2012",71,74356.1643835616,197,0.360406091370558
"May","Cephalopholis miniata","2016",4,12000,176,0.0227272727272727
"May","Cephalopholis miniata","2018",2,6000,104,0.0192307692307692
"May","Cetoscarus bicolor","2016",1,3000,176,0.00568181818181818
"May","Cetoscarus bicolor","2022",3,45000,30,0.1
"May","Chaetodon Sp","2022",6,9000,30,0.2
"May","Chaetodon Sp","2023",108,162000,137,0.788321167883212
"May","Chaetodon adiergastos","2016",6,6000,176,0.0340909090909091
"May","Chaetodon adiergastos","2022",6,30000,30,0.2
"May","Chaetodon adiergastos","2023",1,1500,137,0.0072992700729927
"May","Chaetodon auriga","2022",14,112000,30,0.466666666666667
"May","Chaetodon baronessa","2012",34,33250,197,0.17258883248731
"May","Chaetodon baronessa","2013",27,28213.7096774193,328,0.0823170731707317
"May","Chaetodon baronessa","2016",20,47000,176,0.113636363636364
"May","Chaetodon baronessa","2017",7,17500,38,0.184210526315789
"May","Chaetodon baronessa","2018",15,19500,104,0.144230769230769
"May","Chaetodon baronessa","2019",17,17000,121,0.140495867768595
"May","Chaetodon baronessa","2022",21,63000,30,0.7
"May","Chaetodon baronessa","2023",7,21000,137,0.0510948905109489
"May","Chaetodon bennetti","2016",1,5000,176,0.00568181818181818
"May","Chaetodon bennetti","2017",11,54000,38,0.289473684210526
"May","Chaetodon bennetti","2019",1,2000,121,0.00826446280991736
"May","Chaetodon citrinellus","2022",4,8500,30,0.133333333333333
"May","Chaetodon decussatus","2023",2,6000,137,0.0145985401459854
"May","Chaetodon falcula","2013",1,3500,328,0.00304878048780488
"May","Chaetodon falcula","2022",1,17500,30,0.0333333333333333
"May","Chaetodon guentheri","2023",1,5000,137,0.0072992700729927
"May","Chaetodon kleinii","2012",79,60686.7469879518,197,0.401015228426396
"May","Chaetodon kleinii","2013",120,119032.945736434,328,0.365853658536585
"May","Chaetodon kleinii","2016",100,127000,176,0.568181818181818
"May","Chaetodon kleinii","2018",120,134000,104,1.15384615384615
"May","Chaetodon kleinii","2019",45,45000,121,0.371900826446281
"May","Chaetodon kleinii","2022",33,66000,30,1.1
"May","Chaetodon kleinii","2023",18,31000,137,0.131386861313869
"May","Chaetodon lunula","2012",2,3000,197,0.0101522842639594
"May","Chaetodon lunula","2013",24,122000,328,0.0731707317073171
"May","Chaetodon lunula","2022",12,135000,30,0.4
"May","Chaetodon lunulatus","2012",7,12750,197,0.0355329949238579
"May","Chaetodon melannotus","2017",1,2500,38,0.0263157894736842
"May","Chaetodon melannotus","2023",2,8000,137,0.0145985401459854
"May","Chaetodon meyeri","2012",13,30500,197,0.065989847715736
"May","Chaetodon meyeri","2016",1,5000,176,0.00568181818181818
"May","Chaetodon meyeri","2017",2,16000,38,0.0526315789473684
"May","Chaetodon meyeri","2018",3,24000,104,0.0288461538461538
"May","Chaetodon meyeri","2019",1,6000,121,0.00826446280991736
"May","Chaetodon meyeri","2022",1,1500,30,0.0333333333333333
"May","Chaetodon ornatissimus","2017",1,8000,38,0.0263157894736842
"May","Chaetodon punctatofasciatus","2012",1,1000,197,0.0050761421319797
"May","Chaetodon rafflesi","2012",1,1500,197,0.0050761421319797
"May","Chaetodon rafflesi","2022",40,280000,30,1.33333333333333
"May","Chaetodon trifascialis","2012",2,2000,197,0.0101522842639594
"May","Chaetodon trifascialis","2017",7,21000,38,0.184210526315789
"May","Chaetodon trifascialis","2022",6,42500,30,0.2
"May","Chaetodon trifascialis","2023",1,5000,137,0.0072992700729927
"May","Chaetodon trifasciatus","2012",18,19000,197,0.0913705583756345
"May","Chaetodon trifasciatus","2013",26,26000,328,0.0792682926829268
"May","Chaetodon trifasciatus","2016",4,8500,176,0.0227272727272727
"May","Chaetodon trifasciatus","2017",15,34500,38,0.394736842105263
"May","Chaetodon trifasciatus","2018",1,2500,104,0.00961538461538462
"May","Chaetodon trifasciatus","2019",5,5000,121,0.0413223140495868
"May","Chaetodon trifasciatus","2022",1,3000,30,0.0333333333333333
"May","Chaetodon trifasciatus","2023",2,6000,137,0.0145985401459854
"May","Chaetodon ulietensis","2022",2,15000,30,0.0666666666666667
"May","Chaetodon vagabundus","2022",8,26000,30,0.266666666666667
"May","Chaetodon vagabundus","2023",9,27000,137,0.0656934306569343
"May","Chaetodontoplus mesoleucus","2022",2,8000,30,0.0666666666666667
"May","Cheilinus fasciatus","2016",1,1000,176,0.00568181818181818
"May","Cheilinus fasciatus","2018",1,1000,104,0.00961538461538462
"May","Cheilinus fasciatus","2023",1,1000,137,0.0072992700729927
"May","Chelmon rostratus","2022",15,150000,30,0.5
"May","Chirrhilabrus cyanopleura","2016",229,161300,176,1.30113636363636
"May","Chirrhilabrus cyanopleura","2018",36,43500,104,0.346153846153846
"May","Chirrhilabrus cyanopleura","2019",20,35000,121,0.165289256198347
"May","Chromis lineata","2022",7,14000,30,0.233333333333333
"May","Chromis lineata","2023",214,428000,137,1.56204379562044
"May","Chromis margaritifer","2012",45,22500,197,0.228426395939086
"May","Chromis margaritifer","2013",23,13800,328,0.0701219512195122
"May","Chromis margaritifer","2016",334,362900,176,1.89772727272727
"May","Chromis margaritifer","2017",155,222100,38,4.07894736842105
"May","Chromis margaritifer","2018",122,129000,104,1.17307692307692
"May","Chromis margaritifer","2019",274,274000,121,2.26446280991736
"May","Chromis margaritifer","2022",62,93000,30,2.06666666666667
"May","Chromis margaritifer","2023",178,263875,137,1.2992700729927
"May","Chromis retrofasciata","2016",241,192000,176,1.36931818181818
"May","Chromis retrofasciata","2018",227,168550,104,2.18269230769231
"May","Chromis retrofasciata","2019",337,337000,121,2.78512396694215
"May","Chromis retrofasciata","2022",135,202500,30,4.5
"May","Chromis retrofasciata","2023",177,265500,137,1.29197080291971
"May","Chromis viridis","2012",218,186982.75862069,197,1.10659898477157
"May","Chromis viridis","2013",6675,3667500,328,20.3506097560976
"May","Chromis viridis","2016",514,617500,176,2.92045454545455
"May","Chromis viridis","2017",1670,1977000,38,43.9473684210526
"May","Chromis viridis","2018",610,840000,104,5.86538461538461
"May","Chromis viridis","2022",670,1005000,30,22.3333333333333
"May","Chromis viridis","2023",520,399481.666666667,137,3.7956204379562
"May","Chromis weberi","2012",732,391602.577319588,197,3.71573604060914
"May","Chromis weberi","2013",1525,774500,328,4.64939024390244
"May","Chrysiptera talboti","2012",115,57500,197,0.583756345177665
"May","Chrysiptera talboti","2013",372,221700,328,1.13414634146341
"May","Chrysiptera talboti","2016",3257,1964700,176,18.5056818181818
"May","Chrysiptera talboti","2017",365,266100,38,9.60526315789474
"May","Chrysiptera talboti","2018",450,360250,104,4.32692307692308
"May","Chrysiptera talboti","2019",1187,1187000,121,9.8099173553719
"May","Chrysiptera talboti","2022",291,325000,30,9.7
"May","Chrysiptera talboti","2023",521,670500,137,3.8029197080292
"May","Cirrhilabrus cyanopleura","2012",181,112420,197,0.918781725888325
"May","Cirrhilabrus cyanopleura","2013",99,67200,328,0.301829268292683
"May","Cirrhilabrus cyanopleura","2022",47,94000,30,1.56666666666667
"May","Cirrhilabrus cyanopleura","2023",88,124000,137,0.642335766423358
"May","Cirrhilabrus exquisitus","2012",48,66100,197,0.243654822335025
"May","Cirrhilabrus exquisitus","2013",13,17750,328,0.0396341463414634
"May","Cirrhilabrus exquisitus","2016",33,97000,176,0.1875
"May","Cirrhilabrus exquisitus","2018",58,158000,104,0.557692307692308
"May","Cirrhilabrus exquisitus","2019",23,41500,121,0.190082644628099
"May","Cirrhilabrus exquisitus","2023",9,26000,137,0.0656934306569343
"May","Cirrhilabrus filamentosus","2016",21,80500,176,0.119318181818182
"May","Cirrhilabrus filamentosus","2018",10,40000,104,0.0961538461538462
"May","Cirrhilabrus filamentosus","2022",3,15000,30,0.1
"May","Cirrhilabrus filamentosus","2023",1,5000,137,0.0072992700729927
"May","Cirrhilabrus flavidorsalis","2012",1,1000,197,0.0050761421319797
"May","Cirrhilabrus lubbocki","2012",3,3000,197,0.0152284263959391
"May","Cirrhilabrus lubbocki","2016",38,38000,176,0.215909090909091
"May","Cirrhilabrus lubbocki","2017",1,3000,38,0.0263157894736842
"May","Cirrhilabrus lubbocki","2019",6,7500,121,0.0495867768595041
"May","Cirrhilabrus lubbocki","2022",27,108000,30,0.9
"May","Cirrhitichthys aprinus","2016",89,90900,176,0.505681818181818
"May","Cirrhitichthys aprinus","2017",35,42500,38,0.921052631578947
"May","Cirrhitichthys aprinus","2018",111,114000,104,1.06730769230769
"May","Cirrhitichthys aprinus","2019",31,31000,121,0.256198347107438
"May","Cirrhitichthys aprinus","2022",34,34000,30,1.13333333333333
"May","Cirrhitichthys aprinus","2023",49,49000,137,0.357664233576642
"May","Cirrhitichthys falco","2022",14,28000,30,0.466666666666667
"May","Cirrhitichthys falco","2023",2,4000,137,0.0145985401459854
"May","Coris gaimard","2012",342,744058.823529412,197,1.73604060913706
"May","Coris gaimard","2013",175,386150.462962963,328,0.533536585365854
"May","Coris gaimard","2016",12,39500,176,0.0681818181818182
"May","Coris gaimard","2017",38,141500,38,1
"May","Coris gaimard","2018",41,141000,104,0.394230769230769
"May","Coris gaimard","2019",44,132000,121,0.363636363636364
"May","Coris gaimard","2022",44,110000,30,1.46666666666667
"May","Coris gaimard","2023",101,242500,137,0.737226277372263
"May","Coris pictoides","2012",1,750,197,0.0050761421319797
"May","Ctenochaetus striatus","2022",20,60500,30,0.666666666666667
"May","Ctenochaetus striatus","2023",44,132000,137,0.321167883211679
"May","Ctenogobiops tangaroai","2022",1,7500,30,0.0333333333333333
"May","Cyprinocirrhites polyactus","2018",1,1500,104,0.00961538461538462
"May","Dactyloptena orientalis","2013",1,4000,328,0.00304878048780488
"May","Dascyllus aruanus","2013",73,36500,328,0.222560975609756
"May","Dascyllus melanurus","2016",3,1800,176,0.0170454545454545
"May","Dascyllus reticulatus","2013",100,50000,328,0.304878048780488
"May","Dascyllus reticulatus","2016",40,60000,176,0.227272727272727
"May","Dascyllus reticulatus","2017",22,33000,38,0.578947368421053
"May","Dascyllus reticulatus","2018",124,115500,104,1.19230769230769
"May","Dascyllus reticulatus","2019",393,393000,121,3.24793388429752
"May","Dascyllus reticulatus","2022",55,82500,30,1.83333333333333
"May","Dascyllus trimaculatus","2012",810,427778.90625,197,4.11167512690355
"May","Dascyllus trimaculatus","2013",1486,839000,328,4.53048780487805
"May","Dascyllus trimaculatus","2016",599,453400,176,3.40340909090909
"May","Dascyllus trimaculatus","2017",120,160000,38,3.15789473684211
"May","Dascyllus trimaculatus","2018",417,416650,104,4.00961538461539
"May","Dascyllus trimaculatus","2019",938,938000,121,7.75206611570248
"May","Dascyllus trimaculatus","2022",124,186000,30,4.13333333333333
"May","Dascyllus trimaculatus","2023",202,255750,137,1.47445255474453
"May","Dendrochirus biocellatus","2012",3,21000,197,0.0152284263959391
"May","Dendrochirus biocellatus","2013",78,110000,328,0.23780487804878
"May","Dendrochirus biocellatus","2016",12,96000,176,0.0681818181818182
"May","Dendrochirus biocellatus","2017",8,64000,38,0.210526315789474
"May","Dendrochirus biocellatus","2018",4,40000,104,0.0384615384615385
"May","Dendrochirus biocellatus","2019",7,62000,121,0.0578512396694215
"May","Dendrochirus biocellatus","2022",3,45000,30,0.1
"May","Dendrochirus biocellatus","2023",2,20000,137,0.0145985401459854
"May","Dendrochirus zebra","2016",10,10000,176,0.0568181818181818
"May","Dendrochirus zebra","2018",7,9000,104,0.0673076923076923
"May","Dendrochirus zebra","2019",4,4000,121,0.0330578512396694
"May","Dendrochirus zebra","2022",5,15000,30,0.166666666666667
"May","Dischistodus perspicillatus","2016",418,209000,176,2.375
"May","Dischistodus perspicillatus","2019",245,245000,121,2.02479338842975
"May","Doryrhamphus dactyliophorus","2013",3,6000,328,0.00914634146341463
"May","Doryrhamphus dactyliophorus","2016",8,16000,176,0.0454545454545455
"May","Doryrhamphus dactyliophorus","2017",1,2000,38,0.0263157894736842
"May","Doryrhamphus dactyliophorus","2019",3,6000,121,0.0247933884297521
"May","Doryrhamphus dactyliophorus","2022",8,16000,30,0.266666666666667
"May","Doryrhamphus dactyliophorus","2023",5,10000,137,0.0364963503649635
"May","Doryrhamphus excisus excisus","2012",1,1500,197,0.0050761421319797
"May","Doryrhamphus janssii","2016",1,3000,176,0.00568181818181818
"May","Doryrhamphus janssii","2022",1,2500,30,0.0333333333333333
"May","Ecsenius bicolor","2012",321,440996.511627907,197,1.62944162436548
"May","Ecsenius bicolor","2016",129,244500,176,0.732954545454545
"May","Ecsenius bicolor","2017",65,142500,38,1.71052631578947
"May","Ecsenius bicolor","2018",41,69500,104,0.394230769230769
"May","Ecsenius bicolor","2019",50,88500,121,0.413223140495868
"May","Ecsenius bicolor","2022",274,1084000,30,9.13333333333333
"May","Ecsenius bicolor","2023",56,141000,137,0.408759124087591
"May","Ecsenius midas","2012",9,13500,197,0.0456852791878173
"May","Ecsenius midas","2016",2,3000,176,0.0113636363636364
"May","Ecsenius midas","2022",6,24000,30,0.2
"May","Ecsenius namiyei","2012",20,15250,197,0.101522842639594
"May","Ecsenius namiyei","2013",13,13000,328,0.0396341463414634
"May","Exallias brevis","2012",2,5500,197,0.0101522842639594
"May","Exallias brevis","2016",3,9000,176,0.0170454545454545
"May","Exallias brevis","2018",3,9000,104,0.0288461538461538
"May","Exallias brevis","2022",1,1000,30,0.0333333333333333
"May","Exallias brevis","2023",2,7000,137,0.0145985401459854
"May","Forcipiger flavissimus","2012",3,21000,197,0.0152284263959391
"May","Forcipiger flavissimus","2013",1,6000,328,0.00304878048780488
"May","Forcipiger flavissimus","2016",21,148000,176,0.119318181818182
"May","Forcipiger flavissimus","2017",1,8000,38,0.0263157894736842
"May","Forcipiger flavissimus","2019",1,1000,121,0.00826446280991736
"May","Genicanthus lamarck","2016",1,4000,176,0.00568181818181818
"May","Gnathanodon speciosus","2016",1,2500,176,0.00568181818181818
"May","Gomphosus varius","2012",1,6000,197,0.0050761421319797
"May","Gomphosus varius","2016",5,10000,176,0.0284090909090909
"May","Gomphosus varius","2023",13,19528.4999999999,137,0.0948905109489051
"May","Gymnomuraena zebra","2012",2,12000,197,0.0101522842639594
"May","Gymnomuraena zebra","2013",3,27000,328,0.00914634146341463
"May","Halichoeres argus","2023",6,6000,137,0.0437956204379562
"May","Halichoeres biocellatus","2022",2,6000,30,0.0666666666666667
"May","Halichoeres biocellatus","2023",4,12000,137,0.0291970802919708
"May","Halichoeres chrysus","2012",1202,1277786.70520231,197,6.10152284263959
"May","Halichoeres chrysus","2013",479,623901.442307692,328,1.46036585365854
"May","Halichoeres chrysus","2016",838,1445500,176,4.76136363636364
"May","Halichoeres chrysus","2017",186,359000,38,4.89473684210526
"May","Halichoeres chrysus","2018",317,616750,104,3.04807692307692
"May","Halichoeres chrysus","2019",292,562500,121,2.41322314049587
"May","Halichoeres chrysus","2022",348,1109000,30,11.6
"May","Halichoeres chrysus","2023",426,1111000,137,3.10948905109489
"May","Halichoeres hortulanus","2012",16,15477.7777777778,197,0.0812182741116751
"May","Halichoeres hortulanus","2016",11,14000,176,0.0625
"May","Halichoeres hortulanus","2017",25,18750,38,0.657894736842105
"May","Halichoeres hortulanus","2018",80,60750,104,0.769230769230769
"May","Halichoeres hortulanus","2019",4,3000,121,0.0330578512396694
"May","Halichoeres hortulanus","2022",2,2500,30,0.0666666666666667
"May","Halichoeres hortulanus","2023",64,80000,137,0.467153284671533
"May","Halichoeres marginatus","2016",24,60000,176,0.136363636363636
"May","Halichoeres marginatus","2018",14,14000,104,0.134615384615385
"May","Halichoeres marginatus","2022",27,91000,30,0.9
"May","Halichoeres marginatus","2023",80,240000,137,0.583941605839416
"May","Halichoeres melanurus","2016",47,81500,176,0.267045454545455
"May","Halichoeres melanurus","2017",46,46000,38,1.21052631578947
"May","Halichoeres melanurus","2019",4,4000,121,0.0330578512396694
"May","Halichoeres melanurus","2023",5,15000,137,0.0364963503649635
"May","Halichoeres ornatissimus","2023",1,3000,137,0.0072992700729927
"May","Halichoeres podostigma","2022",2,5000,30,0.0666666666666667
"May","Halichoeres prosopeion","2012",88,94560,197,0.446700507614213
"May","Hemigymnus fasciatus","2012",1,500,197,0.0050761421319797
"May","Hemitaurichthys polylepis","2017",3,45000,38,0.0789473684210526
"May","Hemitaurichthys polylepis","2018",5,75000,104,0.0480769230769231
"May","Heniochus acuminatus","2012",22,140500,197,0.111675126903553
"May","Heniochus acuminatus","2013",270,1245768.20276498,328,0.823170731707317
"May","Heniochus acuminatus","2022",14,310000,30,0.466666666666667
"May","Heniochus acuminatus","2023",1,17500,137,0.0072992700729927
"May","Heniochus monoceros","2016",277,1649000,176,1.57386363636364
"May","Heniochus monoceros","2017",1,8000,38,0.0263157894736842
"May","Heniochus monoceros","2019",6,24000,121,0.0495867768595041
"May","Heniochus varius","2012",1,1500,197,0.0050761421319797
"May","Heniochus varius","2013",14,20000,328,0.0426829268292683
"May","Heniochus varius","2016",94,130250,176,0.534090909090909
"May","Heniochus varius","2017",6,15000,38,0.157894736842105
"May","Heniochus varius","2018",5,7000,104,0.0480769230769231
"May","Heniochus varius","2019",20,38500,121,0.165289256198347
"May","Heniochus varius","2022",7,43000,30,0.233333333333333
"May","Heniochus varius","2023",5,23000,137,0.0364963503649635
"May","Heteroconger hassi","2022",29,261000,30,0.966666666666667
"May","Hologymnosus doliatus","2023",1,2500,137,0.0072992700729927
"May","Hymenocera elegans","2023",2,3000,137,0.0145985401459854
"May","Hymenocera picta","2012",2,30000,197,0.0101522842639594
"May","Iniistius pavo","2012",28,66200,197,0.142131979695431
"May","Iniistius pavo","2013",29,59145.2586206897,328,0.0884146341463415
"May","Iniistius pavo","2016",1,2500,176,0.00568181818181818
"May","Inimicus didactylus","2022",1,5000,30,0.0333333333333333
"May","Koumansetta hectori","2022",10,40000,30,0.333333333333333
"May","Koumansetta rainfordi","2022",58,232000,30,1.93333333333333
"May","Labrichthys unilineatus","2016",28,28000,176,0.159090909090909
"May","Labrichthys unilineatus","2017",16,16000,38,0.421052631578947
"May","Labrichthys unilineatus","2018",12,12000,104,0.115384615384615
"May","Labrichthys unilineatus","2019",4,4000,121,0.0330578512396694
"May","Labroides bicolor","2012",5,30721.5189873418,197,0.0253807106598985
"May","Labroides bicolor","2013",11,72623.4567901235,328,0.0335365853658537
"May","Labroides bicolor","2016",1,10000,176,0.00568181818181818
"May","Labroides bicolor","2017",5,39000,38,0.131578947368421
"May","Labroides bicolor","2018",10,53000,104,0.0961538461538462
"May","Labroides bicolor","2019",4,32000,121,0.0330578512396694
"May","Labroides bicolor","2022",3,44011.6279069767,30,0.1
"May","Labroides bicolor","2023",5,55513.5080645161,137,0.0364963503649635
"May","Labroides dimidiatus","2012",424,318000,197,2.15228426395939
"May","Labroides dimidiatus","2013",592,585716.304347826,328,1.80487804878049
"May","Labroides dimidiatus","2016",171,179500,176,0.971590909090909
"May","Labroides dimidiatus","2017",168,175500,38,4.42105263157895
"May","Labroides dimidiatus","2018",269,277997,104,2.58653846153846
"May","Labroides dimidiatus","2019",146,152500,121,1.20661157024793
"May","Labroides dimidiatus","2022",405,810000,30,13.5
"May","Labroides dimidiatus","2023",395,449677.82,137,2.88321167883212
"May","Labroides rubrolabiatus","2016",2,20000,176,0.0113636363636364
"May","Labroides rubrolabiatus","2023",2,10000,137,0.0145985401459854
"May","Labropsis alleni","2016",1,1000,176,0.00568181818181818
"May","Lactoria cornuta","2013",1,3500,328,0.00304878048780488
"May","Lysmata amboinensis","2012",1088,4507007.35294118,197,5.52284263959391
"May","Lysmata amboinensis","2013",198,1012886.37770898,328,0.603658536585366
"May","Lysmata amboinensis","2016",1123,7904000,176,6.38068181818182
"May","Lysmata amboinensis","2018",26,276100,104,0.25
"May","Lysmata amboinensis","2019",496,5434800,121,4.09917355371901
"May","Lysmata amboinensis","2022",131,1923000,30,4.36666666666667
"May","Lysmata amboinensis","2023",74,74000,137,0.54014598540146
"May","Lysmata debelius","2013",3,18000,328,0.00914634146341463
"May","Lysmata debelius","2016",1,1000,176,0.00568181818181818
"May","Lysmata debelius","2019",3,24000,121,0.0247933884297521
"May","Macolor niger","2016",5,18500,176,0.0284090909090909
"May","Macolor niger","2019",8,40000,121,0.0661157024793388
"May","Macropharyngodon meleagris","2012",123,90240.5797101449,197,0.624365482233503
"May","Macropharyngodon meleagris","2013",555,559076.973684211,328,1.69207317073171
"May","Macropharyngodon meleagris","2016",195,262000,176,1.10795454545455
"May","Macropharyngodon meleagris","2017",57,85000,38,1.5
"May","Macropharyngodon meleagris","2018",133,177000,104,1.27884615384615
"May","Macropharyngodon meleagris","2019",98,102000,121,0.809917355371901
"May","Macropharyngodon meleagris","2022",6,9000,30,0.2
"May","Macropharyngodon meleagris","2023",98,147000,137,0.715328467153285
"May","Macropharyngodon negrosensis","2012",16,17000,197,0.0812182741116751
"May","Macropharyngodon negrosensis","2013",11,11000,328,0.0335365853658537
"May","Macropharyngodon negrosensis","2016",18,22000,176,0.102272727272727
"May","Macropharyngodon negrosensis","2017",16,20500,38,0.421052631578947
"May","Macropharyngodon negrosensis","2018",24,31500,104,0.230769230769231
"May","Macropharyngodon negrosensis","2019",3,3000,121,0.0247933884297521
"May","Macropharyngodon negrosensis","2022",1,2500,30,0.0333333333333333
"May","Macropharyngodon negrosensis","2023",5,11500,137,0.0364963503649635
"May","Macropharyngodon ornatus","2022",7,22000,30,0.233333333333333
"May","Macropharyngodon ornatus","2023",25,75000,137,0.182481751824818
"May","Malacanthus brevirostris","2016",2,3000,176,0.0113636363636364
"May","Malacanthus latovittatus","2012",1,1500,197,0.0050761421319797
"May","Malacanthus latovittatus","2013",10,17352.9411764706,328,0.0304878048780488
"May","Malacanthus latovittatus","2016",119,233200,176,0.676136363636364
"May","Malacanthus latovittatus","2018",4,8000,104,0.0384615384615385
"May","Malacanthus latovittatus","2019",2,4000,121,0.0165289256198347
"May","Malacanthus latovittatus","2023",2,14000,137,0.0145985401459854
"May","Meiacanthus atrodorsalis","2022",42,160000,30,1.4
"May","Meiacanthus atrodorsalis","2023",9,27000,137,0.0656934306569343
"May","Meiacanthus grammistes","2012",1,1000,197,0.0050761421319797
"May","Meiacanthus grammistes","2013",36,21600,328,0.109756097560976
"May","Meiacanthus grammistes","2016",79,79000,176,0.448863636363636
"May","Meiacanthus grammistes","2018",40,46000,104,0.384615384615385
"May","Meiacanthus grammistes","2022",15,45000,30,0.5
"May","Meiacanthus grammistes","2023",4,12000,137,0.0291970802919708
"May","Meiacanthus smithii","2022",3,3750,30,0.1
"May","Meiacanthus smithii","2023",28,35000,137,0.204379562043796
"May","Melichthys vidua","2012",5,17000,197,0.0253807106598985
"May","Melichthys vidua","2013",3,9141.89189189189,328,0.00914634146341463
"May","Melichthys vidua","2016",3,10500,176,0.0170454545454545
"May","Melichthys vidua","2017",4,21500,38,0.105263157894737
"May","Melichthys vidua","2019",1,3500,121,0.00826446280991736
"May","Melichthys vidua","2022",1,10000,30,0.0333333333333333
"May","Monacanthus chinensis","2016",6,15000,176,0.0340909090909091
"May","Monacanthus chinensis","2017",1,750,38,0.0263157894736842
"May","Monacanthus chinensis","2023",22,22000,137,0.160583941605839
"May","Myripristis murdjan","2016",1,2000,176,0.00568181818181818
"May","Naso Lopezi","2022",1,3000,30,0.0333333333333333
"May","Naso Lopezi","2023",1,3000,137,0.0072992700729927
"May","Naso lituratus","2012",26,78462.5,197,0.131979695431472
"May","Naso lituratus","2013",101,308623.287671233,328,0.307926829268293
"May","Naso lituratus","2016",32,99000,176,0.181818181818182
"May","Naso lituratus","2017",30,191000,38,0.789473684210526
"May","Naso lituratus","2018",2,14000,104,0.0192307692307692
"May","Naso lituratus","2019",27,99000,121,0.223140495867769
"May","Naso lituratus","2022",32,263000,30,1.06666666666667
"May","Naso lituratus","2023",48,208000,137,0.35036496350365
"May","Naso unicornis","2016",9,13000,176,0.0511363636363636
"May","Naso unicornis","2019",2,2000,121,0.0165289256198347
"May","Naso unicornis","2023",11,44000,137,0.0802919708029197
"May","Naso vlamingii","2022",1,4000,30,0.0333333333333333
"May","Nemateleotris magnifica","2012",4,22000,197,0.0203045685279188
"May","Nemateleotris magnifica","2018",2,20000,104,0.0192307692307692
"May","Nemateleotris magnifica","2019",17,109600,121,0.140495867768595
"May","Neoglyphidodon crossi","2012",1,1000,197,0.0050761421319797
"May","Neoglyphidodon crossi","2013",571,571301.652892562,328,1.74085365853659
"May","Neoglyphidodon crossi","2016",56,95000,176,0.318181818181818
"May","Neoglyphidodon crossi","2017",3,5000,38,0.0789473684210526
"May","Neoglyphidodon crossi","2018",73,98000,104,0.701923076923077
"May","Neoglyphidodon crossi","2019",9,9000,121,0.0743801652892562
"May","Neoglyphidodon crossi","2022",185,554500,30,6.16666666666667
"May","Neoglyphidodon crossi","2023",65,122000,137,0.474452554744526
"May","Neoglyphidodon melas","2013",197,121000,328,0.600609756097561
"May","Neoglyphidodon melas","2016",2,3000,176,0.0113636363636364
"May","Neoglyphidodon melas","2018",2,2500,104,0.0192307692307692
"May","Neoglyphidodon melas","2022",6,15000,30,0.2
"May","Neoglyphidodon nigroris","2012",1,1000,197,0.0050761421319797
"May","Neoglyphidodon nigroris","2013",28,28562.5,328,0.0853658536585366
"May","Neoglyphidodon nigroris","2016",10,10000,176,0.0568181818181818
"May","Neoglyphidodon nigroris","2018",39,51000,104,0.375
"May","Neoglyphidodon nigroris","2019",1,1000,121,0.00826446280991736
"May","Neoglyphidodon nigroris","2022",6,18000,30,0.2
"May","Neoglyphidodon nigroris","2023",1,2500,137,0.0072992700729927
"May","Neoniphon argenteus","2013",3,2250,328,0.00914634146341463
"May","Neopenrolisthes maculata","2012",15,14500,197,0.0761421319796954
"May","Neopenrolisthes maculata","2013",66,50514.4970414201,328,0.201219512195122
"May","Neopenrolisthes maculata","2016",10,12500,176,0.0568181818181818
"May","Neopenrolisthes maculata","2018",8,9500,104,0.0769230769230769
"May","Neopenrolisthes maculata","2019",11,11000,121,0.0909090909090909
"May","Neopetrolisthes ohshimai","2022",13,39000,30,0.433333333333333
"May","Neopetrolisthes ohshimai","2023",2,6000,137,0.0145985401459854
"May","Novaculichthys taeniourus","2018",2,6000,104,0.0192307692307692
"May","Novaculichthys taeniourus","2022",3,9000,30,0.1
"May","Novaculichthys taeniourus","2023",11,21000,137,0.0802919708029197
"May","Odontodactylus scyllarus","2012",9,18000,197,0.0456852791878173
"May","Odontodactylus scyllarus","2013",1,1500,328,0.00304878048780488
"May","Odontodactylus scyllarus","2016",3,7500,176,0.0170454545454545
"May","Odontodactylus scyllarus","2018",7,17500,104,0.0673076923076923
"May","Odontodactylus scyllarus","2019",13,32500,121,0.107438016528926
"May","Odonus niger","2012",41,67500,197,0.208121827411168
"May","Odonus niger","2013",7,11000,328,0.0213414634146341
"May","Odonus niger","2016",472,845000,176,2.68181818181818
"May","Odonus niger","2017",134,268000,38,3.52631578947368
"May","Odonus niger","2019",21,31500,121,0.173553719008264
"May","Odonus niger","2022",3,14916.6666666667,30,0.1
"May","Odonus niger","2023",13,33683.3333333333,137,0.0948905109489051
"May","Opistognathus randalli","2022",18,54000,30,0.6
"May","Opistognathus scops","2022",14,42000,30,0.466666666666667
"May","Ostracion cubicus","2022",1,9000,30,0.0333333333333333
"May","Ostracion meleagris","2012",24,159000,197,0.121827411167513
"May","Ostracion meleagris","2022",5,45000,30,0.166666666666667
"May","Ostracion meleagris","2023",9,72000,137,0.0656934306569343
"May","Ostracion solorensis","2013",7,21000,328,0.0213414634146341
"May","Ostracion solorensis","2016",3,22000,176,0.0170454545454545
"May","Ostracion solorensis","2017",10,64000,38,0.263157894736842
"May","Ostracion solorensis","2018",132,691000,104,1.26923076923077
"May","Ostracion solorensis","2019",19,112000,121,0.15702479338843
"May","Oxycirrhites typus","2016",1,15000,176,0.00568181818181818
"May","Oxymonacanthus longirostris","2023",1,1000,137,0.0072992700729927
"May","Paguristes species","2023",185,740000,137,1.35036496350365
"May","Panulirus versicolor","2012",2,4000,197,0.0101522842639594
"May","Panulirus versicolor","2013",3,4500,328,0.00914634146341463
"May","Paracanthurus hepatus","2016",1,15000,176,0.00568181818181818
"May","Paracanthurus hepatus","2019",2,38000,121,0.0165289256198347
"May","Paracanthurus hepatus","2022",151,11660000,30,5.03333333333333
"May","Paracanthurus hepatus","2023",4,92265.1111111112,137,0.0291970802919708
"May","Parachaetodon ocellatus","2022",1,3500,30,0.0333333333333333
"May","Paracheilinus carpenteri","2022",64,206500,30,2.13333333333333
"May","Paracheilinus carpenteri","2023",16,31500,137,0.116788321167883
"May","Paracheilinus mccoskeri","2012",229,254400,197,1.16243654822335
"May","Paracheilinus mccoskeri","2013",513,639750,328,1.5640243902439
"May","Paracheilinus mccoskeri","2016",886,967750,176,5.03409090909091
"May","Paracheilinus mccoskeri","2018",42,43000,104,0.403846153846154
"May","Paracheilinus mccoskeri","2019",172,172000,121,1.42148760330579
"May","Paracirrhites arcatus","2012",73,74206.5217391304,197,0.370558375634518
"May","Paracirrhites arcuatus","2016",5,6000,176,0.0284090909090909
"May","Paracirrhites arcuatus","2017",6,7000,38,0.157894736842105
"May","Paracirrhites arcuatus","2018",8,8000,104,0.0769230769230769
"May","Paracirrhites arcuatus","2019",14,14000,121,0.115702479338843
"May","Paraluteres prionurus","2022",10,30000,30,0.333333333333333
"May","Paraluteres prionurus","2023",24,72000,137,0.175182481751825
"May","Paramonacanthus filicauda","2022",10,20000,30,0.333333333333333
"May","Paramonacanthus filicauda","2023",13,26000,137,0.0948905109489051
"May","Parapercis schuinslandi","2016",94,74250,176,0.534090909090909
"May","Parapercis schuinslandi","2018",4,6000,104,0.0384615384615385
"May","Parapercis schuinslandi","2019",2,3500,121,0.0165289256198347
"May","Parupeneus cyclostomus","2012",3,6000,197,0.0152284263959391
"May","Parupeneus cyclostomus","2016",1,2500,176,0.00568181818181818
"May","Parupeneus multifasciatus","2022",1,2000,30,0.0333333333333333
"May","Parupeneus rubescens","2012",3,1500,197,0.0152284263959391
"May","Parupeneus rubescens","2013",1,750,328,0.00304878048780488
"May","Pentapodus nemurus","2022",20,60000,30,0.666666666666667
"May","Periclimenes brevicarpalis","2012",12,12750,197,0.0609137055837563
"May","Periclimenes brevicarpalis","2013",74,56250,328,0.225609756097561
"May","Periclimenes brevicarpalis","2016",4,5000,176,0.0227272727272727
"May","Periclimenes brevicarpalis","2018",7,7000,104,0.0673076923076923
"May","Periclimenes brevicarpalis","2019",9,9000,121,0.0743801652892562
"May","Periclimenes brevicarpalis","2022",33,81500,30,1.1
"May","Periclimenes brevicarpalis","2023",1,1000,137,0.0072992700729927
"May","Pervagor Janthinosoma","2016",7,8500,176,0.0397727272727273
"May","Pervagor Janthinosoma","2019",1,1000,121,0.00826446280991736
"May","Pervagor janthinosoma","2012",1,2000,197,0.0050761421319797
"May","Pervagor janthinosoma","2013",1,1000,328,0.00304878048780488
"May","Pervagor janthinosoma","2022",3,4500,30,0.1
"May","Pervagor janthinosoma","2023",7,10500,137,0.0510948905109489
"May","Pervagor melanosoma","2022",14,55000,30,0.466666666666667
"May","Plagiotremus laudandus","2012",11,11083.3333333333,197,0.0558375634517767
"May","Plagiotremus laudandus","2013",12,12000,328,0.0365853658536585
"May","Plagiotremus ludandus","2016",21,27000,176,0.119318181818182
"May","Plagiotremus ludandus","2019",70,70000,121,0.578512396694215
"May","Plagiotremus rhinorhynchos","2022",34,68000,30,1.13333333333333
"May","Plagiotremus rhinorhynchos","2023",1,2000,137,0.0072992700729927
"May","Platax orbicularis","2012",8,12000,197,0.0406091370558376
"May","Platax orbicularis","2022",2,14000,30,0.0666666666666667
"May","Platax pinnatus","2013",1,7500,328,0.00304878048780488
"May","Platax pinnatus","2022",1,50000,30,0.0333333333333333
"May","Platax teira","2013",5,15000,328,0.0152439024390244
"May","Platax teira","2022",3,21000,30,0.1
"May","Plectorhinchus chaetodonoides","2016",3,12000,176,0.0170454545454545
"May","Plectorhinchus chaetodonoides","2018",3,12500,104,0.0288461538461538
"May","Plectorhinchus chaetodonoides","2019",2,7000,121,0.0165289256198347
"May","Plectorhinchus chaetodonoides","2022",12,150000,30,0.4
"May","Plectorhinchus chaetonoides","2012",1,4000,197,0.0050761421319797
"May","Plectorhinchus diagrammus","2013",65,69688.8888888889,328,0.198170731707317
"May","Plectorhinchus diagrammus","2022",6,22000,30,0.2
"May","Plectorhinchus diagrammus","2023",2,1004.5,137,0.0145985401459854
"May","Plectorhinchus orientalis","2012",9,18442.7083333333,197,0.0456852791878173
"May","Plectorhinchus orientalis","2016",1,2000,176,0.00568181818181818
"May","Plectorhinchus orientalis","2017",1,2500,38,0.0263157894736842
"May","Plectorhinchus orientalis","2018",10,25000,104,0.0961538461538462
"May","Plectorhinchus orientalis","2019",16,28000,121,0.132231404958678
"May","Plectorhinchus orientalis","2022",19,89735.8490566038,30,0.633333333333333
"May","Plectorhinchus orientalis","2023",85,113446.666666667,137,0.62043795620438
"May","Plectorhinchus pictus","2013",33,63500,328,0.100609756097561
"May","Plectorhincus diagrammus","2016",1,3000,176,0.00568181818181818
"May","Plectorhincus diagrammus","2019",2,4000,121,0.0165289256198347
"May","Plectroglyphidodon dickii","2022",1,1500,30,0.0333333333333333
"May","Plectroglyphidodon dickii","2023",1,1500,137,0.0072992700729927
"May","Plectroglyphidodon lacrymatus","2023",2,3000,137,0.0145985401459854
"May","Pomacanthus Imperator","2016",23,695000,176,0.130681818181818
"May","Pomacanthus Imperator","2018",27,528500,104,0.259615384615385
"May","Pomacanthus Imperator","2019",14,367500,121,0.115702479338843
"May","Pomacanthus annularis","2023",9,121000,137,0.0656934306569343
"May","Pomacanthus imperator","2012",27,482162.601626016,197,0.137055837563452
"May","Pomacanthus imperator","2013",24,579500,328,0.0731707317073171
"May","Pomacanthus imperator","2022",6,216750,30,0.2
"May","Pomacanthus imperator","2023",8,399250,137,0.0583941605839416
"May","Pomacanthus semicirculatus","2012",1,6000,197,0.0050761421319797
"May","Pomacanthus semicirculatus","2022",14,280000,30,0.466666666666667
"May","Pomacanthus semicirculatus","2023",4,45000,137,0.0291970802919708
"May","Pomacentrus auriventris","2016",352,353000,176,2
"May","Pomacentrus auriventris","2017",314,365000,38,8.26315789473684
"May","Pomacentrus auriventris","2018",368,581000,104,3.53846153846154
"May","Pomacentrus auriventris","2019",127,95250,121,1.0495867768595
"May","Pomacentrus auriventris","2023",54,81000,137,0.394160583941606
"May","Pomacentrus bankanensis","2012",102,102000,197,0.517766497461929
"May","Pomacentrus bankanensis","2016",63,94500,176,0.357954545454545
"May","Pomacentrus bankanensis","2017",85,127500,38,2.23684210526316
"May","Pomacentrus bankanensis","2018",2,3000,104,0.0192307692307692
"May","Pomacentrus bankanensis","2022",35,52500,30,1.16666666666667
"May","Pomacentrus bankanensis","2023",158,237000,137,1.15328467153285
"May","Pomacentrus coelestis","2023",245,183750,137,1.78832116788321
"May","Pomacentrus moluccensis","2016",35,52500,176,0.198863636363636
"May","Pomacentrus moluccensis","2018",18,27000,104,0.173076923076923
"May","Pomacentrus moluccensis","2022",4,6000,30,0.133333333333333
"May","Pomacentrus moluccensis","2023",13,19500,137,0.0948905109489051
"May","Pomacentrus pavo","2019",200,150000,121,1.65289256198347
"May","Pomacentrus smithi","2016",2,2000,176,0.0113636363636364
"May","Pomacentrus smithi","2018",27,27000,104,0.259615384615385
"May","Pomacentrus smithi","2019",1,1000,121,0.00826446280991736
"May","Pseudanthias Luzunensis","2018",1,10000,104,0.00961538461538462
"May","Pseudanthias cooperi","2013",170,170250,328,0.518292682926829
"May","Pseudanthias dispar","2012",3569,2706719.92665037,197,18.1167512690355
"May","Pseudanthias dispar","2013",1650,1677750,328,5.03048780487805
"May","Pseudanthias dispar","2016",202,380000,176,1.14772727272727
"May","Pseudanthias dispar","2017",661,1322000,38,17.3947368421053
"May","Pseudanthias dispar","2018",715,1430000,104,6.875
"May","Pseudanthias dispar","2019",224,448000,121,1.85123966942149
"May","Pseudanthias dispar","2022",141,352500,30,4.7
"May","Pseudanthias dispar","2023",1328,2824000,137,9.69343065693431
"May","Pseudanthias evansi","2012",15,30000,197,0.0761421319796954
"May","Pseudanthias huchtii","2012",269,144214.285714286,197,1.36548223350254
"May","Pseudanthias huchtii","2016",189,203500,176,1.07386363636364
"May","Pseudanthias huchtii","2017",82,146500,38,2.15789473684211
"May","Pseudanthias huchtii","2018",99,135500,104,0.951923076923077
"May","Pseudanthias huchtii","2019",7,7000,121,0.0578512396694215
"May","Pseudanthias huchtii","2022",47,97810.3448275862,30,1.56666666666667
"May","Pseudanthias huchtii","2023",86,154158.669902913,137,0.627737226277372
"May","Pseudanthias hypselosoma","2012",441,331143.333333333,197,2.23857868020305
"May","Pseudanthias hypselosoma","2016",386,425750,176,2.19318181818182
"May","Pseudanthias hypselosoma","2017",134,157000,38,3.52631578947368
"May","Pseudanthias hypselosoma","2018",132,222500,104,1.26923076923077
"May","Pseudanthias hypselosoma","2019",65,74500,121,0.537190082644628
"May","Pseudanthias hypselosoma","2023",10,50000,137,0.072992700729927
"May","Pseudanthias luzonensis","2012",28,78000,197,0.142131979695431
"May","Pseudanthias luzonensis","2013",13,64000,328,0.0396341463414634
"May","Pseudanthias pleurotaenia","2016",1,3000,176,0.00568181818181818
"May","Pseudanthias pleurotaenia","2017",1,3000,38,0.0263157894736842
"May","Pseudanthias pleurotaenia","2019",15,36000,121,0.12396694214876
"May","Pseudanthias pleurotaenia","2022",3,21000,30,0.1
"May","Pseudanthias rubrizonatus","2022",6,45000,30,0.2
"May","Pseudanthias squamipinnis","2022",47,117532.608695652,30,1.56666666666667
"May","Pseudanthias squamipinnis","2023",266,311283.8,137,1.94160583941606
"May","Pseudanthias tuka","2013",29,67770.2702702703,328,0.0884146341463415
"May","Pseudanthias tuka","2016",3,12000,176,0.0170454545454545
"May","Pseudanthias tuka","2023",4,20000,137,0.0291970802919708
"May","Pseudechidna brummeri","2022",6,42000,30,0.2
"May","Pseudocheilinus Octotaenia","2016",1,2500,176,0.00568181818181818
"May","Pseudocheilinus Octotaenia","2018",1,2500,104,0.00961538461538462
"May","Pseudocheilinus evanidus","2012",101,101000,197,0.512690355329949
"May","Pseudocheilinus evanidus","2013",12,12000,328,0.0365853658536585
"May","Pseudocheilinus evanidus","2016",187,167250,176,1.0625
"May","Pseudocheilinus evanidus","2017",39,39000,38,1.02631578947368
"May","Pseudocheilinus evanidus","2018",96,100500,104,0.923076923076923
"May","Pseudocheilinus evanidus","2019",116,116000,121,0.958677685950413
"May","Pseudocheilinus evanidus","2022",8,10000,30,0.266666666666667
"May","Pseudocheilinus evanidus","2023",27,36250,137,0.197080291970803
"May","Pseudocheilinus hexataenia","2012",834,1470192.15686275,197,4.23350253807107
"May","Pseudocheilinus hexataenia","2013",1514,2876159.31034483,328,4.61585365853659
"May","Pseudocheilinus hexataenia","2016",1916,4099750,176,10.8863636363636
"May","Pseudocheilinus hexataenia","2017",658,1507000,38,17.3157894736842
"May","Pseudocheilinus hexataenia","2018",1058,2205000,104,10.1730769230769
"May","Pseudocheilinus hexataenia","2019",1079,2752500,121,8.91735537190083
"May","Pseudocheilinus hexataenia","2022",311,1034000,30,10.3666666666667
"May","Pseudocheilinus hexataenia","2023",685,2228000,137,5
"May","Pseudochromis paccagnellae","2012",2,2000,197,0.0101522842639594
"May","Pseudochromis paccagnellae","2016",26,26000,176,0.147727272727273
"May","Pseudochromis paccagnellae","2017",4,4000,38,0.105263157894737
"May","Pseudochromis paccagnellae","2019",3,3000,121,0.0247933884297521
"May","Pseudochromis paccagnellae","2022",101,353500,30,3.36666666666667
"May","Pseudocoris yamashiroi","2022",7,14000,30,0.233333333333333
"May","Pseudorhombus cinnamoneus","2022",2,6000,30,0.0666666666666667
"May","Ptereleotris evides","2012",69,86741.3533834587,197,0.350253807106599
"May","Ptereleotris evides","2016",38,57000,176,0.215909090909091
"May","Ptereleotris evides","2017",27,73500,38,0.710526315789474
"May","Ptereleotris evides","2018",51,76500,104,0.490384615384615
"May","Ptereleotris evides","2019",26,40500,121,0.214876033057851
"May","Ptereleotris evides","2022",91,409500,30,3.03333333333333
"May","Ptereleotris evides","2023",90,195000,137,0.656934306569343
"May","Ptereleotris hanae","2012",4,5500,197,0.0203045685279188
"May","Ptereleotris heteroptera","2012",4,6000,197,0.0203045685279188
"May","Ptereleotris heteroptera","2013",7,10500,328,0.0213414634146341
"May","Ptereleotris heteroptera","2023",1,3000,137,0.0072992700729927
"May","Ptereleotris heteropterus","2016",132,198000,176,0.75
"May","Ptereleotris heteropterus","2018",3,4500,104,0.0288461538461538
"May","Ptereleotris heteropterus","2019",16,32000,121,0.132231404958678
"May","Ptereleotris microlepis","2016",97,97000,176,0.551136363636364
"May","Ptereleotris microlepis","2017",3,3000,38,0.0789473684210526
"May","Ptereleotris zebra","2016",6,9000,176,0.0340909090909091
"May","Pterocaesio chrysozona","2012",6,6000,197,0.0304568527918782
"May","Pterocaesio chrysozona","2013",1,1000,328,0.00304878048780488
"May","Pterocaesio chrysozona","2016",16,16000,176,0.0909090909090909
"May","Pterois antennata","2012",48,67550,197,0.243654822335025
"May","Pterois antennata","2016",37,59700,176,0.210227272727273
"May","Pterois antennata","2017",23,45500,38,0.605263157894737
"May","Pterois antennata","2018",34,68000,104,0.326923076923077
"May","Pterois antennata","2019",44,86000,121,0.363636363636364
"May","Pterois antennata","2022",23,59000,30,0.766666666666667
"May","Pterois antennata","2023",20,58000,137,0.145985401459854
"May","Pterois radiata","2016",4,32000,176,0.0227272727272727
"May","Pterois radiata","2017",7,91000,38,0.184210526315789
"May","Pterois radiata","2018",1,10000,104,0.00961538461538462
"May","Pterois radiata","2019",2,20000,121,0.0165289256198347
"May","Pterois radiata","2022",1,17500,30,0.0333333333333333
"May","Pterois radiata","2023",2,25000,137,0.0145985401459854
"May","Pterois volitans","2012",7,47666.6666666667,197,0.0355329949238579
"May","Pterois volitans","2013",21,203000,328,0.0640243902439024
"May","Pterois volitans","2016",2,16000,176,0.0113636363636364
"May","Pterois volitans","2022",3,52500,30,0.1
"May","Pterois volitans","2023",2,30000,137,0.0145985401459854
"May","Pygoplites diacanthus","2012",5,44000,197,0.0253807106598985
"May","Pygoplites diacanthus","2017",5,95000,38,0.131578947368421
"May","Pygoplites diacanthus","2018",2,40000,104,0.0192307692307692
"May","Pygoplites diacanthus","2022",5,199687.5,30,0.166666666666667
"May","Pygoplites diacanthus","2023",1,9014,137,0.0072992700729927
"May","Rhinchocinetes durbanensis","2016",749,530100,176,4.25568181818182
"May","Rhinchocinetes durbanensis","2018",135,101250,104,1.29807692307692
"May","Rhinchocinetes durbanensis","2019",31,31000,121,0.256198347107438
"May","Rhinecanthus aculeatus","2013",2,4500,328,0.00609756097560976
"May","Rhinecanthus verrucosus","2012",3,2250,197,0.0152284263959391
"May","Rhinecanthus verrucosus","2013",16,14500,328,0.0487804878048781
"May","Rhinecanthus verrucosus","2016",2,2000,176,0.0113636363636364
"May","Rhinecanthus verrucosus","2018",5,5000,104,0.0480769230769231
"May","Rhinomuraena quaesita","2012",3,22000,197,0.0152284263959391
"May","Rhinomuraena quaesita","2013",9,83000,328,0.0274390243902439
"May","Rhinomuraena quaesita","2023",7,135000,137,0.0510948905109489
"May","Rhinomuraena quesita","2016",8,92500,176,0.0454545454545455
"May","Rhinomuraena quesita","2018",2,30000,104,0.0192307692307692
"May","Rhinomuraena quesita","2019",2,20000,121,0.0165289256198347
"May","Rhynchocinetes durbanensis","2012",1192,3064600,197,6.0507614213198
"May","Rhynchocinetes durbanensis","2013",369,276750,328,1.125
"May","Rhynchocinetes durbanensis","2022",35,35000,30,1.16666666666667
"May","Rhynchocinetes durbanensis","2023",255,255000,137,1.86131386861314
"May","Salarias ceramensis","2013",57,54897.6744186046,328,0.173780487804878
"May","Salarias fasciatus","2012",6,6000,197,0.0304568527918782
"May","Salarias fasciatus","2016",43,43000,176,0.244318181818182
"May","Salarias fasciatus","2018",1,1000,104,0.00961538461538462
"May","Salarias fasciatus","2019",23,23000,121,0.190082644628099
"May","Salarias fasciatus","2022",35,56500,30,1.16666666666667
"May","Salarias fasciatus","2023",88,125500,137,0.642335766423358
"May","Salarias segmentatus","2022",1,4000,30,0.0333333333333333
"May","Siderea picta","2022",1,5000,30,0.0333333333333333
"May","Siderea picta","2023",3,15000,137,0.0218978102189781
"May","Siganus corallinus","2012",4,6000,197,0.0203045685279188
"May","Siganus corallinus","2016",24,64000,176,0.136363636363636
"May","Siganus corallinus","2018",3,8500,104,0.0288461538461538
"May","Siganus corallinus","2019",2,4000,121,0.0165289256198347
"May","Siganus corallinus","2022",5,20000,30,0.166666666666667
"May","Siganus puellus","2022",1,4000,30,0.0333333333333333
"May","Siganus vulpinus","2013",3,7500,328,0.00914634146341463
"May","Siganus vulpinus","2016",2,6000,176,0.0113636363636364
"May","Siganus vulpinus","2019",3,10000,121,0.0247933884297521
"May","Signigobius biocellatus","2013",3,3750,328,0.00914634146341463
"May","Signigobius biocellatus","2022",32,272000,30,1.06666666666667
"May","Stenopus Hispodus","2016",34,34000,176,0.193181818181818
"May","Stenopus Hispodus","2019",17,17000,121,0.140495867768595
"May","Stenopus hispidus","2022",4,4000,30,0.133333333333333
"May","Stenopus hispidus","2023",5,5000,137,0.0364963503649635
"May","Stenopus hispodus","2012",35,55691.6666666667,197,0.177664974619289
"May","Stenopus hispodus","2013",49,41750,328,0.149390243902439
"May","Stenopus tenuirostris","2023",2,2000,137,0.0145985401459854
"May","Stethojulis bandanensis","2016",19,19000,176,0.107954545454545
"May","Stethojulis bandanensis","2018",3,3000,104,0.0288461538461538
"May","Stethojulis bandanensis","2019",2,2000,121,0.0165289256198347
"May","Stethojulis bandanensis","2023",1,1000,137,0.0072992700729927
"May","Stonogobiops nematodes","2022",28,210000,30,0.933333333333333
"May","Sufflamen chrysopterum","2012",1,750,197,0.0050761421319797
"May","Sufflamen chrysopterus","2017",2,6000,38,0.0526315789473684
"May","Synchiropus ocellatus","2012",27,31137.1951219513,197,0.137055837563452
"May","Synchiropus ocellatus","2013",499,595083.333333333,328,1.52134146341463
"May","Synchiropus ocellatus","2016",208,273500,176,1.18181818181818
"May","Synchiropus ocellatus","2018",235,235000,104,2.25961538461538
"May","Synchiropus ocellatus","2019",64,64000,121,0.528925619834711
"May","Synchiropus ocellatus","2022",152,605500,30,5.06666666666667
"May","Synchiropus ocellatus","2023",13,43500,137,0.0948905109489051
"May","Synchiropus picturatus","2022",3,4500,30,0.1
"May","Synchiropus picturatus","2023",133,199500,137,0.970802919708029
"May","Synchiropus stellatus","2016",2,6000,176,0.0113636363636364
"May","Taenianotus triacanthus","2017",2,5000,38,0.0526315789473684
"May","Taenianotus triacanthus","2019",3,6500,121,0.0247933884297521
"May","Thalassoma amblycephalum","2012",6,18500,197,0.0304568527918782
"May","Thalassoma amblycephalum","2016",11,33000,176,0.0625
"May","Thalassoma amblycephalum","2018",20,30000,104,0.192307692307692
"May","Thalassoma amblycephalum","2023",62,186000,137,0.452554744525547
"May","Thalassoma jansenii","2023",3,5000,137,0.0218978102189781
"May","Thalassoma lunare","2012",5,5000,197,0.0253807106598985
"May","Thalassoma lunare","2016",42,42000,176,0.238636363636364
"May","Thalassoma lunare","2017",6,8000,38,0.157894736842105
"May","Thalassoma lunare","2018",7,13000,104,0.0673076923076923
"May","Thalassoma lutescens","2023",3,12000,137,0.0218978102189781
"May","Valenciennea helsdingenii","2012",235,329218.456375839,197,1.19289340101523
"May","Valenciennea helsdingenii","2016",15,22500,176,0.0852272727272727
"May","Valenciennea helsdingenii","2017",25,38000,38,0.657894736842105
"May","Valenciennea helsdingenii","2018",91,159250,104,0.875
"May","Valenciennea helsdingenii","2019",90,177000,121,0.743801652892562
"May","Valenciennea helsdingenii","2023",5,13000,137,0.0364963503649635
"May","Valenciennea longipinnis","2022",11,27500,30,0.366666666666667
"May","Valenciennea puellaris","2012",829,1011662.56830601,197,4.20812182741117
"May","Valenciennea puellaris","2013",1170,1710607.92507205,328,3.56707317073171
"May","Valenciennea puellaris","2016",2068,3216500,176,11.75
"May","Valenciennea puellaris","2017",326,546000,38,8.57894736842105
"May","Valenciennea puellaris","2018",548,1115500,104,5.26923076923077
"May","Valenciennea puellaris","2019",1080,2037200,121,8.92561983471074
"May","Valenciennea puellaris","2022",171,683000,30,5.7
"May","Valenciennea puellaris","2023",636,1512000,137,4.64233576642336
"May","Valenciennea sexguttata","2012",74,72978.0701754386,197,0.375634517766497
"May","Valenciennea sexguttata","2013",507,497248,328,1.54573170731707
"May","Valenciennea sexguttata","2016",402,501250,176,2.28409090909091
"May","Valenciennea sexguttata","2017",54,71000,38,1.42105263157895
"May","Valenciennea sexguttata","2018",72,108000,104,0.692307692307692
"May","Valenciennea sexguttata","2019",119,180000,121,0.983471074380165
"May","Valenciennea sexguttata","2022",259,770000,30,8.63333333333333
"May","Valenciennea sexguttata","2023",87,193500,137,0.635036496350365
"May","Valenciennea strigata","2012",192,203728.612716763,197,0.974619289340102
"May","Valenciennea strigata","2013",440,1133473.92344498,328,1.34146341463415
"May","Valenciennea strigata","2016",64,111500,176,0.363636363636364
"May","Valenciennea strigata","2018",50,98000,104,0.480769230769231
"May","Valenciennea strigata","2019",18,36000,121,0.148760330578512
"May","Valenciennea strigata","2022",263,1035000,30,8.76666666666667
"May","Valenciennea strigata","2023",93,266000,137,0.678832116788321
"May","Variola louti","2016",1,2000,176,0.00568181818181818
"May","Variola louti","2019",4,8000,121,0.0330578512396694
"May","Wetmorella nigropinnata","2016",123,121250,176,0.698863636363636
"May","Wetmorella nigropinnata","2017",29,34500,38,0.763157894736842
"May","Wetmorella nigropinnata","2018",17,17000,104,0.163461538461538
"May","Wetmorella nigropinnata","2019",28,28000,121,0.231404958677686
"May","Wetmorella nigropinnata","2023",5,5375,137,0.0364963503649635
"May","Zanclus cornutus","2012",16,24859.3333333333,197,0.0812182741116751
"May","Zanclus cornutus","2016",95,170750,176,0.539772727272727
"May","Zanclus cornutus","2017",1,2000,38,0.0263157894736842
"May","Zanclus cornutus","2018",56,122000,104,0.538461538461538
"May","Zanclus cornutus","2019",27,54000,121,0.223140495867769
"May","Zanclus cornutus","2022",2,8000,30,0.0666666666666667
"May","Zanclus cornutus","2023",9,20000,137,0.0656934306569343
"May","Zebrasoma scopas","2012",95,128250,197,0.482233502538071
"May","Zebrasoma scopas","2013",47,70452.9147982063,328,0.143292682926829
"May","Zebrasoma scopas","2016",31,51500,176,0.176136363636364
"May","Zebrasoma scopas","2017",56,128850,38,1.47368421052632
"May","Zebrasoma scopas","2018",27,63000,104,0.259615384615385
"May","Zebrasoma scopas","2019",42,84000,121,0.347107438016529
"May","Zebrasoma scopas","2022",50,116000,30,1.66666666666667
"May","Zebrasoma scopas","2023",151,406000,137,1.1021897810219
"May","Zebrasoma veliferum","2022",1,12500,30,0.0333333333333333
"June","#N/A","2012",1772,3008000.96599691,189,9.37566137566137
"June","#N/A","2013",3729,8769000,276,13.5108695652174
"June","#N/A","2017",1750,10456500,81,21.6049382716049
"June","#N/A","2023",11,55500,172,0.063953488372093
"June","Ablabys macracanthus","2023",1,2500,172,0.00581395348837209
"June","Ablabys taenianotus","2013",3,3000,276,0.0108695652173913
"June","Abudefduf septemfasciatus","2012",100,50000,189,0.529100529100529
"June","Abudefduf septemfasciatus","2013",160,80000,276,0.579710144927536
"June","Acanthurus bariene","2016",157,915000,213,0.737089201877934
"June","Acanthurus bariene","2018",12,120000,182,0.0659340659340659
"June","Acanthurus bariene","2019",10,85000,179,0.0558659217877095
"June","Acanthurus bariene","2022",4,40000,43,0.0930232558139535
"June","Acanthurus bariene","2023",23,230000,172,0.133720930232558
"June","Acanthurus chronixis","2012",30,50500,189,0.158730158730159
"June","Acanthurus chronixis","2013",30,71000,276,0.108695652173913
"June","Acanthurus chronixis","2022",37,278000,43,0.86046511627907
"June","Acanthurus chronixis","2023",4,24000,172,0.0232558139534884
"June","Acanthurus grammoptilus","2012",35,26250,189,0.185185185185185
"June","Acanthurus grammoptilus","2013",72,74700,276,0.260869565217391
"June","Acanthurus guttatus","2022",1,75000,43,0.0232558139534884
"June","Acanthurus leucoheilus","2016",14,60000,213,0.0657276995305164
"June","Acanthurus leucoheilus","2017",4,20000,81,0.0493827160493827
"June","Acanthurus leucoheilus","2018",13,65000,182,0.0714285714285714
"June","Acanthurus leucoheilus","2019",8,40000,179,0.0446927374301676
"June","Acanthurus leucoheilus","2023",2,9000,172,0.0116279069767442
"June","Acanthurus leucosternon","2013",1,25000,276,0.0036231884057971
"June","Acanthurus lineatus","2012",138,160566.115702479,189,0.73015873015873
"June","Acanthurus lineatus","2013",1087,2477750,276,3.93840579710145
"June","Acanthurus lineatus","2016",714,1814000,213,3.35211267605634
"June","Acanthurus lineatus","2017",23,36000,81,0.283950617283951
"June","Acanthurus lineatus","2018",345,776000,182,1.8956043956044
"June","Acanthurus lineatus","2019",168,506000,179,0.93854748603352
"June","Acanthurus lineatus","2022",118,520000,43,2.74418604651163
"June","Acanthurus lineatus","2023",58,237000,172,0.337209302325581
"June","Acanthurus maculiceps","2016",1,25000,213,0.00469483568075117
"June","Acanthurus nigricans","2012",15,150000,189,0.0793650793650794
"June","Acanthurus nigricans","2016",45,499500,213,0.211267605633803
"June","Acanthurus nigricans","2017",10,107500,81,0.123456790123457
"June","Acanthurus nigricans","2019",1,10000,179,0.00558659217877095
"June","Acanthurus nigricans","2022",15,238750,43,0.348837209302326
"June","Acanthurus nigricans","2023",8,130000,172,0.0465116279069767
"June","Acanthurus nigricauda","2022",1,5000,43,0.0232558139534884
"June","Acanthurus nigrofuscus","2012",46,45750,189,0.243386243386243
"June","Acanthurus nigrofuscus","2016",83,85000,213,0.389671361502347
"June","Acanthurus nigrofuscus","2017",10,10000,81,0.123456790123457
"June","Acanthurus nigrofuscus","2018",51,51000,182,0.28021978021978
"June","Acanthurus nigrofuscus","2019",17,17000,179,0.0949720670391061
"June","Acanthurus nigrofuscus","2022",1,1250,43,0.0232558139534884
"June","Acanthurus nigrofuscus","2023",2,2500,172,0.0116279069767442
"June","Acanthurus nigroris","2016",62,90500,213,0.291079812206573
"June","Acanthurus nigroris","2017",21,29000,81,0.259259259259259
"June","Acanthurus nigroris","2018",55,89000,182,0.302197802197802
"June","Acanthurus nigroris","2019",69,68100,179,0.385474860335196
"June","Acanthurus nigroris","2022",1,1500,43,0.0232558139534884
"June","Acanthurus nigroris","2023",41,61500,172,0.238372093023256
"June","Acanthurus olivaceus","2012",42,47000,189,0.222222222222222
"June","Acanthurus olivaceus","2013",158,669000,276,0.572463768115942
"June","Acanthurus olivaceus","2016",175,388500,213,0.821596244131455
"June","Acanthurus olivaceus","2017",1,1000,81,0.0123456790123457
"June","Acanthurus olivaceus","2018",38,122500,182,0.208791208791209
"June","Acanthurus olivaceus","2019",23,72000,179,0.128491620111732
"June","Acanthurus olivaceus","2022",6,34000,43,0.13953488372093
"June","Acanthurus olivaceus","2023",7,31000,172,0.0406976744186047
"June","Acanthurus pyroferus","2012",2,24000,189,0.0105820105820106
"June","Acanthurus pyroferus","2013",31,235500,276,0.11231884057971
"June","Acanthurus pyroferus","2016",81,167000,213,0.380281690140845
"June","Acanthurus pyroferus","2017",4,14000,81,0.0493827160493827
"June","Acanthurus pyroferus","2018",109,299500,182,0.598901098901099
"June","Acanthurus pyroferus","2019",121,299500,179,0.675977653631285
"June","Acanthurus pyroferus","2022",26,510000,43,0.604651162790698
"June","Acanthurus pyroferus","2023",25,280000,172,0.145348837209302
"June","Acanthurus triostegus","2016",13,12250,213,0.0610328638497653
"June","Acanthurus triostegus","2018",3,4500,182,0.0164835164835165
"June","Acanthurus triostegus","2019",8,13500,179,0.0446927374301676
"June","Acanthurus triostegus","2022",27,55500,43,0.627906976744186
"June","Acanthurus triostegus","2023",42,77000,172,0.244186046511628
"June","Acanthurus tristris","2016",6,22500,213,0.028169014084507
"June","Acanthurus tristris","2017",1,6000,81,0.0123456790123457
"June","Acanthurus tristris","2018",2,9000,182,0.010989010989011
"June","Acanthurus tristris","2022",3,9000,43,0.0697674418604651
"June","Acanthurus tristris","2023",5,14000,172,0.0290697674418605
"June","Acanthurus tritis","2022",4,24000,43,0.0930232558139535
"June","Acanthurus xanthopterus","2018",64,3e+05,182,0.351648351648352
"June","Acanthurus xanthopterus","2019",11,55000,179,0.0614525139664804
"June","Acreichthys radiatus","2012",1,2000,189,0.00529100529100529
"June","Acreichthys radiatus","2013",1,5000,276,0.0036231884057971
"June","Alpheus randalli","2022",10,60000,43,0.232558139534884
"June","Amblycirrhitus pinos","2012",43,35000,189,0.227513227513228
"June","Amblycirrhitus pinos","2013",19,20500,276,0.0688405797101449
"June","Amblyeleotris guttata","2022",57,228000,43,1.32558139534884
"June","Amblyeleotris randalli","2022",20,750000,43,0.465116279069767
"June","Amblyeleotris steinitzi","2023",1,2000,172,0.00581395348837209
"June","Amblyeleotris wheeleri","2022",22,88000,43,0.511627906976744
"June","Amblyeteleotris gymnocephala","2012",1,1500,189,0.00529100529100529
"June","Amblygobius phalaena","2023",4,4000,172,0.0232558139534884
"June","Amblygobius rainfordi","2018",5,5000,182,0.0274725274725275
"June","Amblygobius rainfordi","2019",18,18000,179,0.100558659217877
"June","Amphiprion clarkii","2012",113,118750,189,0.597883597883598
"June","Amphiprion clarkii","2016",137,245850,213,0.643192488262911
"June","Amphiprion clarkii","2017",60,111500,81,0.740740740740741
"June","Amphiprion clarkii","2018",94,162750,182,0.516483516483517
"June","Amphiprion clarkii","2019",113,212000,179,0.631284916201117
"June","Amphiprion clarkii","2022",47,209000,43,1.09302325581395
"June","Amphiprion clarkii","2023",61,130000,172,0.354651162790698
"June","Amphiprion ocellaris","2012",18,29000,189,0.0952380952380952
"June","Amphiprion ocellaris","2016",9,19500,213,0.0422535211267606
"June","Amphiprion ocellaris","2017",14,23750,81,0.172839506172839
"June","Amphiprion ocellaris","2018",2,5000,182,0.010989010989011
"June","Amphiprion ocellaris","2022",13,33000,43,0.302325581395349
"June","Amphiprion ocellaris","2023",6,14000,172,0.0348837209302326
"June","Amphiprion perideraion","2022",8,17000,43,0.186046511627907
"June","Amphiprion perideraion","2023",11,23000,172,0.063953488372093
"June","Amphiprion polymnus","2012",44,85000,189,0.232804232804233
"June","Amphiprion polymnus","2022",26,130000,43,0.604651162790698
"June","Amphiprion sandaracinos","2016",6,11000,213,0.028169014084507
"June","Amphiprion sandaracinos","2018",8,13000,182,0.043956043956044
"June","Amphiprion sandaracinos","2019",8,12000,179,0.0446927374301676
"June","Anampses caeruleopunctatus","2017",5,7000,81,0.0617283950617284
"June","Anampses caeruleopunctatus","2018",9,23000,182,0.0494505494505494
"June","Anampses caeruleopunctatus","2019",2,2000,179,0.0111731843575419
"June","Anampses caeruleopunctatus","2022",1,3500,43,0.0232558139534884
"June","Anampses caeruleopunctatus","2023",14,26500,172,0.0813953488372093
"June","Anampses lineatus","2012",9,12500,189,0.0476190476190476
"June","Anampses melanurus","2012",3,3000,189,0.0158730158730159
"June","Anampses melanurus","2019",1,1500,179,0.00558659217877095
"June","Anampses melanurus","2023",31,244000,172,0.180232558139535
"June","Anampses meleagrides","2012",14,87000,189,0.0740740740740741
"June","Anampses meleagrides","2013",7,39000,276,0.0253623188405797
"June","Anampses meleagrides","2016",11,95000,213,0.0516431924882629
"June","Anampses meleagrides","2017",3,28000,81,0.037037037037037
"June","Anampses meleagrides","2018",6,24500,182,0.032967032967033
"June","Anampses meleagrides","2022",7,68000,43,0.162790697674419
"June","Anampses meleagrides","2023",20,118000,172,0.116279069767442
"June","Ancanthurus pyroferus","2016",6,27000,213,0.028169014084507
"June","Ancanthurus pyroferus","2018",1,15000,182,0.00549450549450549
"June","Ancanthurus pyroferus","2019",3,30000,179,0.0167597765363128
"June","Antennarius nummifer","2023",2,4000,172,0.0116279069767442
"June","Apolemichthys trimaculatus","2012",1,10000,189,0.00529100529100529
"June","Apolemichthys trimaculatus","2013",3,22500,276,0.0108695652173913
"June","Apolemichthys trimaculatus","2016",2,31000,213,0.00938967136150235
"June","Apolemichthys trimaculatus","2018",5,52000,182,0.0274725274725275
"June","Apolemichthys trimaculatus","2019",1,2000,179,0.00558659217877095
"June","Apolemichthys trimaculatus","2023",1,20000,172,0.00581395348837209
"June","Arothron immaculatus","2012",9,15681.0344827586,189,0.0476190476190476
"June","Arothron meleagris","2013",59,100250,276,0.213768115942029
"June","Arothron meleagris","2016",15,27500,213,0.0704225352112676
"June","Arothron meleagris","2017",14,31000,81,0.172839506172839
"June","Arothron meleagris","2018",14,42000,182,0.0769230769230769
"June","Arothron meleagris","2019",21,63000,179,0.11731843575419
"June","Arothron nigropunctatus","2022",12,48000,43,0.27906976744186
"June","Arothron nigropunctatus","2023",35,74000,172,0.203488372093023
"June","Atrosalarias fuscus","2016",20,37000,213,0.0938967136150235
"June","Atrosalarias fuscus","2018",37,37000,182,0.203296703296703
"June","Atrosalarias fuscus","2019",35,35000,179,0.195530726256983
"June","Atrosalarias fuscus","2023",6,7500,172,0.0348837209302326
"June","Balistapus undulatus","2012",1,1000,189,0.00529100529100529
"June","Balistapus undulatus","2013",2,3500,276,0.0072463768115942
"June","Balistapus undulatus","2023",1,3000,172,0.00581395348837209
"June","Balistoides conspicillum","2012",1,10000,189,0.00529100529100529
"June","Balistoides conspicillum","2013",1,50000,276,0.0036231884057971
"June","Balistoides viridescens","2013",1,750,276,0.0036231884057971
"June","Bodianus axillaris","2012",1,2000,189,0.00529100529100529
"June","Bodianus axillaris","2018",1,8000,182,0.00549450549450549
"June","Bodianus bilunulatus","2012",3,11000,189,0.0158730158730159
"June","Bodianus bimaculatus","2012",86,351000,189,0.455026455026455
"June","Bodianus bimaculatus","2013",16,62000,276,0.0579710144927536
"June","Bodianus bimaculatus","2016",7,26000,213,0.0328638497652582
"June","Bodianus bimaculatus","2018",50,250000,182,0.274725274725275
"June","Bodianus bimaculatus","2019",19,56000,179,0.106145251396648
"June","Bodianus diana","2016",86,167750,213,0.403755868544601
"June","Bodianus diana","2017",28,56000,81,0.345679012345679
"June","Bodianus diana","2018",69,138000,182,0.379120879120879
"June","Bodianus diana","2019",75,150000,179,0.418994413407821
"June","Bodianus diana","2022",12,39434.7826086957,43,0.27906976744186
"June","Bodianus diana","2023",15,21651.9090909091,172,0.0872093023255814
"June","Bodianus mesothorax","2012",20,40000,189,0.105820105820106
"June","Bodianus mesothorax","2016",19,45000,213,0.0892018779342723
"June","Bodianus mesothorax","2017",6,14500,81,0.0740740740740741
"June","Bodianus mesothorax","2018",18,38000,182,0.0989010989010989
"June","Bodianus mesothorax","2019",31,62000,179,0.173184357541899
"June","Bodianus mesothorax","2022",6,18000,43,0.13953488372093
"June","Bodianus mesothorax","2023",20,35888.2258064516,172,0.116279069767442
"June","Caesio teres","2022",1,15000,43,0.0232558139534884
"June","Caesio teres","2023",1,15000,172,0.00581395348837209
"June","Cantherhines pardalis","2013",1,1000,276,0.0036231884057971
"June","Canthigaster epilampra","2013",1,2000,276,0.0036231884057971
"June","Canthigaster janthinoptera","2023",2,3000,172,0.0116279069767442
"June","Canthigaster solandri","2022",18,52000,43,0.418604651162791
"June","Canthigaster solandri","2023",12,22000,172,0.0697674418604651
"June","Canthigaster valentini","2012",58,43500,189,0.306878306878307
"June","Canthigaster valentini","2016",9,18000,213,0.0422535211267606
"June","Canthigaster valentini","2017",30,46500,81,0.37037037037037
"June","Canthigaster valentini","2018",95,113000,182,0.521978021978022
"June","Canthigaster valentini","2019",92,94500,179,0.513966480446927
"June","Canthigaster valentini","2022",57,151000,43,1.32558139534884
"June","Canthigaster valentini","2023",31,68500,172,0.180232558139535
"June","Centropyge bicolor","2012",43,82500,189,0.227513227513228
"June","Centropyge bicolor","2013",91,315750,276,0.329710144927536
"June","Centropyge bicolor","2016",17,39500,213,0.07981220657277
"June","Centropyge bicolor","2017",8,33750,81,0.0987654320987654
"June","Centropyge bicolor","2018",16,82000,182,0.0879120879120879
"June","Centropyge bicolor","2019",106,366500,179,0.592178770949721
"June","Centropyge bicolor","2022",72,485500,43,1.67441860465116
"June","Centropyge bicolor","2023",54,205000,172,0.313953488372093
"June","Centropyge bispinosus","2017",1,6000,81,0.0123456790123457
"June","Centropyge bispinosus","2018",1,10000,182,0.00549450549450549
"June","Centropyge eibli","2012",10,31000,189,0.0529100529100529
"June","Centropyge eibli","2016",12,50000,213,0.0563380281690141
"June","Centropyge eibli","2017",10,38500,81,0.123456790123457
"June","Centropyge eibli","2018",33,145000,182,0.181318681318681
"June","Centropyge eibli","2019",29,140000,179,0.162011173184358
"June","Centropyge eibli","2022",20,151000,43,0.465116279069767
"June","Centropyge eibli","2023",74,258000,172,0.430232558139535
"June","Centropyge fisheri","2022",1,2000,43,0.0232558139534884
"June","Centropyge nox","2012",2,4000,189,0.0105820105820106
"June","Centropyge nox","2016",1,2000,213,0.00469483568075117
"June","Centropyge nox","2018",3,7500,182,0.0164835164835165
"June","Centropyge nox","2019",7,17500,179,0.0391061452513966
"June","Centropyge nox","2022",8,25000,43,0.186046511627907
"June","Centropyge nox","2023",19,38000,172,0.11046511627907
"June","Centropyge tibicen","2012",16,25500,189,0.0846560846560847
"June","Centropyge tibicen","2013",13,28000,276,0.0471014492753623
"June","Centropyge tibicen","2016",5,12750,213,0.0234741784037559
"June","Centropyge tibicen","2018",22,55500,182,0.120879120879121
"June","Centropyge tibicen","2019",35,86000,179,0.195530726256983
"June","Centropyge tibicen","2022",21,102000,43,0.488372093023256
"June","Centropyge tibicen","2023",1,4000,172,0.00581395348837209
"June","Centropyge vroliki","2016",19,26500,213,0.0892018779342723
"June","Centropyge vroliki","2017",6,8500,81,0.0740740740740741
"June","Centropyge vroliki","2018",131,158000,182,0.71978021978022
"June","Centropyge vroliki","2019",129,193500,179,0.720670391061452
"June","Centropyge vroliki","2022",18,64000,43,0.418604651162791
"June","Centropyge vroliki","2023",50,113000,172,0.290697674418605
"June","Centropyge vrolikii","2012",59,67187.2146118721,189,0.312169312169312
"June","Cephalopholis miniata","2016",1,2500,213,0.00469483568075117
"June","Cephalopholis miniata","2017",1,3000,81,0.0123456790123457
"June","Cephalopholis miniata","2018",5,9000,182,0.0274725274725275
"June","Cetoscarus bicolor","2018",2,7500,182,0.010989010989011
"June","Cetoscarus bicolor","2019",1,5000,179,0.00558659217877095
"June","Cetoscarus bicolor","2022",2,27500,43,0.0465116279069767
"June","Cetoscarus bicolor","2023",1,8000,172,0.00581395348837209
"June","Chaetodon Sp","2022",17,25500,43,0.395348837209302
"June","Chaetodon Sp","2023",34,51000,172,0.197674418604651
"June","Chaetodon adiergastos","2019",17,17000,179,0.0949720670391061
"June","Chaetodon adiergastos","2022",5,18000,43,0.116279069767442
"June","Chaetodon adiergastos","2023",2,3000,172,0.0116279069767442
"June","Chaetodon auriga","2016",1,5000,213,0.00469483568075117
"June","Chaetodon auriga","2022",14,111000,43,0.325581395348837
"June","Chaetodon baronessa","2012",10,10000,189,0.0529100529100529
"June","Chaetodon baronessa","2013",67,84000,276,0.242753623188406
"June","Chaetodon baronessa","2016",13,32500,213,0.0610328638497653
"June","Chaetodon baronessa","2018",60,64500,182,0.32967032967033
"June","Chaetodon baronessa","2019",68,68000,179,0.379888268156425
"June","Chaetodon baronessa","2022",32,96000,43,0.744186046511628
"June","Chaetodon bennetti","2013",3,13500,276,0.0108695652173913
"June","Chaetodon bennetti","2016",1,5000,213,0.00469483568075117
"June","Chaetodon bennetti","2017",2,10000,81,0.0246913580246914
"June","Chaetodon bennetti","2018",1,5000,182,0.00549450549450549
"June","Chaetodon citrinellus","2022",4,8000,43,0.0930232558139535
"June","Chaetodon citrinellus","2023",3,6000,172,0.0174418604651163
"June","Chaetodon decussatus","2022",1,3000,43,0.0232558139534884
"June","Chaetodon falcula","2022",1,17500,43,0.0232558139534884
"June","Chaetodon kleinii","2012",65,57500,189,0.343915343915344
"June","Chaetodon kleinii","2013",120,128000,276,0.434782608695652
"June","Chaetodon kleinii","2016",85,102000,213,0.39906103286385
"June","Chaetodon kleinii","2018",152,169000,182,0.835164835164835
"June","Chaetodon kleinii","2019",162,241500,179,0.905027932960894
"June","Chaetodon kleinii","2022",44,89000,43,1.02325581395349
"June","Chaetodon kleinii","2023",15,25000,172,0.0872093023255814
"June","Chaetodon lunula","2013",31,213500,276,0.11231884057971
"June","Chaetodon lunula","2016",3,8000,213,0.0140845070422535
"June","Chaetodon lunula","2019",6,60000,179,0.0335195530726257
"June","Chaetodon lunula","2022",4,60000,43,0.0930232558139535
"June","Chaetodon lunula","2023",2,3000,172,0.0116279069767442
"June","Chaetodon melannotus","2022",2,12000,43,0.0465116279069767
"June","Chaetodon melannotus","2023",1,4000,172,0.00581395348837209
"June","Chaetodon meyeri","2012",24,150000,189,0.126984126984127
"June","Chaetodon meyeri","2013",1,8000,276,0.0036231884057971
"June","Chaetodon meyeri","2016",3,7500,213,0.0140845070422535
"June","Chaetodon meyeri","2017",1,6000,81,0.0123456790123457
"June","Chaetodon meyeri","2018",1,6000,182,0.00549450549450549
"June","Chaetodon meyeri","2022",1,1500,43,0.0232558139534884
"June","Chaetodon punctatofasciatus","2012",5,20000,189,0.0264550264550265
"June","Chaetodon punctatofasciatus","2013",1,2500,276,0.0036231884057971
"June","Chaetodon punctatofasciatus","2022",1,6000,43,0.0232558139534884
"June","Chaetodon rafflesi","2022",24,162000,43,0.558139534883721
"June","Chaetodon rafflesi","2023",6,36000,172,0.0348837209302326
"June","Chaetodon speculum","2019",1,5000,179,0.00558659217877095
"June","Chaetodon speculum","2022",3,10500,43,0.0697674418604651
"June","Chaetodon speculum","2023",1,1500,172,0.00581395348837209
"June","Chaetodon trifascialis","2012",1,1500,189,0.00529100529100529
"June","Chaetodon trifascialis","2017",6,15000,81,0.0740740740740741
"June","Chaetodon trifascialis","2022",1,7500,43,0.0232558139534884
"June","Chaetodon trifasciatus","2012",8,8000,189,0.0423280423280423
"June","Chaetodon trifasciatus","2013",25,24500,276,0.0905797101449275
"June","Chaetodon trifasciatus","2017",18,39000,81,0.222222222222222
"June","Chaetodon trifasciatus","2018",1,1000,182,0.00549450549450549
"June","Chaetodon trifasciatus","2019",20,20000,179,0.111731843575419
"June","Chaetodon trifasciatus","2022",28,84000,43,0.651162790697674
"June","Chaetodon trifasciatus","2023",2,6000,172,0.0116279069767442
"June","Chaetodon ulietensis","2022",5,37500,43,0.116279069767442
"June","Chaetodon vagabundus","2022",17,52000,43,0.395348837209302
"June","Chaetodon vagabundus","2023",19,57000,172,0.11046511627907
"June","Chaetodontoplus melanosoma","2016",1,10000,213,0.00469483568075117
"June","Chaetodontoplus mesoleucus","2022",10,40000,43,0.232558139534884
"June","Cheilinus fasciatus","2016",20,20000,213,0.0938967136150235
"June","Cheilinus fasciatus","2023",1,1000,172,0.00581395348837209
"June","Chelmon rostratus","2022",65,650000,43,1.51162790697674
"June","Chirrhilabrus cyanopleura","2016",324,280050,213,1.52112676056338
"June","Chirrhilabrus cyanopleura","2018",83,161500,182,0.456043956043956
"June","Chirrhilabrus cyanopleura","2019",20,20000,179,0.111731843575419
"June","Chromi lineata","2023",42,31500,172,0.244186046511628
"June","Chromis lineata","2022",90,180000,43,2.09302325581395
"June","Chromis lineata","2023",170,340000,172,0.988372093023256
"June","Chromis margaritifer","2012",93,52000,189,0.492063492063492
"June","Chromis margaritifer","2013",263,251100,276,0.952898550724638
"June","Chromis margaritifer","2016",145,215100,213,0.68075117370892
"June","Chromis margaritifer","2017",71,61500,81,0.876543209876543
"June","Chromis margaritifer","2018",844,776800,182,4.63736263736264
"June","Chromis margaritifer","2019",379,401500,179,2.11731843575419
"June","Chromis margaritifer","2022",178,248250,43,4.13953488372093
"June","Chromis margaritifer","2023",280,371875,172,1.62790697674419
"June","Chromis retrofasciata","2016",2,3000,213,0.00938967136150235
"June","Chromis retrofasciata","2018",386,286700,182,2.12087912087912
"June","Chromis retrofasciata","2019",331,331000,179,1.84916201117318
"June","Chromis retrofasciata","2022",69,103500,43,1.6046511627907
"June","Chromis retrofasciata","2023",78,117000,172,0.453488372093023
"June","Chromis viridis","2012",335,330000,189,1.77248677248677
"June","Chromis viridis","2013",6146,3781400,276,22.268115942029
"June","Chromis viridis","2016",3547,3328000,213,16.6525821596244
"June","Chromis viridis","2017",1205,1467500,81,14.8765432098765
"June","Chromis viridis","2018",250,375000,182,1.37362637362637
"June","Chromis viridis","2022",1220,1830000,43,28.3720930232558
"June","Chromis viridis","2023",1781,1314714.31770833,172,10.3546511627907
"June","Chromis weberi","2012",2179,1089500,189,11.5291005291005
"June","Chromis weberi","2013",739,501200,276,2.67753623188406
"June","Chrysiptera talboti","2012",173,1575500,189,0.915343915343915
"June","Chrysiptera talboti","2013",310,196400,276,1.1231884057971
"June","Chrysiptera talboti","2016",882,635700,213,4.14084507042254
"June","Chrysiptera talboti","2017",375,276600,81,4.62962962962963
"June","Chrysiptera talboti","2018",1378,1230200,182,7.57142857142857
"June","Chrysiptera talboti","2019",1763,1763000,179,9.84916201117318
"June","Chrysiptera talboti","2022",377,547500,43,8.76744186046512
"June","Chrysiptera talboti","2023",953,1116500,172,5.5406976744186
"June","Cirrhilabrus cyanopleura","2012",107,69500,189,0.566137566137566
"June","Cirrhilabrus cyanopleura","2013",152,171500,276,0.550724637681159
"June","Cirrhilabrus cyanopleura","2022",46,92000,43,1.06976744186047
"June","Cirrhilabrus cyanopleura","2023",186,214000,172,1.08139534883721
"June","Cirrhilabrus exquisitus","2012",25,27500,189,0.132275132275132
"June","Cirrhilabrus exquisitus","2013",42,103750,276,0.152173913043478
"June","Cirrhilabrus exquisitus","2016",188,345500,213,0.882629107981221
"June","Cirrhilabrus exquisitus","2018",19,40000,182,0.104395604395604
"June","Cirrhilabrus exquisitus","2019",60,120000,179,0.335195530726257
"June","Cirrhilabrus exquisitus","2022",52,78000,43,1.2093023255814
"June","Cirrhilabrus exquisitus","2023",20,30000,172,0.116279069767442
"June","Cirrhilabrus filamentosus","2016",81,283500,213,0.380281690140845
"June","Cirrhilabrus filamentosus","2017",1,2500,81,0.0123456790123457
"June","Cirrhilabrus filamentosus","2018",13,52000,182,0.0714285714285714
"June","Cirrhilabrus flavidorsalis","2012",1,1000,189,0.00529100529100529
"June","Cirrhilabrus lubbocki","2012",5,5000,189,0.0264550264550265
"June","Cirrhilabrus lubbocki","2016",4,4000,213,0.0187793427230047
"June","Cirrhilabrus lubbocki","2018",1,1500,182,0.00549450549450549
"June","Cirrhilabrus lubbocki","2019",19,21500,179,0.106145251396648
"June","Cirrhitichthys aprinus","2016",43,44700,213,0.2018779342723
"June","Cirrhitichthys aprinus","2017",14,16000,81,0.172839506172839
"June","Cirrhitichthys aprinus","2018",111,115000,182,0.60989010989011
"June","Cirrhitichthys aprinus","2019",65,65000,179,0.363128491620112
"June","Cirrhitichthys aprinus","2022",15,15000,43,0.348837209302326
"June","Cirrhitichthys aprinus","2023",105,105000,172,0.61046511627907
"June","Cirrhitichthys falco","2022",4,8000,43,0.0930232558139535
"June","Cirrhitichthys falco","2023",3,6000,172,0.0174418604651163
"June","Coris gaimard","2012",258,619026.14379085,189,1.36507936507937
"June","Coris gaimard","2013",92,212000,276,0.333333333333333
"June","Coris gaimard","2016",31,122500,213,0.145539906103286
"June","Coris gaimard","2017",31,79000,81,0.382716049382716
"June","Coris gaimard","2018",47,187000,182,0.258241758241758
"June","Coris gaimard","2019",72,226000,179,0.402234636871508
"June","Coris gaimard","2022",40,107500,43,0.930232558139535
"June","Coris gaimard","2023",172,363000,172,1
"June","Coris pictoides","2012",5,2500,189,0.0264550264550265
"June","Coris pictoides","2013",8,8000,276,0.0289855072463768
"June","Cryptocentrus leptocephalus","2022",5,15000,43,0.116279069767442
"June","Ctenochaetus striatus","2022",18,54000,43,0.418604651162791
"June","Ctenochaetus striatus","2023",2,6000,172,0.0116279069767442
"June","Ctenochaetus tominiensis","2023",1,15000,172,0.00581395348837209
"June","Cyprinocirrhites polyactus","2023",11,16500,172,0.063953488372093
"June","Dactyloptena orientalis","2013",1,4500,276,0.0036231884057971
"June","Dascyllus aruanus","2013",166,101000,276,0.601449275362319
"June","Dascyllus aruanus","2023",1,750,172,0.00581395348837209
"June","Dascyllus reticulatus","2012",45,22500,189,0.238095238095238
"June","Dascyllus reticulatus","2018",80,60000,182,0.43956043956044
"June","Dascyllus reticulatus","2019",276,276000,179,1.54189944134078
"June","Dascyllus reticulatus","2022",82,123000,43,1.90697674418605
"June","Dascyllus trimaculatus","2012",776,426000,189,4.10582010582011
"June","Dascyllus trimaculatus","2013",1614,1024300,276,5.84782608695652
"June","Dascyllus trimaculatus","2016",671,478500,213,3.15023474178404
"June","Dascyllus trimaculatus","2017",212,203500,81,2.61728395061728
"June","Dascyllus trimaculatus","2018",559,438700,182,3.07142857142857
"June","Dascyllus trimaculatus","2019",1090,1360000,179,6.08938547486034
"June","Dascyllus trimaculatus","2022",121,151500,43,2.81395348837209
"June","Dascyllus trimaculatus","2023",295,273750,172,1.71511627906977
"June","Dendrochirus biocellatus","2012",8,56500,189,0.0423280423280423
"June","Dendrochirus biocellatus","2013",125,146000,276,0.452898550724638
"June","Dendrochirus biocellatus","2016",6,47000,213,0.028169014084507
"June","Dendrochirus biocellatus","2017",7,58000,81,0.0864197530864197
"June","Dendrochirus biocellatus","2018",21,201000,182,0.115384615384615
"June","Dendrochirus biocellatus","2019",8,62000,179,0.0446927374301676
"June","Dendrochirus zebra","2016",17,17000,213,0.07981220657277
"June","Dendrochirus zebra","2017",6,6000,81,0.0740740740740741
"June","Dendrochirus zebra","2018",1,1000,182,0.00549450549450549
"June","Dendrochirus zebra","2019",8,8000,179,0.0446927374301676
"June","Dendrochirus zebra","2023",2,3190.4761904762,172,0.0116279069767442
"June","Diodon liturosus","2013",1,3000,276,0.0036231884057971
"June","Diproctacanthus xanthurus","2016",1,1000,213,0.00469483568075117
"June","Dischistodus perspicillatus","2016",360,180000,213,1.69014084507042
"June","Dischistodus perspicillatus","2019",456,456000,179,2.54748603351955
"June","Doryrhamphus dactyliophorus","2013",3,6000,276,0.0108695652173913
"June","Doryrhamphus dactyliophorus","2016",8,12500,213,0.0375586854460094
"June","Doryrhamphus dactyliophorus","2018",2,4000,182,0.010989010989011
"June","Doryrhamphus dactyliophorus","2019",3,6000,179,0.0167597765363128
"June","Doryrhamphus dactyliophorus","2023",2,4000,172,0.0116279069767442
"June","Doryrhamphus excisus excisus","2012",2,2500,189,0.0105820105820106
"June","Doryrhamphus excisus excisus","2013",1,3000,276,0.0036231884057971
"June","Echidna polyzona","2017",1,10000,81,0.0123456790123457
"June","Echidna polyzona","2018",2,20000,182,0.010989010989011
"June","Echidna polyzona","2019",6,75000,179,0.0335195530726257
"June","Ecsenius bicolor","2012",88,134000,189,0.465608465608466
"June","Ecsenius bicolor","2016",126,216500,213,0.591549295774648
"June","Ecsenius bicolor","2017",52,91300,81,0.641975308641975
"June","Ecsenius bicolor","2018",52,81000,182,0.285714285714286
"June","Ecsenius bicolor","2019",75,112500,179,0.418994413407821
"June","Ecsenius bicolor","2022",114,411000,43,2.65116279069767
"June","Ecsenius bicolor","2023",59,121000,172,0.343023255813953
"June","Ecsenius midas","2012",6,9500,189,0.0317460317460317
"June","Ecsenius midas","2013",3,7500,276,0.0108695652173913
"June","Ecsenius midas","2016",3,7000,213,0.0140845070422535
"June","Ecsenius namiyei","2012",2,2000,189,0.0105820105820106
"June","Ecsenius namiyei","2013",15,14600,276,0.0543478260869565
"June","Epinephelus merra","2013",1,5000,276,0.0036231884057971
"June","Exallias brevis","2012",1,1500,189,0.00529100529100529
"June","Exallias brevis","2016",5,12000,213,0.0234741784037559
"June","Exallias brevis","2018",1,3000,182,0.00549450549450549
"June","Exallias brevis","2022",1,1000,43,0.0232558139534884
"June","Exallias brevis","2023",3,3000,172,0.0174418604651163
"June","Forcipiger flavissimus","2016",10,70000,213,0.0469483568075117
"June","Forcipiger flavissimus","2018",1,10000,182,0.00549450549450549
"June","Forcipiger flavissimus","2019",1,10000,179,0.00558659217877095
"June","Forcipiger flavissimus","2023",6,9000,172,0.0348837209302326
"June","Gomphosus varius","2012",1,12000,189,0.00529100529100529
"June","Gomphosus varius","2017",1,1500,81,0.0123456790123457
"June","Gomphosus varius","2018",12,24000,182,0.0659340659340659
"June","Gomphosus varius","2019",7,14000,179,0.0391061452513966
"June","Gomphosus varius","2022",2,19333.3333333333,43,0.0465116279069767
"June","Gomphosus varius","2023",10,13432.4090909091,172,0.0581395348837209
"June","Gunnellichthys curiosus","2018",10,50000,182,0.0549450549450549
"June","Gymnomuraena zebra","2012",1,6000,189,0.00529100529100529
"June","Gymnomuraena zebra","2013",3,27000,276,0.0108695652173913
"June","Halichoeres argus","2023",22,22000,172,0.127906976744186
"June","Halichoeres biocellatus","2022",2,6000,43,0.0465116279069767
"June","Halichoeres chrysus","2012",870,926200,189,4.6031746031746
"June","Halichoeres chrysus","2013",824,1269000,276,2.98550724637681
"June","Halichoeres chrysus","2016",1399,2316500,213,6.56807511737089
"June","Halichoeres chrysus","2017",208,377750,81,2.5679012345679
"June","Halichoeres chrysus","2018",788,1408518,182,4.32967032967033
"June","Halichoeres chrysus","2019",337,639500,179,1.88268156424581
"June","Halichoeres chrysus","2022",280,838000,43,6.51162790697674
"June","Halichoeres chrysus","2023",560,1333000,172,3.25581395348837
"June","Halichoeres hortulanus","2012",25,21500,189,0.132275132275132
"June","Halichoeres hortulanus","2013",29,41700,276,0.105072463768116
"June","Halichoeres hortulanus","2016",8,12000,213,0.0375586854460094
"June","Halichoeres hortulanus","2017",1,750,81,0.0123456790123457
"June","Halichoeres hortulanus","2018",136,102000,182,0.747252747252747
"June","Halichoeres hortulanus","2019",141,141000,179,0.787709497206704
"June","Halichoeres hortulanus","2023",42,52250,172,0.244186046511628
"June","Halichoeres marginatus","2016",19,47500,213,0.0892018779342723
"June","Halichoeres marginatus","2018",3,7500,182,0.0164835164835165
"June","Halichoeres marginatus","2022",40,120000,43,0.930232558139535
"June","Halichoeres marginatus","2023",21,63000,172,0.122093023255814
"June","Halichoeres melanurus","2016",12,29500,213,0.0563380281690141
"June","Halichoeres melanurus","2017",38,38000,81,0.469135802469136
"June","Halichoeres melanurus","2018",50,52000,182,0.274725274725275
"June","Halichoeres melanurus","2019",67,67000,179,0.374301675977654
"June","Halichoeres nebulosus","2013",30,82000,276,0.108695652173913
"June","Halichoeres prosopeion","2012",72,69000,189,0.380952380952381
"June","Halichoeres prosopeion","2022",1,2500,43,0.0232558139534884
"June","Halichoeres prosopeion","2023",2,5000,172,0.0116279069767442
"June","Heniochus acuminatus","2012",48,278000,189,0.253968253968254
"June","Heniochus acuminatus","2013",328,2524000,276,1.18840579710145
"June","Heniochus acuminatus","2022",1,22500,43,0.0232558139534884
"June","Heniochus acuminatus","2023",2,35000,172,0.0116279069767442
"June","Heniochus monoceros","2016",502,2991000,213,2.35680751173709
"June","Heniochus monoceros","2017",1,8000,81,0.0123456790123457
"June","Heniochus monoceros","2018",11,91000,182,0.0604395604395604
"June","Heniochus monoceros","2019",14,68000,179,0.0782122905027933
"June","Heniochus monoceros","2023",1,17500,172,0.00581395348837209
"June","Heniochus singularius","2022",1,17500,43,0.0232558139534884
"June","Heniochus varius","2012",1,2000,189,0.00529100529100529
"June","Heniochus varius","2013",16,23250,276,0.0579710144927536
"June","Heniochus varius","2016",135,194500,213,0.633802816901408
"June","Heniochus varius","2017",4,6000,81,0.0493827160493827
"June","Heniochus varius","2018",37,57000,182,0.203296703296703
"June","Heniochus varius","2019",56,83000,179,0.312849162011173
"June","Heniochus varius","2022",3,21000,43,0.0697674418604651
"June","Heniochus varius","2023",2,2000,172,0.0116279069767442
"June","Histrio histrio","2012",2,5000,189,0.0105820105820106
"June","Histrio histrio","2022",1,5000,43,0.0232558139534884
"June","Hokpistognathus randalli","2022",1,2500,43,0.0232558139534884
"June","Hokpistognathus randalli","2023",2,5000,172,0.0116279069767442
"June","Hologymnosus doliatus","2022",1,2500,43,0.0232558139534884
"June","Hoplolatilus chlupatyi","2012",3,2250,189,0.0158730158730159
"June","Hymenocera elegans","2022",5,125000,43,0.116279069767442
"June","Hymenocera elegans","2023",1,1500,172,0.00581395348837209
"June","Iniistius pavo","2012",43,102500,189,0.227513227513228
"June","Iniistius pavo","2013",15,49500,276,0.0543478260869565
"June","Iniistius pavo","2016",3,6500,213,0.0140845070422535
"June","Jorunna funebris","2022",1,2500,43,0.0232558139534884
"June","Koumansetta hectori","2022",6,24000,43,0.13953488372093
"June","Koumansetta rainfordi","2022",65,260000,43,1.51162790697674
"June","Koumansetta rainfordi","2023",1,4000,172,0.00581395348837209
"June","Labrichthys Unilineatus","2023",1,3500,172,0.00581395348837209
"June","Labrichthys unilineatus","2017",1,1000,81,0.0123456790123457
"June","Labrichthys unilineatus","2018",23,25000,182,0.126373626373626
"June","Labrichthys unilineatus","2019",4,4000,179,0.0223463687150838
"June","Labroides bicolor","2012",8,49000,189,0.0423280423280423
"June","Labroides bicolor","2013",25,175500,276,0.0905797101449275
"June","Labroides bicolor","2016",7,59000,213,0.0328638497652582
"June","Labroides bicolor","2017",2,16000,81,0.0246913580246914
"June","Labroides bicolor","2018",15,148000,182,0.0824175824175824
"June","Labroides bicolor","2019",1,8000,179,0.00558659217877095
"June","Labroides bicolor","2022",7,96046.5116279068,43,0.162790697674419
"June","Labroides bicolor","2023",6,33081.0483870968,172,0.0348837209302326
"June","Labroides dimidiatus","2012",196,149000,189,1.03703703703704
"June","Labroides dimidiatus","2013",609,525000,276,2.20652173913043
"June","Labroides dimidiatus","2016",99,119000,213,0.464788732394366
"June","Labroides dimidiatus","2017",113,120000,81,1.39506172839506
"June","Labroides dimidiatus","2018",332,342075.186090226,182,1.82417582417582
"June","Labroides dimidiatus","2019",285,432000,179,1.59217877094972
"June","Labroides dimidiatus","2022",373,746000,43,8.67441860465116
"June","Labroides dimidiatus","2023",379,383052.02,172,2.20348837209302
"June","Labroides rubrolabiatus","2013",2,6000,276,0.0072463768115942
"June","Labropsis alleni","2012",1,1500,189,0.00529100529100529
"June","Labropsis alleni","2018",4,8000,182,0.021978021978022
"June","Lactoria cornuta","2013",2,5500,276,0.0072463768115942
"June","Lysmata amboinensis","2012",2292,9472500,189,12.1269841269841
"June","Lysmata amboinensis","2013",1285,6580000,276,4.65579710144928
"June","Lysmata amboinensis","2016",2034,13919500,213,9.54929577464789
"June","Lysmata amboinensis","2018",598,5683000,182,3.28571428571429
"June","Lysmata amboinensis","2019",636,6960000,179,3.55307262569832
"June","Lysmata amboinensis","2022",145,1979000,43,3.37209302325581
"June","Lysmata amboinensis","2023",24,24000,172,0.13953488372093
"June","Lysmata debelius","2012",4,18000,189,0.0211640211640212
"June","Lysmata debelius","2013",5,19200,276,0.0181159420289855
"June","Lysmata debelius","2019",3,60000,179,0.0167597765363128
"June","Macolor niger","2012",1,1000,189,0.00529100529100529
"June","Macolor niger","2016",3,4000,213,0.0140845070422535
"June","Macolor niger","2017",2,9000,81,0.0246913580246914
"June","Macolor niger","2018",2,10000,182,0.010989010989011
"June","Macolor niger","2019",8,40000,179,0.0446927374301676
"June","Macolor niger","2022",1,7000,43,0.0232558139534884
"June","Macolor niger","2023",1,26100,172,0.00581395348837209
"June","Macropharyngodon meleagris","2012",70,64500,189,0.37037037037037
"June","Macropharyngodon meleagris","2013",247,272300,276,0.894927536231884
"June","Macropharyngodon meleagris","2016",170,219800,213,0.7981220657277
"June","Macropharyngodon meleagris","2017",35,47000,81,0.432098765432099
"June","Macropharyngodon meleagris","2018",273,282000,182,1.5
"June","Macropharyngodon meleagris","2019",267,306500,179,1.49162011173184
"June","Macropharyngodon meleagris","2022",4,6000,43,0.0930232558139535
"June","Macropharyngodon meleagris","2023",89,133500,172,0.517441860465116
"June","Macropharyngodon negrosensis","2012",7,7000,189,0.037037037037037
"June","Macropharyngodon negrosensis","2013",18,24500,276,0.0652173913043478
"June","Macropharyngodon negrosensis","2016",20,23000,213,0.0938967136150235
"June","Macropharyngodon negrosensis","2017",5,6500,81,0.0617283950617284
"June","Macropharyngodon negrosensis","2018",2,2500,182,0.010989010989011
"June","Macropharyngodon negrosensis","2019",9,9000,179,0.0502793296089385
"June","Macropharyngodon negrosensis","2022",5,17500,43,0.116279069767442
"June","Macropharyngodon negrosensis","2023",3,4500,172,0.0174418604651163
"June","Macropharyngodon ornatus","2022",26,84500,43,0.604651162790698
"June","Macropharyngodon ornatus","2023",14,42000,172,0.0813953488372093
"June","Malacanthus brevirostris","2016",1,1500,213,0.00469483568075117
"June","Malacanthus brevirostris","2018",1,1500,182,0.00549450549450549
"June","Malacanthus latovittatus","2012",6,9500,189,0.0317460317460317
"June","Malacanthus latovittatus","2013",8,12000,276,0.0289855072463768
"June","Malacanthus latovittatus","2016",58,106500,213,0.272300469483568
"June","Malacanthus latovittatus","2017",1,3000,81,0.0123456790123457
"June","Malacanthus latovittatus","2018",25,50000,182,0.137362637362637
"June","Malacanthus latovittatus","2019",11,22000,179,0.0614525139664804
"June","Meiacanthus atrodorsalis","2013",5,10000,276,0.0181159420289855
"June","Meiacanthus atrodorsalis","2022",20,71000,43,0.465116279069767
"June","Meiacanthus atrodorsalis","2023",4,12000,172,0.0232558139534884
"June","Meiacanthus grammistes","2012",19,19000,189,0.100529100529101
"June","Meiacanthus grammistes","2013",71,45800,276,0.257246376811594
"June","Meiacanthus grammistes","2016",6,9000,213,0.028169014084507
"June","Meiacanthus grammistes","2017",2,3000,81,0.0246913580246914
"June","Meiacanthus grammistes","2018",13,13000,182,0.0714285714285714
"June","Meiacanthus grammistes","2019",95,98000,179,0.53072625698324
"June","Meiacanthus grammistes","2022",7,21000,43,0.162790697674419
"June","Meiacanthus grammistes","2023",15,17750,172,0.0872093023255814
"June","Meiacanthus smithii","2022",9,21750,43,0.209302325581395
"June","Meiacanthus smithii","2023",48,60000,172,0.27906976744186
"June","Melichthys vidua","2012",6,18000,189,0.0317460317460317
"June","Melichthys vidua","2013",10,33000,276,0.036231884057971
"June","Melichthys vidua","2016",2,10000,213,0.00938967136150235
"June","Melichthys vidua","2019",38,133000,179,0.212290502793296
"June","Melichthys vidua","2022",7,70000,43,0.162790697674419
"June","Melichthys vidua","2023",1,1693.23076923077,172,0.00581395348837209
"June","Monacanthus chinensis","2016",13,9750,213,0.0610328638497653
"June","Monacanthus chinensis","2017",15,15000,81,0.185185185185185
"June","Monacanthus chinensis","2018",11,27500,182,0.0604395604395604
"June","Monacanthus chinensis","2022",3,3000,43,0.0697674418604651
"June","Monacanthus chinensis","2023",68,68000,172,0.395348837209302
"June","Naso elegans","2017",23,93000,81,0.283950617283951
"June","Naso lituratus","2012",51,166500,189,0.26984126984127
"June","Naso lituratus","2013",715,1860000,276,2.59057971014493
"June","Naso lituratus","2016",134,525500,213,0.629107981220657
"June","Naso lituratus","2017",45,176500,81,0.555555555555556
"June","Naso lituratus","2018",23,101500,182,0.126373626373626
"June","Naso lituratus","2019",50,280000,179,0.279329608938547
"June","Naso lituratus","2022",114,1005000,43,2.65116279069767
"June","Naso lituratus","2023",74,303000,172,0.430232558139535
"June","Naso unicornis","2016",15,45000,213,0.0704225352112676
"June","Naso unicornis","2018",30,32000,182,0.164835164835165
"June","Naso unicornis","2019",29,29000,179,0.162011173184358
"June","Naso unicornis","2023",11,44000,172,0.063953488372093
"June","Naso vlamingii","2022",13,77000,43,0.302325581395349
"June","Naso vlamingii","2023",4,16000,172,0.0232558139534884
"June","Nemateleotris magnifica","2012",3,15000,189,0.0158730158730159
"June","Nemateleotris magnifica","2016",1,8000,213,0.00469483568075117
"June","Nemateleotris magnifica","2018",1,8000,182,0.00549450549450549
"June","Nemateleotris magnifica","2019",21,162000,179,0.11731843575419
"June","Neoglyphidodon crossi","2012",4,4000,189,0.0211640211640212
"June","Neoglyphidodon crossi","2013",32,33500,276,0.115942028985507
"June","Neoglyphidodon crossi","2016",5,7000,213,0.0234741784037559
"June","Neoglyphidodon crossi","2018",23,23000,182,0.126373626373626
"June","Neoglyphidodon crossi","2019",13,13500,179,0.0726256983240224
"June","Neoglyphidodon crossi","2022",16,48000,43,0.372093023255814
"June","Neoglyphidodon crossi","2023",4,7000,172,0.0232558139534884
"June","Neoglyphidodon melas","2012",1,1500,189,0.00529100529100529
"June","Neoglyphidodon melas","2013",85,51800,276,0.307971014492754
"June","Neoglyphidodon melas","2016",8,9000,213,0.0375586854460094
"June","Neoglyphidodon melas","2018",3,4000,182,0.0164835164835165
"June","Neoglyphidodon melas","2022",11,27500,43,0.255813953488372
"June","Neoglyphidodon melas","2023",1,2000,172,0.00581395348837209
"June","Neoglyphidodon nigroris","2012",2,3000,189,0.0105820105820106
"June","Neoglyphidodon nigroris","2013",7,9500,276,0.0253623188405797
"June","Neoglyphidodon nigroris","2016",1,2000,213,0.00469483568075117
"June","Neoglyphidodon nigroris","2018",34,44000,182,0.186813186813187
"June","Neoglyphidodon nigroris","2019",12,13000,179,0.0670391061452514
"June","Neoglyphidodon nigroris","2022",21,63000,43,0.488372093023256
"June","Neoglyphidodon nigroris","2023",1,2500,172,0.00581395348837209
"June","Neoglyphidodon oxyodon","2022",6,15000,43,0.13953488372093
"June","Neoniphon argenteus","2013",13,10000,276,0.0471014492753623
"June","Neopenrolisthes maculata","2012",21,27500,189,0.111111111111111
"June","Neopenrolisthes maculata","2013",131,108500,276,0.47463768115942
"June","Neopenrolisthes maculata","2016",9,9500,213,0.0422535211267606
"June","Neopenrolisthes maculata","2018",5,6500,182,0.0274725274725275
"June","Neopenrolisthes maculata","2019",12,12000,179,0.0670391061452514
"June","Neopetrolisthes ohshimai","2022",9,27000,43,0.209302325581395
"June","Neopetrolisthes ohshimai","2023",7,18000,172,0.0406976744186047
"June","Novaculichthys taeniourus","2017",2,5000,81,0.0246913580246914
"June","Novaculichthys taeniourus","2018",16,74000,182,0.0879120879120879
"June","Novaculichthys taeniourus","2019",5,15000,179,0.0279329608938547
"June","Novaculichthys taeniourus","2022",2,18000,43,0.0465116279069767
"June","Novaculichthys taeniourus","2023",11,30000,172,0.063953488372093
"June","Odontodactylus scyllarus","2012",9,18000,189,0.0476190476190476
"June","Odontodactylus scyllarus","2013",1,1500,276,0.0036231884057971
"June","Odontodactylus scyllarus","2016",1,2000,213,0.00469483568075117
"June","Odontodactylus scyllarus","2018",17,42500,182,0.0934065934065934
"June","Odontodactylus scyllarus","2019",32,76000,179,0.17877094972067
"June","Odonus niger","2012",55,82500,189,0.291005291005291
"June","Odonus niger","2013",91,129000,276,0.329710144927536
"June","Odonus niger","2016",530,603000,213,2.48826291079812
"June","Odonus niger","2017",47,92500,81,0.580246913580247
"June","Odonus niger","2018",139,254000,182,0.763736263736264
"June","Odonus niger","2019",17,37000,179,0.0949720670391061
"June","Odonus niger","2023",1,336.666666666667,172,0.00581395348837209
"June","Opistognathus randalli","2022",5,15000,43,0.116279069767442
"June","Ostracion cubicus","2013",1,5000,276,0.0036231884057971
"June","Ostracion cubicus","2022",1,9000,43,0.0232558139534884
"June","Ostracion meleagris","2012",7,50000,189,0.037037037037037
"June","Ostracion meleagris","2022",4,34000,43,0.0930232558139535
"June","Ostracion meleagris","2023",2,16000,172,0.0116279069767442
"June","Ostracion solorensis","2013",13,61000,276,0.0471014492753623
"June","Ostracion solorensis","2016",2,24000,213,0.00938967136150235
"June","Ostracion solorensis","2018",91,518000,182,0.5
"June","Ostracion solorensis","2019",69,423000,179,0.385474860335196
"June","Oxycirrhites typus","2016",1,15000,213,0.00469483568075117
"June","Oxymonacanthus longirostris","2012",1,1000,189,0.00529100529100529
"June","Paguristes species","2022",154,657500,43,3.58139534883721
"June","Paguristes species","2023",263,1052000,172,1.52906976744186
"June","Panulirus versicolor","2012",8,15500,189,0.0423280423280423
"June","Panulirus versicolor","2013",5,7500,276,0.0181159420289855
"June","Paracanthurus hepatus","2012",2,12000,189,0.0105820105820106
"June","Paracanthurus hepatus","2016",15,82000,213,0.0704225352112676
"June","Paracanthurus hepatus","2018",1,15000,182,0.00549450549450549
"June","Paracanthurus hepatus","2019",2,38000,179,0.0111731843575419
"June","Paracanthurus hepatus","2022",25,1937500,43,0.581395348837209
"June","Paracanthurus hepatus","2023",2,22265.1111111112,172,0.0116279069767442
"June","Paracheilinus carpenteri","2022",119,350500,43,2.76744186046512
"June","Paracheilinus carpenteri","2023",45,69000,172,0.261627906976744
"June","Paracheilinus mccoskeri","2012",207,252000,189,1.0952380952381
"June","Paracheilinus mccoskeri","2013",377,519250,276,1.36594202898551
"June","Paracheilinus mccoskeri","2016",480,672250,213,2.25352112676056
"June","Paracheilinus mccoskeri","2018",107,151000,182,0.587912087912088
"June","Paracheilinus mccoskeri","2019",99,99000,179,0.553072625698324
"June","Paracirrhites arcatus","2012",41,43500,189,0.216931216931217
"June","Paracirrhites arcatus","2013",9,13500,276,0.0326086956521739
"June","Paracirrhites arcatus","2022",4,12000,43,0.0930232558139535
"June","Paracirrhites arcuatus","2016",2,2500,213,0.00938967136150235
"June","Paracirrhites arcuatus","2018",30,30000,182,0.164835164835165
"June","Paracirrhites arcuatus","2019",33,33000,179,0.184357541899441
"June","Paraluteres prionurus","2022",23,69000,43,0.534883720930233
"June","Paraluteres prionurus","2023",12,36000,172,0.0697674418604651
"June","Paramonacanthus filicauda","2022",4,8000,43,0.0930232558139535
"June","Paramonacanthus filicauda","2023",12,24000,172,0.0697674418604651
"June","Parapercis schuinslandi","2016",53,43000,213,0.248826291079812
"June","Parapercis schuinslandi","2018",27,40500,182,0.148351648351648
"June","Parapercis schuinslandi","2019",3,6000,179,0.0167597765363128
"June","Parupeneus cyclostomus","2012",5,20000,189,0.0264550264550265
"June","Parupeneus cyclostomus","2017",1,2500,81,0.0123456790123457
"June","Parupeneus cyclostomus","2018",1,4000,182,0.00549450549450549
"June","Parupeneus rubescens","2012",51,31000,189,0.26984126984127
"June","Parupeneus rubescens","2013",3,2250,276,0.0108695652173913
"June","Parupeneus rubescens","2016",2,1750,213,0.00938967136150235
"June","Periclimenes brevicarpalis","2012",6,6000,189,0.0317460317460317
"June","Periclimenes brevicarpalis","2013",29,25250,276,0.105072463768116
"June","Periclimenes brevicarpalis","2016",7,7000,213,0.0328638497652582
"June","Periclimenes brevicarpalis","2018",1,1500,182,0.00549450549450549
"June","Periclimenes brevicarpalis","2019",12,12000,179,0.0670391061452514
"June","Periclimenes brevicarpalis","2022",35,87000,43,0.813953488372093
"June","Periclimenes brevicarpalis","2023",1,2000,172,0.00581395348837209
"June","Pervagor Janthinosoma","2016",1,1000,213,0.00469483568075117
"June","Pervagor Janthinosoma","2018",2,2000,182,0.010989010989011
"June","Pervagor Janthinosoma","2019",40,60000,179,0.223463687150838
"June","Pervagor janthinosoma","2012",1,2000,189,0.00529100529100529
"June","Pervagor janthinosoma","2013",5,6500,276,0.0181159420289855
"June","Pervagor janthinosoma","2022",2,3000,43,0.0465116279069767
"June","Pervagor janthinosoma","2023",4,6000,172,0.0232558139534884
"June","Pervagor melanocephalus","2019",2,3000,179,0.0111731843575419
"June","Pervagor melanosoma","2022",1,4000,43,0.0232558139534884
"June","Plagiotremus laudandus","2012",7,10000,189,0.037037037037037
"June","Plagiotremus laudandus","2013",6,7000,276,0.0217391304347826
"June","Plagiotremus ludandus","2016",28,28000,213,0.131455399061033
"June","Plagiotremus ludandus","2018",25,29000,182,0.137362637362637
"June","Plagiotremus ludandus","2019",30,58500,179,0.167597765363128
"June","Plagiotremus rhinorhynchos","2022",15,30000,43,0.348837209302326
"June","Platax orbicularis","2018",2,4000,182,0.010989010989011
"June","Platax pinnatus","2022",1,50000,43,0.0232558139534884
"June","Platax teira","2012",1,1500,189,0.00529100529100529
"June","Platax teira","2013",1,3000,276,0.0036231884057971
"June","Plectorhinchus chaetodonoides","2016",3,5000,213,0.0140845070422535
"June","Plectorhinchus chaetodonoides","2017",1,5000,81,0.0123456790123457
"June","Plectorhinchus chaetodonoides","2018",4,17500,182,0.021978021978022
"June","Plectorhinchus chaetodonoides","2019",8,22000,179,0.0446927374301676
"June","Plectorhinchus chaetodonoides","2022",17,179000,43,0.395348837209302
"June","Plectorhinchus chaetodonoides","2023",5,7500,172,0.0290697674418605
"June","Plectorhinchus diagrammus","2012",2,3000,189,0.0105820105820106
"June","Plectorhinchus diagrammus","2013",53,55000,276,0.192028985507246
"June","Plectorhinchus diagrammus","2022",2,8000,43,0.0465116279069767
"June","Plectorhinchus diagrammus","2023",2,1004.5,172,0.0116279069767442
"June","Plectorhinchus orientalis","2012",5,11000,189,0.0264550264550265
"June","Plectorhinchus orientalis","2016",9,16000,213,0.0422535211267606
"June","Plectorhinchus orientalis","2017",12,24500,81,0.148148148148148
"June","Plectorhinchus orientalis","2018",16,38000,182,0.0879120879120879
"June","Plectorhinchus orientalis","2019",20,50000,179,0.111731843575419
"June","Plectorhinchus orientalis","2022",10,45641.5094339623,43,0.232558139534884
"June","Plectorhinchus orientalis","2023",43,57390.6666666668,172,0.25
"June","Plectorhinchus pictus","2012",1,4000,189,0.00529100529100529
"June","Plectorhinchus pictus","2013",10,20000,276,0.036231884057971
"June","Plectorhincus diagrammus","2018",7,10500,182,0.0384615384615385
"June","Plectorhincus diagrammus","2019",14,20500,179,0.0782122905027933
"June","Pomacanthus Imperator","2016",26,477000,213,0.122065727699531
"June","Pomacanthus Imperator","2018",16,413500,182,0.0879120879120879
"June","Pomacanthus Imperator","2019",34,1005000,179,0.189944134078212
"June","Pomacanthus annularis","2023",25,3e+05,172,0.145348837209302
"June","Pomacanthus imperator","2012",54,838500,189,0.285714285714286
"June","Pomacanthus imperator","2013",36,589500,276,0.130434782608696
"June","Pomacanthus imperator","2022",2,65000,43,0.0465116279069767
"June","Pomacanthus imperator","2023",20,596750,172,0.116279069767442
"June","Pomacanthus semicirculatus","2012",2,8000,189,0.0105820105820106
"June","Pomacanthus semicirculatus","2022",13,260000,43,0.302325581395349
"June","Pomacentrus auriventris","2016",589,372000,213,2.76525821596244
"June","Pomacentrus auriventris","2017",341,443500,81,4.20987654320988
"June","Pomacentrus auriventris","2018",325,262500,182,1.78571428571429
"June","Pomacentrus auriventris","2019",301,225750,179,1.68156424581006
"June","Pomacentrus auriventris","2023",89,133500,172,0.517441860465116
"June","Pomacentrus bankanensis","2012",74,74000,189,0.391534391534392
"June","Pomacentrus bankanensis","2013",121,121000,276,0.438405797101449
"June","Pomacentrus bankanensis","2016",108,162000,213,0.507042253521127
"June","Pomacentrus bankanensis","2017",14,21000,81,0.172839506172839
"June","Pomacentrus bankanensis","2018",91,131000,182,0.5
"June","Pomacentrus bankanensis","2022",64,96000,43,1.48837209302326
"June","Pomacentrus bankanensis","2023",113,169500,172,0.656976744186046
"June","Pomacentrus coelestis","2023",99,74250,172,0.575581395348837
"June","Pomacentrus moluccensis","2016",83,124500,213,0.389671361502347
"June","Pomacentrus moluccensis","2018",1,1500,182,0.00549450549450549
"June","Pomacentrus moluccensis","2022",9,13500,43,0.209302325581395
"June","Pomacentrus moluccensis","2023",3,4500,172,0.0174418604651163
"June","Pomacentrus pavo","2019",50,37500,179,0.279329608938547
"June","Pomacentrus smithi","2018",66,66000,182,0.362637362637363
"June","Pomacentrus smithi","2019",23,23000,179,0.128491620111732
"June","Premnas biaculeatus","2022",2,6000,43,0.0465116279069767
"June","Pseudanthias cooperi","2013",231,245250,276,0.83695652173913
"June","Pseudanthias dispar","2012",1902,1539750,189,10.0634920634921
"June","Pseudanthias dispar","2013",807,902000,276,2.92391304347826
"June","Pseudanthias dispar","2016",1979,3214000,213,9.29107981220657
"June","Pseudanthias dispar","2017",1166,2332000,81,14.3950617283951
"June","Pseudanthias dispar","2018",889,1778000,182,4.88461538461539
"June","Pseudanthias dispar","2019",359,718000,179,2.00558659217877
"June","Pseudanthias dispar","2022",320,8e+05,43,7.44186046511628
"June","Pseudanthias dispar","2023",1064,2198000,172,6.18604651162791
"June","Pseudanthias evansi","2012",44,102000,189,0.232804232804233
"June","Pseudanthias huchtii","2012",35,36500,189,0.185185185185185
"June","Pseudanthias huchtii","2016",141,113250,213,0.661971830985915
"June","Pseudanthias huchtii","2017",170,178000,81,2.09876543209877
"June","Pseudanthias huchtii","2018",84,63000,182,0.461538461538462
"June","Pseudanthias huchtii","2019",32,32000,179,0.17877094972067
"June","Pseudanthias huchtii","2022",36,76000,43,0.837209302325581
"June","Pseudanthias huchtii","2023",78,64532.8980582524,172,0.453488372093023
"June","Pseudanthias hypselosoma","2012",218,189750,189,1.15343915343915
"June","Pseudanthias hypselosoma","2016",688,697250,213,3.23004694835681
"June","Pseudanthias hypselosoma","2017",113,143500,81,1.39506172839506
"June","Pseudanthias hypselosoma","2018",155,230500,182,0.851648351648352
"June","Pseudanthias hypselosoma","2019",106,187000,179,0.592178770949721
"June","Pseudanthias hypselosoma","2022",1,5000,43,0.0232558139534884
"June","Pseudanthias hypselosoma","2023",10,50000,172,0.0581395348837209
"June","Pseudanthias luzonensis","2012",2,4000,189,0.0105820105820106
"June","Pseudanthias pleurotaenia","2016",11,26500,213,0.0516431924882629
"June","Pseudanthias pleurotaenia","2018",10,27500,182,0.0549450549450549
"June","Pseudanthias pleurotaenia","2019",15,35000,179,0.0837988826815642
"June","Pseudanthias rubrizonatus","2022",5,37500,43,0.116279069767442
"June","Pseudanthias squamipinnis","2022",80,2e+05,43,1.86046511627907
"June","Pseudanthias squamipinnis","2023",426,224924.025,172,2.47674418604651
"June","Pseudanthias tuka","2013",109,323000,276,0.394927536231884
"June","Pseudanthias tuka","2017",5,20000,81,0.0617283950617284
"June","Pseudechidna brummeri","2022",1,7000,43,0.0232558139534884
"June","Pseudocheilinus Octotaenia","2018",1,2500,182,0.00549450549450549
"June","Pseudocheilinus evanidus","2012",50,49750,189,0.264550264550265
"June","Pseudocheilinus evanidus","2013",19,43000,276,0.0688405797101449
"June","Pseudocheilinus evanidus","2016",150,142000,213,0.704225352112676
"June","Pseudocheilinus evanidus","2017",15,15000,81,0.185185185185185
"June","Pseudocheilinus evanidus","2018",196,212000,182,1.07692307692308
"June","Pseudocheilinus evanidus","2019",225,227000,179,1.25698324022346
"June","Pseudocheilinus evanidus","2022",9,11250,43,0.209302325581395
"June","Pseudocheilinus evanidus","2023",54,70000,172,0.313953488372093
"June","Pseudocheilinus hexataenia","2012",789,1429129.54248366,189,4.17460317460317
"June","Pseudocheilinus hexataenia","2013",615,1306750,276,2.22826086956522
"June","Pseudocheilinus hexataenia","2016",1236,2760000,213,5.80281690140845
"June","Pseudocheilinus hexataenia","2017",263,589000,81,3.24691358024691
"June","Pseudocheilinus hexataenia","2018",1477,3078600,182,8.11538461538461
"June","Pseudocheilinus hexataenia","2019",1485,3705000,179,8.29608938547486
"June","Pseudocheilinus hexataenia","2022",477,1651000,43,11.093023255814
"June","Pseudocheilinus hexataenia","2023",1170,3663000,172,6.80232558139535
"June","Pseudochromis paccagnellae","2012",2,3000,189,0.0105820105820106
"June","Pseudochromis paccagnellae","2013",3,3250,276,0.0108695652173913
"June","Pseudochromis paccagnellae","2016",2,2000,213,0.00938967136150235
"June","Pseudochromis paccagnellae","2017",2,2000,81,0.0246913580246914
"June","Pseudochromis paccagnellae","2018",3,3000,182,0.0164835164835165
"June","Pseudochromis paccagnellae","2019",14,14000,179,0.0782122905027933
"June","Pseudochromis paccagnellae","2022",64,224000,43,1.48837209302326
"June","Pseudocoris yamashiroi","2022",1,2000,43,0.0232558139534884
"June","Pseudocoris yamashiroi","2023",2,4000,172,0.0116279069767442
"June","Pseudorhombus cinnamoneus","2023",1,3000,172,0.00581395348837209
"June","Ptereleotris evides","2012",19,23750,189,0.100529100529101
"June","Ptereleotris evides","2016",77,174500,213,0.36150234741784
"June","Ptereleotris evides","2017",4,6000,81,0.0493827160493827
"June","Ptereleotris evides","2018",393,616500,182,2.15934065934066
"June","Ptereleotris evides","2019",99,148500,179,0.553072625698324
"June","Ptereleotris evides","2022",97,436500,43,2.25581395348837
"June","Ptereleotris evides","2023",90,190000,172,0.523255813953488
"June","Ptereleotris hanae","2012",2,3000,189,0.0105820105820106
"June","Ptereleotris heteroptera","2012",90,231750,189,0.476190476190476
"June","Ptereleotris heteroptera","2013",87,135000,276,0.315217391304348
"June","Ptereleotris heteroptera","2022",2,8000,43,0.0465116279069767
"June","Ptereleotris heteropterus","2016",125,186300,213,0.586854460093897
"June","Ptereleotris heteropterus","2017",16,24000,81,0.197530864197531
"June","Ptereleotris heteropterus","2018",115,172500,182,0.631868131868132
"June","Ptereleotris heteropterus","2019",20,40000,179,0.111731843575419
"June","Ptereleotris heteropterus","2023",6,15000,172,0.0348837209302326
"June","Ptereleotris microlepis","2016",60,60000,213,0.28169014084507
"June","Ptereleotris microlepis","2017",10,11000,81,0.123456790123457
"June","Ptereleotris microlepis","2019",8,12000,179,0.0446927374301676
"June","Ptereleotris zebra","2016",2,3000,213,0.00938967136150235
"June","Pterocaesio chrysozona","2012",92,92000,189,0.486772486772487
"June","Pterocaesio chrysozona","2016",7,21000,213,0.0328638497652582
"June","Pterocaesio chrysozona","2023",1,1500,172,0.00581395348837209
"June","Pterois antennata","2012",18,26500,189,0.0952380952380952
"June","Pterois antennata","2016",22,33500,213,0.103286384976526
"June","Pterois antennata","2017",18,34000,81,0.222222222222222
"June","Pterois antennata","2018",55,110000,182,0.302197802197802
"June","Pterois antennata","2019",78,160000,179,0.435754189944134
"June","Pterois antennata","2022",11,30500,43,0.255813953488372
"June","Pterois antennata","2023",19,35500,172,0.11046511627907
"June","Pterois radiata","2012",2,14000,189,0.0105820105820106
"June","Pterois radiata","2017",2,18000,81,0.0246913580246914
"June","Pterois radiata","2019",3,30000,179,0.0167597765363128
"June","Pterois radiata","2022",4,62500,43,0.0930232558139535
"June","Pterois radiata","2023",4,40000,172,0.0232558139534884
"June","Pterois volitans","2012",5,31000,189,0.0264550264550265
"June","Pterois volitans","2013",16,153000,276,0.0579710144927536
"June","Pterois volitans","2016",5,40000,213,0.0234741784037559
"June","Pterois volitans","2018",5,50000,182,0.0274725274725275
"June","Pterois volitans","2019",7,70000,179,0.0391061452513966
"June","Pterois volitans","2022",2,32500,43,0.0465116279069767
"June","Pterois volitans","2023",4,60000,172,0.0232558139534884
"June","Pygoplites diacanthus","2012",1,10000,189,0.00529100529100529
"June","Pygoplites diacanthus","2016",2,17000,213,0.00938967136150235
"June","Pygoplites diacanthus","2019",2,45000,179,0.0111731843575419
"June","Pygoplites diacanthus","2022",4,159687.5,43,0.0930232558139535
"June","Pygoplites diacanthus","2023",2,18028,172,0.0116279069767442
"June","Rhinchocinetes durbanensis","2016",1197,875750,213,5.61971830985915
"June","Rhinchocinetes durbanensis","2019",114,114000,179,0.636871508379888
"June","Rhinecanthus aculeatus","2023",2,14000,172,0.0116279069767442
"June","Rhinecanthus verrucosus","2016",10,10000,213,0.0469483568075117
"June","Rhinecanthus verrucosus","2019",4,4000,179,0.0223463687150838
"June","Rhinomuraena quaesita","2013",10,82000,276,0.036231884057971
"June","Rhinomuraena quaesita","2022",1,30000,43,0.0232558139534884
"June","Rhinomuraena quaesita","2023",6,90000,172,0.0348837209302326
"June","Rhinomuraena quesita","2016",6,85000,213,0.028169014084507
"June","Rhinomuraena quesita","2018",1,10000,182,0.00549450549450549
"June","Rhinomuraena quesita","2019",10,93500,179,0.0558659217877095
"June","Rhynchocinetes durbanensis","2012",836,737800,189,4.42328042328042
"June","Rhynchocinetes durbanensis","2013",275,206250,276,0.996376811594203
"June","Rhynchocinetes durbanensis","2022",6,6000,43,0.13953488372093
"June","Salarias ceramensis","2013",10,9600,276,0.036231884057971
"June","Salarias fasciatus","2012",9,9000,189,0.0476190476190476
"June","Salarias fasciatus","2016",209,214500,213,0.981220657276995
"June","Salarias fasciatus","2017",1,1000,81,0.0123456790123457
"June","Salarias fasciatus","2018",35,35000,182,0.192307692307692
"June","Salarias fasciatus","2019",31,31000,179,0.173184357541899
"June","Salarias fasciatus","2022",25,35000,43,0.581395348837209
"June","Salarias fasciatus","2023",184,196000,172,1.06976744186047
"June","Siganus corallinus","2012",1,1500,189,0.00529100529100529
"June","Siganus corallinus","2016",14,36500,213,0.0657276995305164
"June","Siganus corallinus","2018",1,2000,182,0.00549450549450549
"June","Siganus corallinus","2019",3,5000,179,0.0167597765363128
"June","Siganus corallinus","2022",4,15000,43,0.0930232558139535
"June","Siganus corallinus","2023",1,2000,172,0.00581395348837209
"June","Siganus virgatus","2016",1,3000,213,0.00469483568075117
"June","Siganus vulpinus","2019",8,25000,179,0.0446927374301676
"June","Siganus vulpinus","2022",1,6000,43,0.0232558139534884
"June","Signigobius biocellatus","2022",39,331500,43,0.906976744186046
"June","Stenopus Hispodus","2016",51,51000,213,0.23943661971831
"June","Stenopus Hispodus","2018",18,18000,182,0.0989010989010989
"June","Stenopus Hispodus","2019",23,23000,179,0.128491620111732
"June","Stenopus hispidus","2022",16,37000,43,0.372093023255814
"June","Stenopus hispidus","2023",7,7000,172,0.0406976744186047
"June","Stenopus hispodus","2012",64,69500,189,0.338624338624339
"June","Stenopus hispodus","2013",172,133000,276,0.623188405797101
"June","Stenopus tenuirostris","2022",1,10000,43,0.0232558139534884
"June","Stenopus tenuirostris","2023",2,2000,172,0.0116279069767442
"June","Stethojulis bandanensis","2016",46,48000,213,0.215962441314554
"June","Stethojulis bandanensis","2018",5,5000,182,0.0274725274725275
"June","Stethojulis bandanensis","2019",2,2000,179,0.0111731843575419
"June","Stethojulis bandanensis","2023",5,5000,172,0.0290697674418605
"June","Stonogobiops nematodes","2022",40,3e+05,43,0.930232558139535
"June","Sufflamen chrysopterus","2017",1,1000,81,0.0123456790123457
"June","Sufflamen chrysopterus","2018",1,1000,182,0.00549450549450549
"June","Sufflamen chrysopterus","2019",2,2000,179,0.0111731843575419
"June","Synchiropus ocellatus","2012",74,89000,189,0.391534391534392
"June","Synchiropus ocellatus","2013",91,122000,276,0.329710144927536
"June","Synchiropus ocellatus","2016",264,342250,213,1.23943661971831
"June","Synchiropus ocellatus","2017",6,9000,81,0.0740740740740741
"June","Synchiropus ocellatus","2018",323,323000,182,1.77472527472527
"June","Synchiropus ocellatus","2019",75,75000,179,0.418994413407821
"June","Synchiropus ocellatus","2022",103,412000,43,2.3953488372093
"June","Synchiropus ocellatus","2023",199,308500,172,1.15697674418605
"June","Synchiropus picturatus","2022",3,4500,43,0.0697674418604651
"June","Synchiropus picturatus","2023",233,349500,172,1.3546511627907
"June","Taenianotus triacanthus","2017",1,5000,81,0.0123456790123457
"June","Taenianotus triacanthus","2019",1,4000,179,0.00558659217877095
"June","Thalassoma amblycephalum","2013",3,9000,276,0.0108695652173913
"June","Thalassoma amblycephalum","2018",7,13500,182,0.0384615384615385
"June","Thalassoma amblycephalum","2022",1,3000,43,0.0232558139534884
"June","Thalassoma amblycephalum","2023",2,6000,172,0.0116279069767442
"June","Thalassoma lunare","2012",3,3000,189,0.0158730158730159
"June","Thalassoma lunare","2016",24,30500,213,0.112676056338028
"June","Thalassoma lunare","2018",9,9000,182,0.0494505494505494
"June","Thalassoma lutescens","2023",1,2000,172,0.00581395348837209
"June","Trichonotus elegans","2012",1,2000,189,0.00529100529100529
"June","Upeneus vittatus","2023",1,1000,172,0.00581395348837209
"June","Valenciennea helsdingenii","2012",167,218750,189,0.883597883597884
"June","Valenciennea helsdingenii","2016",5,7500,213,0.0234741784037559
"June","Valenciennea helsdingenii","2017",37,64500,81,0.45679012345679
"June","Valenciennea helsdingenii","2018",86,150500,182,0.472527472527473
"June","Valenciennea helsdingenii","2019",107,292000,179,0.597765363128492
"June","Valenciennea puellaris","2012",716,876250,189,3.78835978835979
"June","Valenciennea puellaris","2013",820,1316000,276,2.97101449275362
"June","Valenciennea puellaris","2016",1183,1969500,213,5.55399061032864
"June","Valenciennea puellaris","2017",665,1244000,81,8.20987654320988
"June","Valenciennea puellaris","2018",977,1744250,182,5.36813186813187
"June","Valenciennea puellaris","2019",947,1837000,179,5.29050279329609
"June","Valenciennea puellaris","2022",217,750500,43,5.04651162790698
"June","Valenciennea puellaris","2023",773,1596000,172,4.49418604651163
"June","Valenciennea sexguttata","2012",116,115456.140350877,189,0.613756613756614
"June","Valenciennea sexguttata","2013",314,316000,276,1.13768115942029
"June","Valenciennea sexguttata","2016",224,266000,213,1.05164319248826
"June","Valenciennea sexguttata","2017",197,284500,81,2.4320987654321
"June","Valenciennea sexguttata","2018",327,491000,182,1.7967032967033
"June","Valenciennea sexguttata","2019",108,159000,179,0.603351955307263
"June","Valenciennea sexguttata","2022",133,368500,43,3.09302325581395
"June","Valenciennea sexguttata","2023",86,147500,172,0.5
"June","Valenciennea strigata","2012",504,550664.450867052,189,2.66666666666667
"June","Valenciennea strigata","2013",621,906500,276,2.25
"June","Valenciennea strigata","2016",41,62800,213,0.192488262910798
"June","Valenciennea strigata","2018",380,760000,182,2.08791208791209
"June","Valenciennea strigata","2019",34,68000,179,0.189944134078212
"June","Valenciennea strigata","2022",158,589000,43,3.67441860465116
"June","Valenciennea strigata","2023",164,340000,172,0.953488372093023
"June","Variola louti","2012",2,3000,189,0.0105820105820106
"June","Variola louti","2013",4,8000,276,0.0144927536231884
"June","Variola louti","2018",1,1500,182,0.00549450549450549
"June","Variola louti","2019",18,36000,179,0.100558659217877
"June","Wetmorella nigropinnata","2016",46,48000,213,0.215962441314554
"June","Wetmorella nigropinnata","2017",13,16000,81,0.160493827160494
"June","Wetmorella nigropinnata","2018",39,46500,182,0.214285714285714
"June","Wetmorella nigropinnata","2019",81,102500,179,0.452513966480447
"June","Wetmorella nigropinnata","2023",5,5375,172,0.0290697674418605
"June","Zanclus cornutus","2012",80,127000,189,0.423280423280423
"June","Zanclus cornutus","2016",118,182500,213,0.553990610328638
"June","Zanclus cornutus","2017",14,21500,81,0.172839506172839
"June","Zanclus cornutus","2018",50,1e+05,182,0.274725274725275
"June","Zanclus cornutus","2019",65,130500,179,0.363128491620112
"June","Zanclus cornutus","2022",14,54000,43,0.325581395348837
"June","Zanclus cornutus","2023",62,124000,172,0.36046511627907
"June","Zebrasoma scopas","2012",19,32757.8616352201,189,0.100529100529101
"June","Zebrasoma scopas","2013",58,91000,276,0.210144927536232
"June","Zebrasoma scopas","2016",39,104750,213,0.183098591549296
"June","Zebrasoma scopas","2017",64,114500,81,0.790123456790123
"June","Zebrasoma scopas","2018",35,76500,182,0.192307692307692
"June","Zebrasoma scopas","2019",184,364000,179,1.02793296089385
"June","Zebrasoma scopas","2022",45,163000,43,1.04651162790698
"June","Zebrasoma scopas","2023",140,3e+05,172,0.813953488372093
"June","Zebrasoma veliferum","2013",1,7500,276,0.0036231884057971
"July","#N/A","2012",286,402450,21,13.6190476190476
"July","#N/A","2013",3137,7330349.106204,284,11.0457746478873
"July","#N/A","2015",1631,5398650,99,16.4747474747475
"July","#N/A","2017",2990,15005560.9952607,189,15.8201058201058
"July","#N/A","2023",28,141888.888888889,79,0.354430379746835
"July","Abudefduf septemfasciatus","2017",227,113500,189,1.2010582010582
"July","Acanthurus bariene","2016",59,350000,114,0.517543859649123
"July","Acanthurus bariene","2018",9,90000,141,0.0638297872340425
"July","Acanthurus bariene","2019",7,55000,101,0.0693069306930693
"July","Acanthurus bariene","2023",5,50000,79,0.0632911392405063
"July","Acanthurus chronixis","2013",30,75500,284,0.105633802816901
"July","Acanthurus chronixis","2022",2,12000,12,0.166666666666667
"July","Acanthurus chronixis","2023",7,42000,79,0.0886075949367089
"July","Acanthurus grammoptilus","2013",18,18000,284,0.0633802816901408
"July","Acanthurus leucoheilus","2015",20,92500,99,0.202020202020202
"July","Acanthurus leucoheilus","2016",15,53500,114,0.131578947368421
"July","Acanthurus leucoheilus","2018",5,19000,141,0.0354609929078014
"July","Acanthurus leucoheilus","2019",2,10000,101,0.0198019801980198
"July","Acanthurus leucoheilus","2023",1,4500,79,0.0126582278481013
"July","Acanthurus lineatus","2012",32,45000,21,1.52380952380952
"July","Acanthurus lineatus","2013",761,1924229.47080292,284,2.67957746478873
"July","Acanthurus lineatus","2015",392,682500,99,3.95959595959596
"July","Acanthurus lineatus","2016",477,1471250,114,4.18421052631579
"July","Acanthurus lineatus","2017",102,385136.574074074,189,0.53968253968254
"July","Acanthurus lineatus","2018",228,685000,141,1.61702127659574
"July","Acanthurus lineatus","2019",106,348000,101,1.04950495049505
"July","Acanthurus lineatus","2022",2,9000,12,0.166666666666667
"July","Acanthurus lineatus","2023",33,134000,79,0.417721518987342
"July","Acanthurus maculiceps","2015",9,180000,99,0.0909090909090909
"July","Acanthurus maculiceps","2016",41,866000,114,0.359649122807018
"July","Acanthurus maculiceps","2018",1,10000,141,0.00709219858156028
"July","Acanthurus nigricans","2015",5,53500,99,0.0505050505050505
"July","Acanthurus nigricans","2016",18,177000,114,0.157894736842105
"July","Acanthurus nigricans","2017",11,132500,189,0.0582010582010582
"July","Acanthurus nigricans","2018",7,87500,141,0.049645390070922
"July","Acanthurus nigricans","2023",4,63750,79,0.0506329113924051
"July","Acanthurus nigrofuscus","2015",12,12000,99,0.121212121212121
"July","Acanthurus nigrofuscus","2016",25,25000,114,0.219298245614035
"July","Acanthurus nigrofuscus","2017",1,1000,189,0.00529100529100529
"July","Acanthurus nigrofuscus","2018",9,9000,141,0.0638297872340425
"July","Acanthurus nigrofuscus","2019",6,6000,101,0.0594059405940594
"July","Acanthurus nigrofuscus","2023",8,10000,79,0.10126582278481
"July","Acanthurus nigroris","2015",34,62000,99,0.343434343434343
"July","Acanthurus nigroris","2016",33,61000,114,0.289473684210526
"July","Acanthurus nigroris","2017",62,106508.474576271,189,0.328042328042328
"July","Acanthurus nigroris","2018",46,56000,141,0.326241134751773
"July","Acanthurus nigroris","2019",54,56000,101,0.534653465346535
"July","Acanthurus nigroris","2023",37,55500,79,0.468354430379747
"July","Acanthurus olivaceus","2012",13,10500,21,0.619047619047619
"July","Acanthurus olivaceus","2013",102,499189.534883721,284,0.359154929577465
"July","Acanthurus olivaceus","2015",53,271000,99,0.535353535353535
"July","Acanthurus olivaceus","2016",106,572000,114,0.929824561403509
"July","Acanthurus olivaceus","2017",9,41175,189,0.0476190476190476
"July","Acanthurus olivaceus","2018",23,1e+05,141,0.163120567375887
"July","Acanthurus olivaceus","2019",8,18000,101,0.0792079207920792
"July","Acanthurus olivaceus","2022",17,194000,12,1.41666666666667
"July","Acanthurus olivaceus","2023",5,28000,79,0.0632911392405063
"July","Acanthurus pyroferus","2013",12,100177.5,284,0.0422535211267606
"July","Acanthurus pyroferus","2015",15,46500,99,0.151515151515152
"July","Acanthurus pyroferus","2016",71,199500,114,0.62280701754386
"July","Acanthurus pyroferus","2017",20,58662.0689655172,189,0.105820105820106
"July","Acanthurus pyroferus","2018",64,173000,141,0.453900709219858
"July","Acanthurus pyroferus","2019",71,177000,101,0.702970297029703
"July","Acanthurus pyroferus","2023",15,210000,79,0.189873417721519
"July","Acanthurus triostegus","2015",24,30500,99,0.242424242424242
"July","Acanthurus triostegus","2016",11,14250,114,0.0964912280701754
"July","Acanthurus triostegus","2017",2,3378.37837837838,189,0.0105820105820106
"July","Acanthurus triostegus","2018",13,19500,141,0.0921985815602837
"July","Acanthurus triostegus","2019",5,9500,101,0.0495049504950495
"July","Acanthurus triostegus","2023",38,62000,79,0.481012658227848
"July","Acanthurus tristris","2015",2,3500,99,0.0202020202020202
"July","Acanthurus tristris","2016",11,52000,114,0.0964912280701754
"July","Acanthurus tristris","2017",2,10314.8148148148,189,0.0105820105820106
"July","Acanthurus tristris","2018",2,6000,141,0.0141843971631206
"July","Acanthurus tristris","2023",9,25000,79,0.113924050632911
"July","Acanthurus tritis","2022",1,6000,12,0.0833333333333333
"July","Acanthurus xanthopterus","2016",13,59000,114,0.114035087719298
"July","Acanthurus xanthopterus","2018",29,145000,141,0.205673758865248
"July","Acanthurus xanthopterus","2019",2,10000,101,0.0198019801980198
"July","Acanthurus xanthopterus","2023",5,25000,79,0.0632911392405063
"July","Acreichthys radiatus","2013",1,5000,284,0.00352112676056338
"July","Amblycirrhitus pinos","2012",4,2400,21,0.19047619047619
"July","Amblycirrhitus pinos","2013",58,73765.1098901099,284,0.204225352112676
"July","Amblyeleotris aurora","2013",11,27500,284,0.0387323943661972
"July","Amblyeleotris steinitzi","2016",9,22500,114,0.0789473684210526
"July","Amblyeleotris steinitzi","2017",1,2500,189,0.00529100529100529
"July","Amblyeleotris wheeleri","2016",4,12000,114,0.0350877192982456
"July","Amblyeleotris wheeleri","2017",1,2500,189,0.00529100529100529
"July","Amblyeteleotris gymnocephala","2013",16,40000,284,0.0563380281690141
"July","Amblygobius rainfordi","2017",6,6000,189,0.0317460317460317
"July","Amblygobius rainfordi","2018",3,3000,141,0.0212765957446809
"July","Amblygobius rainfordi","2019",15,15000,101,0.148514851485149
"July","Amphiprion clarkii","2015",100,172500,99,1.01010101010101
"July","Amphiprion clarkii","2016",76,157650,114,0.666666666666667
"July","Amphiprion clarkii","2017",142,344270.98540146,189,0.751322751322751
"July","Amphiprion clarkii","2018",106,273750,141,0.75177304964539
"July","Amphiprion clarkii","2019",42,70000,101,0.415841584158416
"July","Amphiprion clarkii","2022",1,4000,12,0.0833333333333333
"July","Amphiprion clarkii","2023",17,42000,79,0.215189873417722
"July","Amphiprion frenatus","2017",6,18000,189,0.0317460317460317
"July","Amphiprion frenatus","2018",6,18000,141,0.0425531914893617
"July","Amphiprion ocellaris","2015",6,11000,99,0.0606060606060606
"July","Amphiprion ocellaris","2016",15,32500,114,0.131578947368421
"July","Amphiprion ocellaris","2017",20,47000,189,0.105820105820106
"July","Amphiprion ocellaris","2018",49,118500,141,0.347517730496454
"July","Amphiprion ocellaris","2022",3,6000,12,0.25
"July","Amphiprion ocellaris","2023",1,2500,79,0.0126582278481013
"July","Amphiprion perideraion","2022",1,2500,12,0.0833333333333333
"July","Amphiprion perideraion","2023",1,2500,79,0.0126582278481013
"July","Amphiprion polymnus","2023",3,6000,79,0.0379746835443038
"July","Amphiprion sandaracinos","2016",21,38000,114,0.184210526315789
"July","Amphiprion sandaracinos","2018",8,15000,141,0.0567375886524823
"July","Amphiprion sandaracinos","2019",7,12500,101,0.0693069306930693
"July","Amphiprion sandaracinos","2023",1,3000,79,0.0126582278481013
"July","Anampses caeruleopunctatus","2015",5,7000,99,0.0505050505050505
"July","Anampses caeruleopunctatus","2018",1,1000,141,0.00709219858156028
"July","Anampses caeruleopunctatus","2023",6,8500,79,0.0759493670886076
"July","Anampses melanurus","2017",1,3500,189,0.00529100529100529
"July","Anampses melanurus","2018",2,5500,141,0.0141843971631206
"July","Anampses melanurus","2023",12,114000,79,0.151898734177215
"July","Anampses meleagrides","2013",6,37500,284,0.0211267605633803
"July","Anampses meleagrides","2015",4,31000,99,0.0404040404040404
"July","Anampses meleagrides","2016",2,13000,114,0.0175438596491228
"July","Anampses meleagrides","2017",2,20000,189,0.0105820105820106
"July","Anampses meleagrides","2018",2,20000,141,0.0141843971631206
"July","Anampses meleagrides","2019",1,4000,101,0.0099009900990099
"July","Anampses meleagrides","2023",6,57000,79,0.0759493670886076
"July","Ancanthurus pyroferus","2018",2,27000,141,0.0141843971631206
"July","Ancanthurus pyroferus","2019",3,30000,101,0.0297029702970297
"July","Apolemichthys trimaculatus","2013",4,60000,284,0.0140845070422535
"July","Apolemichthys trimaculatus","2017",1,25000,189,0.00529100529100529
"July","Apolemichthys trimaculatus","2018",3,40000,141,0.0212765957446809
"July","Apolemichthys trimaculatus","2019",1,2000,101,0.0099009900990099
"July","Arothron meleagris","2013",47,109416.28959276,284,0.165492957746479
"July","Arothron meleagris","2015",5,11750,99,0.0505050505050505
"July","Arothron meleagris","2016",18,39000,114,0.157894736842105
"July","Arothron meleagris","2017",52,119047.297297297,189,0.275132275132275
"July","Arothron meleagris","2018",13,39000,141,0.0921985815602837
"July","Arothron meleagris","2019",12,32500,101,0.118811881188119
"July","Arothron nigropunctatus","2023",28,70000,79,0.354430379746835
"July","Atrosalarias fuscus","2015",3,3000,99,0.0303030303030303
"July","Atrosalarias fuscus","2016",6,6000,114,0.0526315789473684
"July","Atrosalarias fuscus","2017",27,27012.1951219512,189,0.142857142857143
"July","Atrosalarias fuscus","2018",27,27500,141,0.191489361702128
"July","Atrosalarias fuscus","2019",20,20000,101,0.198019801980198
"July","Atrosalarias fuscus","2022",1,2500,12,0.0833333333333333
"July","Balistapus undulatus","2013",1,2500,284,0.00352112676056338
"July","Balistoides conspicillum","2016",1,60000,114,0.0087719298245614
"July","Bodianus axillaris","2018",3,21000,141,0.0212765957446809
"July","Bodianus axillaris","2019",1,5000,101,0.0099009900990099
"July","Bodianus bilunulatus","2013",2,10000,284,0.00704225352112676
"July","Bodianus bilunulatus","2015",1,2500,99,0.0101010101010101
"July","Bodianus bilunulatus","2017",1,7500,189,0.00529100529100529
"July","Bodianus bilunulatus","2018",1,7500,141,0.00709219858156028
"July","Bodianus bimaculatus","2013",22,78000,284,0.0774647887323944
"July","Bodianus bimaculatus","2016",16,70000,114,0.140350877192982
"July","Bodianus bimaculatus","2018",15,75000,141,0.106382978723404
"July","Bodianus bimaculatus","2019",5,25000,101,0.0495049504950495
"July","Bodianus diana","2015",72,159000,99,0.727272727272727
"July","Bodianus diana","2016",42,83000,114,0.368421052631579
"July","Bodianus diana","2017",62,125569.881889764,189,0.328042328042328
"July","Bodianus diana","2018",66,138500,141,0.468085106382979
"July","Bodianus diana","2019",44,88000,101,0.435643564356436
"July","Bodianus diana","2023",17,24514.25,79,0.215189873417722
"July","Bodianus mesothorax","2015",16,35500,99,0.161616161616162
"July","Bodianus mesothorax","2016",29,60000,114,0.254385964912281
"July","Bodianus mesothorax","2017",5,13000,189,0.0264550264550265
"July","Bodianus mesothorax","2018",29,65000,141,0.205673758865248
"July","Bodianus mesothorax","2019",30,60000,101,0.297029702970297
"July","Bodianus mesothorax","2022",3,9000,12,0.25
"July","Bodianus mesothorax","2023",37,81277.6451612903,79,0.468354430379747
"July","Caesio teres","2023",6,90000,79,0.0759493670886076
"July","Calcinus elegans","2023",524,2609142.85714286,79,6.63291139240506
"July","Canthigaster solandri","2022",2,6000,12,0.166666666666667
"July","Canthigaster solandri","2023",10,24000,79,0.126582278481013
"July","Canthigaster valentini","2015",35,68000,99,0.353535353535354
"July","Canthigaster valentini","2016",33,82500,114,0.289473684210526
"July","Canthigaster valentini","2017",47,92950.3475177305,189,0.248677248677249
"July","Canthigaster valentini","2018",63,100500,141,0.446808510638298
"July","Canthigaster valentini","2019",45,45000,101,0.445544554455446
"July","Canthigaster valentini","2022",12,36000,12,1
"July","Canthigaster valentini","2023",30,81000,79,0.379746835443038
"July","Centropyge bicolor","2013",99,342710,284,0.348591549295775
"July","Centropyge bicolor","2015",36,139500,99,0.363636363636364
"July","Centropyge bicolor","2016",86,263750,114,0.754385964912281
"July","Centropyge bicolor","2017",28,112500,189,0.148148148148148
"July","Centropyge bicolor","2018",23,77000,141,0.163120567375887
"July","Centropyge bicolor","2019",74,219500,101,0.732673267326733
"July","Centropyge bicolor","2022",11,68000,12,0.916666666666667
"July","Centropyge bicolor","2023",46,156000,79,0.582278481012658
"July","Centropyge eibli","2015",14,52000,99,0.141414141414141
"July","Centropyge eibli","2016",10,42000,114,0.087719298245614
"July","Centropyge eibli","2017",30,131577.127659574,189,0.158730158730159
"July","Centropyge eibli","2018",26,130000,141,0.184397163120567
"July","Centropyge eibli","2019",32,152500,101,0.316831683168317
"July","Centropyge eibli","2022",2,14000,12,0.166666666666667
"July","Centropyge eibli","2023",23,111000,79,0.291139240506329
"July","Centropyge flavicauda","2013",1,1500,284,0.00352112676056338
"July","Centropyge nox","2015",1,2000,99,0.0101010101010101
"July","Centropyge nox","2016",9,18000,114,0.0789473684210526
"July","Centropyge nox","2019",3,7500,101,0.0297029702970297
"July","Centropyge nox","2023",6,12000,79,0.0759493670886076
"July","Centropyge tibicen","2012",1,1500,21,0.0476190476190476
"July","Centropyge tibicen","2013",7,13500,284,0.0246478873239437
"July","Centropyge tibicen","2015",7,16000,99,0.0707070707070707
"July","Centropyge tibicen","2016",8,16500,114,0.0701754385964912
"July","Centropyge tibicen","2017",8,20000,189,0.0423280423280423
"July","Centropyge tibicen","2018",14,42000,141,0.099290780141844
"July","Centropyge tibicen","2019",22,52000,101,0.217821782178218
"July","Centropyge tibicen","2022",3,12000,12,0.25
"July","Centropyge tibicen","2023",3,12000,79,0.0379746835443038
"July","Centropyge vroliki","2015",29,60500,99,0.292929292929293
"July","Centropyge vroliki","2016",4,6000,114,0.0350877192982456
"July","Centropyge vroliki","2017",19,33000,189,0.100529100529101
"July","Centropyge vroliki","2018",43,47500,141,0.304964539007092
"July","Centropyge vroliki","2019",87,132500,101,0.861386138613861
"July","Centropyge vroliki","2022",8,24000,12,0.666666666666667
"July","Centropyge vroliki","2023",30,76000,79,0.379746835443038
"July","Cephalopholis miniata","2017",2,6363.63636363636,189,0.0105820105820106
"July","Cephalopholis miniata","2018",2,6000,141,0.0141843971631206
"July","Cephalopholis miniata","2019",2,6000,101,0.0198019801980198
"July","Cetoscarus bicolor","2016",1,5000,114,0.0087719298245614
"July","Cetoscarus bicolor","2018",1,5000,141,0.00709219858156028
"July","Chaetodermis pencilligera","2015",2,12500,99,0.0202020202020202
"July","Chaetodon Sp","2023",59,88500,79,0.746835443037975
"July","Chaetodon adiergastos","2016",1,1000,114,0.0087719298245614
"July","Chaetodon adiergastos","2018",2,2000,141,0.0141843971631206
"July","Chaetodon auriga","2017",2,10000,189,0.0105820105820106
"July","Chaetodon auriga","2018",17,83000,141,0.120567375886525
"July","Chaetodon baronessa","2012",1,1000,21,0.0476190476190476
"July","Chaetodon baronessa","2013",95,111693.548387097,284,0.334507042253521
"July","Chaetodon baronessa","2015",20,33500,99,0.202020202020202
"July","Chaetodon baronessa","2016",9,22500,114,0.0789473684210526
"July","Chaetodon baronessa","2017",15,42000,189,0.0793650793650794
"July","Chaetodon baronessa","2018",41,62000,141,0.290780141843972
"July","Chaetodon baronessa","2019",39,39000,101,0.386138613861386
"July","Chaetodon baronessa","2022",24,72000,12,2
"July","Chaetodon bennetti","2015",2,5000,99,0.0202020202020202
"July","Chaetodon bennetti","2017",6,30000,189,0.0317460317460317
"July","Chaetodon bennetti","2018",6,30000,141,0.0425531914893617
"July","Chaetodon citrinellus","2023",7,14000,79,0.0886075949367089
"July","Chaetodon guentheri","2023",1,5000,79,0.0126582278481013
"July","Chaetodon kleinii","2012",5,3750,21,0.238095238095238
"July","Chaetodon kleinii","2013",134,155895.348837209,284,0.471830985915493
"July","Chaetodon kleinii","2016",65,115000,114,0.570175438596491
"July","Chaetodon kleinii","2018",125,158000,141,0.886524822695035
"July","Chaetodon kleinii","2019",115,167500,101,1.13861386138614
"July","Chaetodon kleinii","2022",17,34000,12,1.41666666666667
"July","Chaetodon kleinii","2023",15,24500,79,0.189873417721519
"July","Chaetodon lunula","2013",6,29000,284,0.0211267605633803
"July","Chaetodon lunula","2018",2,10000,141,0.0141843971631206
"July","Chaetodon melannotus","2015",1,2500,99,0.0101010101010101
"July","Chaetodon melannotus","2017",1,2500,189,0.00529100529100529
"July","Chaetodon melannotus","2018",1,2500,141,0.00709219858156028
"July","Chaetodon melannotus","2023",1,4000,79,0.0126582278481013
"July","Chaetodon meyeri","2016",5,16000,114,0.043859649122807
"July","Chaetodon meyeri","2017",3,22184.2105263158,189,0.0158730158730159
"July","Chaetodon meyeri","2019",1,4000,101,0.0099009900990099
"July","Chaetodon ornatissimus","2023",1,6000,79,0.0126582278481013
"July","Chaetodon punctatofasciatus","2023",1,6000,79,0.0126582278481013
"July","Chaetodon rafflesi","2023",1,6000,79,0.0126582278481013
"July","Chaetodon speculum","2023",1,4000,79,0.0126582278481013
"July","Chaetodon trifascialis","2017",4,14500,189,0.0211640211640212
"July","Chaetodon trifascialis","2018",1,4000,141,0.00709219858156028
"July","Chaetodon trifascialis","2022",3,15000,12,0.25
"July","Chaetodon trifasciatus","2013",45,44074.2574257426,284,0.158450704225352
"July","Chaetodon trifasciatus","2015",4,5500,99,0.0404040404040404
"July","Chaetodon trifasciatus","2017",17,42500,189,0.0899470899470899
"July","Chaetodon trifasciatus","2018",15,27000,141,0.106382978723404
"July","Chaetodon trifasciatus","2019",5,5000,101,0.0495049504950495
"July","Chaetodon trifasciatus","2022",7,21000,12,0.583333333333333
"July","Chaetodon trifasciatus","2023",2,6000,79,0.0253164556962025
"July","Chaetodon ulietensis","2023",1,7500,79,0.0126582278481013
"July","Chaetodon vagabundus","2022",2,5000,12,0.166666666666667
"July","Chaetodon vagabundus","2023",4,10000,79,0.0506329113924051
"July","Cheilinus fasciatus","2016",2,2000,114,0.0175438596491228
"July","Cheilinus fasciatus","2018",1,1000,141,0.00709219858156028
"July","Cheilinus fasciatus","2023",1,2500,79,0.0126582278481013
"July","Chirrhilabrus cyanopleura","2016",268,207150,114,2.35087719298246
"July","Chirrhilabrus cyanopleura","2018",52,95000,141,0.368794326241135
"July","Chirrhilabrus cyanopleura","2019",22,22000,101,0.217821782178218
"July","Chromis lineata","2022",147,294000,12,12.25
"July","Chromis lineata","2023",120,240000,79,1.51898734177215
"July","Chromis margaritifer","2012",92,46000,21,4.38095238095238
"July","Chromis margaritifer","2013",241,206718.811881188,284,0.848591549295775
"July","Chromis margaritifer","2015",112,129600,99,1.13131313131313
"July","Chromis margaritifer","2016",138,176600,114,1.21052631578947
"July","Chromis margaritifer","2017",680,564000,189,3.5978835978836
"July","Chromis margaritifer","2018",649,537750,141,4.60283687943262
"July","Chromis margaritifer","2019",148,148000,101,1.46534653465347
"July","Chromis margaritifer","2022",127,190500,12,10.5833333333333
"July","Chromis margaritifer","2023",283,328375,79,3.58227848101266
"July","Chromis retrofasciata","2015",10,5000,99,0.101010101010101
"July","Chromis retrofasciata","2016",96,120600,114,0.842105263157895
"July","Chromis retrofasciata","2018",75,71250,141,0.531914893617021
"July","Chromis retrofasciata","2019",215,215000,101,2.12871287128713
"July","Chromis retrofasciata","2022",110,165000,12,9.16666666666667
"July","Chromis retrofasciata","2023",131,196500,79,1.65822784810127
"July","Chromis viridis","2013",3382,2100700,284,11.9084507042254
"July","Chromis viridis","2015",643,593800,99,6.49494949494949
"July","Chromis viridis","2016",650,9e+05,114,5.70175438596491
"July","Chromis viridis","2017",960,1440000,189,5.07936507936508
"July","Chromis viridis","2018",600,9e+05,141,4.25531914893617
"July","Chromis viridis","2022",1100,1650000,12,91.6666666666667
"July","Chromis viridis","2023",2805,3402460.88541667,79,35.5063291139241
"July","Chromis weberi","2013",1020,637900,284,3.59154929577465
"July","Chrysiptera talboti","2013",437,300200,284,1.5387323943662
"July","Chrysiptera talboti","2015",343,287050,99,3.46464646464646
"July","Chrysiptera talboti","2016",646,444400,114,5.66666666666667
"July","Chrysiptera talboti","2017",1410,959700,189,7.46031746031746
"July","Chrysiptera talboti","2018",977,808500,141,6.9290780141844
"July","Chrysiptera talboti","2019",963,963000,101,9.53465346534654
"July","Chrysiptera talboti","2022",244,366000,12,20.3333333333333
"July","Chrysiptera talboti","2023",452,526000,79,5.72151898734177
"July","Cirrhilabrus cyanopleura","2012",8,4800,21,0.380952380952381
"July","Cirrhilabrus cyanopleura","2013",262,303850,284,0.922535211267606
"July","Cirrhilabrus cyanopleura","2022",56,112000,12,4.66666666666667
"July","Cirrhilabrus cyanopleura","2023",17,20000,79,0.215189873417722
"July","Cirrhilabrus exquisitus","2012",1,1000,21,0.0476190476190476
"July","Cirrhilabrus exquisitus","2013",2,2500,284,0.00704225352112676
"July","Cirrhilabrus exquisitus","2016",22,54500,114,0.192982456140351
"July","Cirrhilabrus exquisitus","2018",11,27000,141,0.0780141843971631
"July","Cirrhilabrus exquisitus","2019",15,30000,101,0.148514851485149
"July","Cirrhilabrus filamentosus","2015",16,58000,99,0.161616161616162
"July","Cirrhilabrus filamentosus","2016",13,42000,114,0.114035087719298
"July","Cirrhilabrus filamentosus","2017",3,9750,189,0.0158730158730159
"July","Cirrhilabrus filamentosus","2018",2,8000,141,0.0141843971631206
"July","Cirrhilabrus filamentosus","2022",13,65000,12,1.08333333333333
"July","Cirrhilabrus lubbocki","2015",2,3000,99,0.0202020202020202
"July","Cirrhilabrus lubbocki","2016",36,39000,114,0.315789473684211
"July","Cirrhilabrus lubbocki","2017",1,1000,189,0.00529100529100529
"July","Cirrhilabrus lubbocki","2018",2,2000,141,0.0141843971631206
"July","Cirrhitichthys aprinus","2015",36,43500,99,0.363636363636364
"July","Cirrhitichthys aprinus","2016",24,33000,114,0.210526315789474
"July","Cirrhitichthys aprinus","2017",81,86960.8163265306,189,0.428571428571429
"July","Cirrhitichthys aprinus","2018",43,44000,141,0.304964539007092
"July","Cirrhitichthys aprinus","2019",101,103000,101,1
"July","Cirrhitichthys aprinus","2023",27,32500,79,0.341772151898734
"July","Cirrhitichthys falco","2022",4,8000,12,0.333333333333333
"July","Cirrhitichthys falco","2023",5,10000,79,0.0632911392405063
"July","Cirrhitichthys oxycephalus","2023",1,2000,79,0.0126582278481013
"July","Coris gaimard","2012",11,24750,21,0.523809523809524
"July","Coris gaimard","2013",70,160560.185185185,284,0.246478873239437
"July","Coris gaimard","2015",42,109500,99,0.424242424242424
"July","Coris gaimard","2016",48,156500,114,0.421052631578947
"July","Coris gaimard","2017",36,121072.769953052,189,0.19047619047619
"July","Coris gaimard","2018",36,135000,141,0.25531914893617
"July","Coris gaimard","2019",57,178000,101,0.564356435643564
"July","Coris gaimard","2022",5,25000,12,0.416666666666667
"July","Coris gaimard","2023",75,238000,79,0.949367088607595
"July","Coris pictoides","2013",2,2000,284,0.00704225352112676
"July","Cromileptes altivelis","2016",2,13000,114,0.0175438596491228
"July","Cryptocentrus leptocephalus","2023",2,6000,79,0.0253164556962025
"July","Ctenochaetus striatus","2022",21,63000,12,1.75
"July","Ctenochaetus striatus","2023",20,60000,79,0.253164556962025
"July","Cyprinocirrhites polyactus","2015",8,12000,99,0.0808080808080808
"July","Cyprinocirrhites polyactus","2017",24,36000,189,0.126984126984127
"July","Cyprinocirrhites polyactus","2018",10,15000,141,0.0709219858156028
"July","Cyprinocirrhites polyactus","2023",13,19500,79,0.164556962025316
"July","Dascyllus aruanus","2013",148,74000,284,0.52112676056338
"July","Dascyllus reticulatus","2015",63,78750,99,0.636363636363636
"July","Dascyllus reticulatus","2016",42,63000,114,0.368421052631579
"July","Dascyllus reticulatus","2018",94,82500,141,0.666666666666667
"July","Dascyllus reticulatus","2019",69,69000,101,0.683168316831683
"July","Dascyllus reticulatus","2022",42,63000,12,3.5
"July","Dascyllus reticulatus","2023",52,78000,79,0.658227848101266
"July","Dascyllus trimaculatus","2012",170,85000,21,8.09523809523809
"July","Dascyllus trimaculatus","2013",722,437700,284,2.54225352112676
"July","Dascyllus trimaculatus","2015",282,233250,99,2.84848484848485
"July","Dascyllus trimaculatus","2016",647,506900,114,5.67543859649123
"July","Dascyllus trimaculatus","2017",869,726800,189,4.5978835978836
"July","Dascyllus trimaculatus","2018",542,509250,141,3.84397163120567
"July","Dascyllus trimaculatus","2019",503,503000,101,4.98019801980198
"July","Dascyllus trimaculatus","2022",47,70500,12,3.91666666666667
"July","Dascyllus trimaculatus","2023",75,75000,79,0.949367088607595
"July","Dendrochirus biocellatus","2013",111,185536.144578313,284,0.390845070422535
"July","Dendrochirus biocellatus","2015",2,23000,99,0.0202020202020202
"July","Dendrochirus biocellatus","2016",6,48000,114,0.0526315789473684
"July","Dendrochirus biocellatus","2017",7,65678.5714285714,189,0.037037037037037
"July","Dendrochirus biocellatus","2018",11,110000,141,0.0780141843971631
"July","Dendrochirus biocellatus","2019",8,80000,101,0.0792079207920792
"July","Dendrochirus biocellatus","2022",1,15000,12,0.0833333333333333
"July","Dendrochirus biocellatus","2023",3,40000,79,0.0379746835443038
"July","Dendrochirus zebra","2015",13,20500,99,0.131313131313131
"July","Dendrochirus zebra","2016",4,4000,114,0.0350877192982456
"July","Dendrochirus zebra","2017",1,1000,189,0.00529100529100529
"July","Dendrochirus zebra","2018",2,2500,141,0.0141843971631206
"July","Dendrochirus zebra","2019",8,8000,101,0.0792079207920792
"July","Dendrochirus zebra","2023",5,7595.2380952381,79,0.0632911392405063
"July","Diproctacanthus xanthurus","2015",2,2000,99,0.0202020202020202
"July","Diproctacanthus xanthurus","2023",2,4000,79,0.0253164556962025
"July","Dischistodus perspicillatus","2013",15,7500,284,0.0528169014084507
"July","Dischistodus perspicillatus","2016",25,12500,114,0.219298245614035
"July","Dischistodus perspicillatus","2018",48,36000,141,0.340425531914894
"July","Dischistodus perspicillatus","2019",349,349000,101,3.45544554455446
"July","Doryrhamphus dactyliophorus","2013",3,5500,284,0.0105633802816901
"July","Doryrhamphus dactyliophorus","2015",6,10000,99,0.0606060606060606
"July","Doryrhamphus dactyliophorus","2016",3,6500,114,0.0263157894736842
"July","Doryrhamphus dactyliophorus","2017",3,5500,189,0.0158730158730159
"July","Doryrhamphus dactyliophorus","2018",5,10000,141,0.0354609929078014
"July","Doryrhamphus dactyliophorus","2023",4,8000,79,0.0506329113924051
"July","Doryrhamphus excisus excisus","2013",1,3000,284,0.00352112676056338
"July","Doryrhamphus janssii","2016",1,4000,114,0.0087719298245614
"July","Doryrhamphus janssii","2017",2,3000,189,0.0105820105820106
"July","Doryrhamphus janssii","2018",1,3000,141,0.00709219858156028
"July","Echidna polyzona","2016",1,10000,114,0.0087719298245614
"July","Echidna polyzona","2017",1,10000,189,0.00529100529100529
"July","Echidna polyzona","2019",3,45000,101,0.0297029702970297
"July","Ecsenius bicolor","2015",167,309500,99,1.68686868686869
"July","Ecsenius bicolor","2016",141,298500,114,1.23684210526316
"July","Ecsenius bicolor","2017",131,275398.372093023,189,0.693121693121693
"July","Ecsenius bicolor","2018",102,224000,141,0.723404255319149
"July","Ecsenius bicolor","2019",36,56500,101,0.356435643564356
"July","Ecsenius bicolor","2022",33,99000,12,2.75
"July","Ecsenius bicolor","2023",13,30000,79,0.164556962025316
"July","Ecsenius midas","2013",2,5000,284,0.00704225352112676
"July","Ecsenius midas","2018",3,7000,141,0.0212765957446809
"July","Ecsenius namiyei","2013",18,31000,284,0.0633802816901408
"July","Enoplometopus occedentalis","2016",1,3000,114,0.0087719298245614
"July","Enoplometopus occidentalis","2013",3,3000,284,0.0105633802816901
"July","Exallias brevis","2015",1,2000,99,0.0101010101010101
"July","Exallias brevis","2019",1,3000,101,0.0099009900990099
"July","Exallias brevis","2023",7,18000,79,0.0886075949367089
"July","Forcipiger flavissimus","2012",1,7000,21,0.0476190476190476
"July","Forcipiger flavissimus","2013",9,56000,284,0.0316901408450704
"July","Forcipiger flavissimus","2015",3,21000,99,0.0303030303030303
"July","Forcipiger flavissimus","2016",4,28000,114,0.0350877192982456
"July","Forcipiger flavissimus","2018",8,64000,141,0.0567375886524823
"July","Forcipiger flavissimus","2023",5,77500,79,0.0632911392405063
"July","Genicanthus lamarck","2018",1,10000,141,0.00709219858156028
"July","Gomphosus varius","2012",1,7000,21,0.0476190476190476
"July","Gomphosus varius","2017",8,13790.3225806452,189,0.0423280423280423
"July","Gomphosus varius","2018",7,14000,141,0.049645390070922
"July","Gomphosus varius","2019",5,10000,101,0.0495049504950495
"July","Gomphosus varius","2023",2,13548.0454545455,79,0.0253164556962025
"July","Gymnomuraena zebra","2013",2,20000,284,0.00704225352112676
"July","Gymnomuraena zebra","2018",1,15000,141,0.00709219858156028
"July","Halichoeres argus","2023",3,3000,79,0.0379746835443038
"July","Halichoeres biocellatus","2022",3,9000,12,0.25
"July","Halichoeres biocellatus","2023",3,9000,79,0.0379746835443038
"July","Halichoeres chrysus","2012",256,307200,21,12.1904761904762
"July","Halichoeres chrysus","2013",667,1003500,284,2.34859154929577
"July","Halichoeres chrysus","2015",734,1190000,99,7.41414141414141
"July","Halichoeres chrysus","2016",674,1247750,114,5.91228070175439
"July","Halichoeres chrysus","2017",668,1302535.0877193,189,3.53439153439153
"July","Halichoeres chrysus","2018",437,856000,141,3.09929078014184
"July","Halichoeres chrysus","2019",260,420000,101,2.57425742574257
"July","Halichoeres chrysus","2022",212,636000,12,17.6666666666667
"July","Halichoeres chrysus","2023",660,1609000,79,8.35443037974684
"July","Halichoeres hortulanus","2012",3,1800,21,0.142857142857143
"July","Halichoeres hortulanus","2013",68,88250.1879699248,284,0.23943661971831
"July","Halichoeres hortulanus","2015",11,15750,99,0.111111111111111
"July","Halichoeres hortulanus","2016",28,36000,114,0.245614035087719
"July","Halichoeres hortulanus","2017",68,54750,189,0.35978835978836
"July","Halichoeres hortulanus","2018",51,44000,141,0.361702127659574
"July","Halichoeres hortulanus","2019",96,96000,101,0.95049504950495
"July","Halichoeres hortulanus","2023",35,43500,79,0.443037974683544
"July","Halichoeres marginatus","2015",15,37500,99,0.151515151515152
"July","Halichoeres marginatus","2016",20,50000,114,0.175438596491228
"July","Halichoeres marginatus","2017",1,2500,189,0.00529100529100529
"July","Halichoeres marginatus","2018",1,1000,141,0.00709219858156028
"July","Halichoeres marginatus","2022",12,36000,12,1
"July","Halichoeres marginatus","2023",44,132000,79,0.556962025316456
"July","Halichoeres melanurus","2015",1,2000,99,0.0101010101010101
"July","Halichoeres melanurus","2016",24,52000,114,0.210526315789474
"July","Halichoeres melanurus","2017",73,73000,189,0.386243386243386
"July","Halichoeres melanurus","2018",51,51000,141,0.361702127659574
"July","Halichoeres melanurus","2019",39,39000,101,0.386138613861386
"July","Halichoeres melanurus","2023",1,3000,79,0.0126582278481013
"July","Halichoeres nebulosus","2013",52,130206.896551724,284,0.183098591549296
"July","Heniochus acuminatus","2012",11,19500,21,0.523809523809524
"July","Heniochus acuminatus","2013",311,2496534.56221198,284,1.09507042253521
"July","Heniochus acuminatus","2023",2,32500,79,0.0253164556962025
"July","Heniochus monoceros","2015",4,6000,99,0.0404040404040404
"July","Heniochus monoceros","2016",106,579500,114,0.929824561403509
"July","Heniochus monoceros","2017",5,47500,189,0.0264550264550265
"July","Heniochus monoceros","2018",5,20000,141,0.0354609929078014
"July","Heniochus monoceros","2019",10,52000,101,0.099009900990099
"July","Heniochus monoceros","2023",2,20000,79,0.0253164556962025
"July","Heniochus varius","2013",18,27000,284,0.0633802816901408
"July","Heniochus varius","2016",26,56000,114,0.228070175438596
"July","Heniochus varius","2017",7,11875,189,0.037037037037037
"July","Heniochus varius","2018",12,18000,141,0.0851063829787234
"July","Heniochus varius","2019",28,42500,101,0.277227722772277
"July","Heniochus varius","2023",1,4000,79,0.0126582278481013
"July","Hymenocera elegans","2023",1,10000,79,0.0126582278481013
"July","Iniistius pavo","2012",4,12000,21,0.19047619047619
"July","Iniistius pavo","2013",6,15145.2586206897,284,0.0211267605633803
"July","Iniistius pavo","2016",9,21250,114,0.0789473684210526
"July","Koumansetta rainfordi","2023",1,4000,79,0.0126582278481013
"July","Labrichthys unilineatus","2015",1,3000,99,0.0101010101010101
"July","Labrichthys unilineatus","2016",6,6000,114,0.0526315789473684
"July","Labrichthys unilineatus","2017",19,19500,189,0.100529100529101
"July","Labrichthys unilineatus","2018",3,3000,141,0.0212765957446809
"July","Labrichthys unilineatus","2019",2,2000,101,0.0198019801980198
"July","Labroides bicolor","2013",5,36500,284,0.0176056338028169
"July","Labroides bicolor","2015",5,44000,99,0.0505050505050505
"July","Labroides bicolor","2016",1,10000,114,0.0087719298245614
"July","Labroides bicolor","2017",9,90000,189,0.0476190476190476
"July","Labroides bicolor","2018",11,110000,141,0.0780141843971631
"July","Labroides bicolor","2019",3,24000,101,0.0297029702970297
"July","Labroides bicolor","2023",15,142527.016129032,79,0.189873417721519
"July","Labroides dimidiatus","2012",1,750,21,0.0476190476190476
"July","Labroides dimidiatus","2013",950,829270.652173913,284,3.34507042253521
"July","Labroides dimidiatus","2015",210,222000,99,2.12121212121212
"July","Labroides dimidiatus","2016",59,79000,114,0.517543859649123
"July","Labroides dimidiatus","2017",356,369966.818181818,189,1.88359788359788
"July","Labroides dimidiatus","2018",229,238000,141,1.6241134751773
"July","Labroides dimidiatus","2019",240,357000,101,2.37623762376238
"July","Labroides dimidiatus","2022",34,68000,12,2.83333333333333
"July","Labroides dimidiatus","2023",225,325998.08,79,2.84810126582278
"July","Labroides rubrolabiatus","2017",2,20000,189,0.0105820105820106
"July","Labroides rubrolabiatus","2018",2,20000,141,0.0141843971631206
"July","Labropsis alleni","2015",1,1000,99,0.0101010101010101
"July","Labropsis alleni","2016",5,5000,114,0.043859649122807
"July","Labropsis alleni","2017",12,22000,189,0.0634920634920635
"July","Labropsis alleni","2018",20,45000,141,0.141843971631206
"July","Labropsis alleni","2022",1,3000,12,0.0833333333333333
"July","Labropsis alleni","2023",1,3000,79,0.0126582278481013
"July","Lactoria cornuta","2013",1,5321.42857142857,284,0.00352112676056338
"July","Lysmata amboinensis","2012",123,480500,21,5.85714285714286
"July","Lysmata amboinensis","2013",338,1648872.75541796,284,1.19014084507042
"July","Lysmata amboinensis","2016",1041,7690500,114,9.13157894736842
"July","Lysmata amboinensis","2018",634,6387000,141,4.49645390070922
"July","Lysmata amboinensis","2019",138,1465200,101,1.36633663366337
"July","Lysmata amboinensis","2022",5,75000,12,0.416666666666667
"July","Lysmata amboinensis","2023",250,2428000,79,3.16455696202532
"July","Lysmata debelius","2013",2,12000,284,0.00704225352112676
"July","Lysmata debelius","2016",3,28000,114,0.0263157894736842
"July","Lysmata debelius","2018",2,30000,141,0.0141843971631206
"July","Lysmata debelius","2023",1,15000,79,0.0126582278481013
"July","Macolor niger","2016",5,8500,114,0.043859649122807
"July","Macolor niger","2017",5,20500,189,0.0264550264550265
"July","Macolor niger","2018",2,11000,141,0.0141843971631206
"July","Macolor niger","2019",3,15000,101,0.0297029702970297
"July","Macropharyngodon meleagris","2012",3,1800,21,0.142857142857143
"July","Macropharyngodon meleagris","2013",269,292744.736842105,284,0.947183098591549
"July","Macropharyngodon meleagris","2015",90,119000,99,0.909090909090909
"July","Macropharyngodon meleagris","2016",68,90200,114,0.596491228070175
"July","Macropharyngodon meleagris","2017",62,81272.9338842975,189,0.328042328042328
"July","Macropharyngodon meleagris","2018",162,176000,141,1.14893617021277
"July","Macropharyngodon meleagris","2019",131,131000,101,1.2970297029703
"July","Macropharyngodon meleagris","2023",70,105000,79,0.886075949367089
"July","Macropharyngodon negrosensis","2012",9,9000,21,0.428571428571429
"July","Macropharyngodon negrosensis","2013",5,7500,284,0.0176056338028169
"July","Macropharyngodon negrosensis","2015",17,24000,99,0.171717171717172
"July","Macropharyngodon negrosensis","2016",18,21500,114,0.157894736842105
"July","Macropharyngodon negrosensis","2017",7,10218.3908045977,189,0.037037037037037
"July","Macropharyngodon negrosensis","2018",32,37000,141,0.226950354609929
"July","Macropharyngodon negrosensis","2019",5,7000,101,0.0495049504950495
"July","Macropharyngodon negrosensis","2022",2,5000,12,0.166666666666667
"July","Macropharyngodon negrosensis","2023",34,43500,79,0.430379746835443
"July","Macropharyngodon ornatus","2022",6,18000,12,0.5
"July","Macropharyngodon ornatus","2023",13,39000,79,0.164556962025316
"July","Malacanthus brevirostris","2016",2,3000,114,0.0175438596491228
"July","Malacanthus brevirostris","2018",3,4500,141,0.0212765957446809
"July","Malacanthus latovittatus","2013",3,4500,284,0.0105633802816901
"July","Malacanthus latovittatus","2015",1,1500,99,0.0101010101010101
"July","Malacanthus latovittatus","2016",43,93000,114,0.37719298245614
"July","Malacanthus latovittatus","2017",1,2000,189,0.00529100529100529
"July","Malacanthus latovittatus","2018",1,2000,141,0.00709219858156028
"July","Malacanthus latovittatus","2019",5,10000,101,0.0495049504950495
"July","Meiacanthus atrodorsalis","2022",1,3000,12,0.0833333333333333
"July","Meiacanthus atrodorsalis","2023",22,66000,79,0.278481012658228
"July","Meiacanthus grammistes","2013",47,28200,284,0.165492957746479
"July","Meiacanthus grammistes","2015",10,20000,99,0.101010101010101
"July","Meiacanthus grammistes","2016",22,22000,114,0.192982456140351
"July","Meiacanthus grammistes","2017",7,8000,189,0.037037037037037
"July","Meiacanthus grammistes","2018",7,7000,141,0.049645390070922
"July","Meiacanthus grammistes","2023",61,112000,79,0.772151898734177
"July","Meiacanthus smithii","2023",2,3750,79,0.0253164556962025
"July","Melichthys vidua","2013",23,84000,284,0.0809859154929577
"July","Melichthys vidua","2016",5,25500,114,0.043859649122807
"July","Melichthys vidua","2017",4,14000,189,0.0211640211640212
"July","Melichthys vidua","2018",3,10500,141,0.0212765957446809
"July","Melichthys vidua","2019",15,52500,101,0.148514851485149
"July","Monacanthus chinensis","2015",132,158500,99,1.33333333333333
"July","Monacanthus chinensis","2016",1,2500,114,0.0087719298245614
"July","Monacanthus chinensis","2017",56,100625,189,0.296296296296296
"July","Monacanthus chinensis","2018",13,30750,141,0.0921985815602837
"July","Monacanthus chinensis","2023",16,16000,79,0.20253164556962
"July","Myripristis murdjan","2015",1,2500,99,0.0101010101010101
"July","Naso Lopezi","2023",5,15000,79,0.0632911392405063
"July","Naso elegans","2013",2,25000,284,0.00704225352112676
"July","Naso lituratus","2012",6,12000,21,0.285714285714286
"July","Naso lituratus","2013",276,1121800.39138943,284,0.971830985915493
"July","Naso lituratus","2015",62,284500,99,0.626262626262626
"July","Naso lituratus","2016",45,209500,114,0.394736842105263
"July","Naso lituratus","2017",55,310152.838427948,189,0.291005291005291
"July","Naso lituratus","2018",38,250000,141,0.269503546099291
"July","Naso lituratus","2019",30,156000,101,0.297029702970297
"July","Naso lituratus","2022",4,20000,12,0.333333333333333
"July","Naso lituratus","2023",36,149000,79,0.455696202531646
"July","Naso unicornis","2016",15,45000,114,0.131578947368421
"July","Naso unicornis","2018",34,64000,141,0.24113475177305
"July","Naso unicornis","2019",9,23000,101,0.0891089108910891
"July","Naso unicornis","2023",3,12000,79,0.0379746835443038
"July","Naso vlamingii","2023",2,14000,79,0.0253164556962025
"July","Nemateleotris magnifica","2015",2,14000,99,0.0202020202020202
"July","Nemateleotris magnifica","2017",4,40000,189,0.0211640211640212
"July","Nemateleotris magnifica","2018",4,37000,141,0.0283687943262411
"July","Nemateleotris magnifica","2019",11,88000,101,0.108910891089109
"July","Nemateleotris magnifica","2023",1,10000,79,0.0126582278481013
"July","Neoglyphidodon crossi","2013",14,14025.826446281,284,0.0492957746478873
"July","Neoglyphidodon crossi","2015",3,3000,99,0.0303030303030303
"July","Neoglyphidodon crossi","2017",1,1000,189,0.00529100529100529
"July","Neoglyphidodon crossi","2019",1,1000,101,0.0099009900990099
"July","Neoglyphidodon crossi","2023",2,2000,79,0.0253164556962025
"July","Neoglyphidodon melas","2013",28,17200,284,0.0985915492957746
"July","Neoglyphidodon melas","2015",1,1000,99,0.0101010101010101
"July","Neoglyphidodon melas","2016",3,3000,114,0.0263157894736842
"July","Neoglyphidodon nigroris","2018",7,7000,141,0.049645390070922
"July","Neoglyphidodon nigroris","2019",2,2000,101,0.0198019801980198
"July","Neoglyphidodon nigroris","2023",1,2500,79,0.0126582278481013
"July","Neoniphon argenteus","2013",2,1500,284,0.00704225352112676
"July","Neopenrolisthes maculata","2013",83,64250,284,0.292253521126761
"July","Neopenrolisthes maculata","2016",1,1500,114,0.0087719298245614
"July","Neopenrolisthes maculata","2018",5,7000,141,0.0354609929078014
"July","Neopenrolisthes maculata","2019",6,6000,101,0.0594059405940594
"July","Neopetrolisthes ohshimai","2023",1,3000,79,0.0126582278481013
"July","Novaculichthys taeniourus","2013",3,6000,284,0.0105633802816901
"July","Novaculichthys taeniourus","2017",6,19250,189,0.0317460317460317
"July","Novaculichthys taeniourus","2018",3,13000,141,0.0212765957446809
"July","Novaculichthys taeniourus","2019",3,9000,101,0.0297029702970297
"July","Novaculichthys taeniourus","2022",2,12000,12,0.166666666666667
"July","Novaculichthys taeniourus","2023",12,36000,79,0.151898734177215
"July","Odontodactylus scyllarus","2013",1,1500,284,0.00352112676056338
"July","Odontodactylus scyllarus","2016",1,2500,114,0.0087719298245614
"July","Odontodactylus scyllarus","2018",11,27500,141,0.0780141843971631
"July","Odontodactylus scyllarus","2019",19,47500,101,0.188118811881188
"July","Odonus niger","2012",5,10000,21,0.238095238095238
"July","Odonus niger","2013",48,91025.7731958763,284,0.169014084507042
"July","Odonus niger","2015",39,78000,99,0.393939393939394
"July","Odonus niger","2016",725,1233250,114,6.35964912280702
"July","Odonus niger","2017",209,360000,189,1.10582010582011
"July","Odonus niger","2018",183,349000,141,1.29787234042553
"July","Odonus niger","2019",25,60500,101,0.247524752475248
"July","Ostracion meleagris","2023",18,144000,79,0.227848101265823
"July","Ostracion solorensis","2013",6,28000,284,0.0211267605633803
"July","Ostracion solorensis","2017",12,85000,189,0.0634920634920635
"July","Ostracion solorensis","2018",61,379000,141,0.432624113475177
"July","Ostracion solorensis","2019",36,207000,101,0.356435643564356
"July","Oxycirrhites typus","2016",1,10000,114,0.0087719298245614
"July","Oxycirrhites typus","2018",1,15000,141,0.00709219858156028
"July","Oxymonacanthus longirostris","2017",1,1000,189,0.00529100529100529
"July","Oxymonacanthus longirostris","2023",2,6000,79,0.0253164556962025
"July","Paguristes species","2023",75,3e+05,79,0.949367088607595
"July","Panulirus versicolor","2013",1,1500,284,0.00352112676056338
"July","Paracanthurus hepatus","2023",3,77265.1111111112,79,0.0379746835443038
"July","Paracheilinus carpenteri","2022",16,48000,12,1.33333333333333
"July","Paracheilinus carpenteri","2023",68,102000,79,0.860759493670886
"July","Paracheilinus mccoskeri","2012",5,5000,21,0.238095238095238
"July","Paracheilinus mccoskeri","2013",386,513331.395348837,284,1.35915492957746
"July","Paracheilinus mccoskeri","2016",184,237250,114,1.6140350877193
"July","Paracheilinus mccoskeri","2018",96,136000,141,0.680851063829787
"July","Paracheilinus mccoskeri","2019",43,43000,101,0.425742574257426
"July","Paracirrhites arcatus","2013",26,38250,284,0.0915492957746479
"July","Paracirrhites arcatus","2023",5,15000,79,0.0632911392405063
"July","Paracirrhites arcuatus","2015",7,10500,99,0.0707070707070707
"July","Paracirrhites arcuatus","2016",3,3000,114,0.0263157894736842
"July","Paracirrhites arcuatus","2017",5,5000,189,0.0264550264550265
"July","Paracirrhites arcuatus","2018",19,19500,141,0.134751773049645
"July","Paracirrhites arcuatus","2019",29,31000,101,0.287128712871287
"July","Paraluteres prionurus","2022",10,30000,12,0.833333333333333
"July","Paraluteres prionurus","2023",16,48000,79,0.20253164556962
"July","Paramonacanthus filicauda","2023",1,2000,79,0.0126582278481013
"July","Parapercis schuinslandi","2016",24,24000,114,0.210526315789474
"July","Parapercis schuinslandi","2018",2,3000,141,0.0141843971631206
"July","Parapercis schuinslandi","2019",8,16000,101,0.0792079207920792
"July","Parupeneus cyclostomus","2016",2,4000,114,0.0175438596491228
"July","Parupeneus cyclostomus","2017",1,2500,189,0.00529100529100529
"July","Parupeneus multifasciatus","2022",1,2000,12,0.0833333333333333
"July","Parupeneus multifasciatus","2023",1,2000,79,0.0126582278481013
"July","Parupeneus rubescens","2013",4,3250,284,0.0140845070422535
"July","Parupeneus rubescens","2016",4,3750,114,0.0350877192982456
"July","Periclimenes brevicarpalis","2012",1,750,21,0.0476190476190476
"July","Periclimenes brevicarpalis","2013",58,44395.1048951049,284,0.204225352112676
"July","Periclimenes brevicarpalis","2016",3,3000,114,0.0263157894736842
"July","Periclimenes brevicarpalis","2018",1,1000,141,0.00709219858156028
"July","Periclimenes brevicarpalis","2019",9,9000,101,0.0891089108910891
"July","Periclimenes brevicarpalis","2023",1,2000,79,0.0126582278481013
"July","Pervagor Janthinosoma","2016",2,5000,114,0.0175438596491228
"July","Pervagor Janthinosoma","2019",26,39000,101,0.257425742574257
"July","Pervagor janthinosoma","2013",3,6660.71428571429,284,0.0105633802816901
"July","Pervagor janthinosoma","2023",5,7500,79,0.0632911392405063
"July","Plagiotremus laudandus","2013",10,10000,284,0.0352112676056338
"July","Plagiotremus ludandus","2016",6,6000,114,0.0526315789473684
"July","Plagiotremus ludandus","2018",2,2000,141,0.0141843971631206
"July","Plagiotremus ludandus","2019",96,99000,101,0.95049504950495
"July","Plagiotremus rhinorhynchos","2023",1,2000,79,0.0126582278481013
"July","Platax pinnatus","2019",1,20000,101,0.0099009900990099
"July","Platax teira","2013",2,6000,284,0.00704225352112676
"July","Plectorhinchus chaetodonoides","2015",3,4500,99,0.0303030303030303
"July","Plectorhinchus chaetodonoides","2018",8,19500,141,0.0567375886524823
"July","Plectorhinchus chaetodonoides","2019",1,2000,101,0.0099009900990099
"July","Plectorhinchus chaetodonoides","2023",3,21000,79,0.0379746835443038
"July","Plectorhinchus diagrammus","2012",2,4000,21,0.0952380952380952
"July","Plectorhinchus diagrammus","2013",11,11594.4444444444,284,0.0387323943661972
"July","Plectorhinchus orientalis","2015",7,12000,99,0.0707070707070707
"July","Plectorhinchus orientalis","2016",10,17000,114,0.087719298245614
"July","Plectorhinchus orientalis","2017",7,14557.6923076923,189,0.037037037037037
"July","Plectorhinchus orientalis","2018",4,10000,141,0.0283687943262411
"July","Plectorhinchus orientalis","2019",6,15000,101,0.0594059405940594
"July","Plectorhinchus orientalis","2023",34,45378.6666666668,79,0.430379746835443
"July","Plectorhinchus pictus","2013",2,3721.15384615385,284,0.00704225352112676
"July","Plectorhinchus pictus","2018",1,5000,141,0.00709219858156028
"July","Plectorhincus diagrammus","2019",5,7500,101,0.0495049504950495
"July","Plectroglyphidodon dickii","2023",1,1500,79,0.0126582278481013
"July","Plectroglyphidodon lacrymatus","2022",2,3000,12,0.166666666666667
"July","Pomacanthus Imperator","2016",13,219500,114,0.114035087719298
"July","Pomacanthus Imperator","2018",23,560000,141,0.163120567375887
"July","Pomacanthus Imperator","2019",13,520000,101,0.128712871287129
"July","Pomacanthus annularis","2023",2,24000,79,0.0253164556962025
"July","Pomacanthus imperator","2012",2,35000,21,0.0952380952380952
"July","Pomacanthus imperator","2013",35,667589.189189189,284,0.123239436619718
"July","Pomacanthus imperator","2022",2,50000,12,0.166666666666667
"July","Pomacanthus imperator","2023",26,756500,79,0.329113924050633
"July","Pomacanthus semicirculatus","2023",2,30000,79,0.0253164556962025
"July","Pomacentrus auriventris","2015",679,420500,99,6.85858585858586
"July","Pomacentrus auriventris","2016",50,45000,114,0.43859649122807
"July","Pomacentrus auriventris","2017",417,440500,189,2.20634920634921
"July","Pomacentrus auriventris","2018",322,329000,141,2.28368794326241
"July","Pomacentrus auriventris","2019",100,75000,101,0.99009900990099
"July","Pomacentrus bankanensis","2013",166,166000,284,0.584507042253521
"July","Pomacentrus bankanensis","2015",81,101250,99,0.818181818181818
"July","Pomacentrus bankanensis","2016",41,61500,114,0.359649122807018
"July","Pomacentrus bankanensis","2017",158,237000,189,0.835978835978836
"July","Pomacentrus bankanensis","2018",153,184000,141,1.08510638297872
"July","Pomacentrus bankanensis","2022",58,87000,12,4.83333333333333
"July","Pomacentrus bankanensis","2023",147,220500,79,1.86075949367089
"July","Pomacentrus coelestis","2023",35,26250,79,0.443037974683544
"July","Pomacentrus moluccensis","2015",13,16250,99,0.131313131313131
"July","Pomacentrus moluccensis","2016",9,13500,114,0.0789473684210526
"July","Pomacentrus moluccensis","2018",2,3000,141,0.0141843971631206
"July","Pomacentrus moluccensis","2023",10,15000,79,0.126582278481013
"July","Pomacentrus pavo","2017",80,40000,189,0.423280423280423
"July","Pomacentrus smithi","2016",17,17000,114,0.149122807017544
"July","Pomacentrus smithi","2018",9,9000,141,0.0638297872340425
"July","Pomacentrus smithi","2019",9,9000,101,0.0891089108910891
"July","Premnas biaculeatus","2016",1,2000,114,0.0087719298245614
"July","Pseudanthias cooperi","2012",53,37450,21,2.52380952380952
"July","Pseudanthias cooperi","2013",166,194750,284,0.584507042253521
"July","Pseudanthias dispar","2012",1070,802500,21,50.9523809523809
"July","Pseudanthias dispar","2013",1378,1554968.75,284,4.85211267605634
"July","Pseudanthias dispar","2015",698,823000,99,7.05050505050505
"July","Pseudanthias dispar","2016",502,1004000,114,4.40350877192982
"July","Pseudanthias dispar","2017",2189,4355836.86440678,189,11.5820105820106
"July","Pseudanthias dispar","2018",362,724000,141,2.56737588652482
"July","Pseudanthias dispar","2019",248,494000,101,2.45544554455446
"July","Pseudanthias dispar","2022",2,5000,12,0.166666666666667
"July","Pseudanthias dispar","2023",1337,2950500,79,16.9240506329114
"July","Pseudanthias huchtii","2015",92,195750,99,0.929292929292929
"July","Pseudanthias huchtii","2016",134,166750,114,1.17543859649123
"July","Pseudanthias huchtii","2017",192,257790.983606557,189,1.01587301587302
"July","Pseudanthias huchtii","2018",140,218750,141,0.99290780141844
"July","Pseudanthias huchtii","2019",50,50000,101,0.495049504950495
"July","Pseudanthias huchtii","2022",40,80500,12,3.33333333333333
"July","Pseudanthias huchtii","2023",36,30192.5970873787,79,0.455696202531646
"July","Pseudanthias hypselosoma","2015",107,130000,99,1.08080808080808
"July","Pseudanthias hypselosoma","2016",312,343500,114,2.73684210526316
"July","Pseudanthias hypselosoma","2017",216,270377.551020408,189,1.14285714285714
"July","Pseudanthias hypselosoma","2018",422,632250,141,2.99290780141844
"July","Pseudanthias hypselosoma","2019",120,156500,101,1.18811881188119
"July","Pseudanthias hypselosoma","2023",15,75000,79,0.189873417721519
"July","Pseudanthias luzonensis","2013",113,370000,284,0.397887323943662
"July","Pseudanthias pleurotaenia","2015",11,13500,99,0.111111111111111
"July","Pseudanthias pleurotaenia","2016",17,47000,114,0.149122807017544
"July","Pseudanthias pleurotaenia","2017",15,34000,189,0.0793650793650794
"July","Pseudanthias pleurotaenia","2018",27,63250,141,0.191489361702128
"July","Pseudanthias pleurotaenia","2019",8,16000,101,0.0792079207920792
"July","Pseudanthias squamipinnis","2022",52,130000,12,4.33333333333333
"July","Pseudanthias squamipinnis","2023",390,610369.221428572,79,4.93670886075949
"July","Pseudanthias tuka","2012",1,2000,21,0.0476190476190476
"July","Pseudanthias tuka","2013",22,66000,284,0.0774647887323944
"July","Pseudanthias tuka","2015",5,18000,99,0.0505050505050505
"July","Pseudanthias tuka","2016",6,14000,114,0.0526315789473684
"July","Pseudanthias tuka","2017",16,67000,189,0.0846560846560847
"July","Pseudanthias tuka","2018",29,111000,141,0.205673758865248
"July","Pseudanthias tuka","2023",2,10000,79,0.0253164556962025
"July","Pseudocheilinus Octotaenia","2019",1,3500,101,0.0099009900990099
"July","Pseudocheilinus evanidus","2012",8,8000,21,0.380952380952381
"July","Pseudocheilinus evanidus","2013",23,51333.3333333333,284,0.0809859154929577
"July","Pseudocheilinus evanidus","2015",35,46000,99,0.353535353535354
"July","Pseudocheilinus evanidus","2016",48,45500,114,0.421052631578947
"July","Pseudocheilinus evanidus","2017",87,88613.6363636364,189,0.46031746031746
"July","Pseudocheilinus evanidus","2018",66,66000,141,0.468085106382979
"July","Pseudocheilinus evanidus","2019",154,154000,101,1.52475247524752
"July","Pseudocheilinus evanidus","2023",27,31250,79,0.341772151898734
"July","Pseudocheilinus hexataenia","2012",10,17000,21,0.476190476190476
"July","Pseudocheilinus hexataenia","2013",864,1753391.72413793,284,3.04225352112676
"July","Pseudocheilinus hexataenia","2015",343,899000,99,3.46464646464646
"July","Pseudocheilinus hexataenia","2016",584,1249000,114,5.12280701754386
"July","Pseudocheilinus hexataenia","2017",846,1998248.59287054,189,4.47619047619048
"July","Pseudocheilinus hexataenia","2018",1153,2671000,141,8.17730496453901
"July","Pseudocheilinus hexataenia","2019",923,2298000,101,9.13861386138614
"July","Pseudocheilinus hexataenia","2022",155,542500,12,12.9166666666667
"July","Pseudocheilinus hexataenia","2023",646,2093500,79,8.17721518987342
"July","Pseudochromis paccagnellae","2013",1,1500,284,0.00352112676056338
"July","Pseudochromis paccagnellae","2016",3,3000,114,0.0263157894736842
"July","Pseudochromis paccagnellae","2017",5,5000,189,0.0264550264550265
"July","Pseudochromis paccagnellae","2018",1,1000,141,0.00709219858156028
"July","Pseudochromis paccagnellae","2019",1,1000,101,0.0099009900990099
"July","Pseudocoris yamashiroi","2023",4,8000,79,0.0506329113924051
"July","Ptereleotris evides","2015",199,307500,99,2.01010101010101
"July","Ptereleotris evides","2016",337,572400,114,2.95614035087719
"July","Ptereleotris evides","2017",68,125918.269230769,189,0.35978835978836
"July","Ptereleotris evides","2018",492,829500,141,3.48936170212766
"July","Ptereleotris evides","2019",53,71500,101,0.524752475247525
"July","Ptereleotris evides","2022",8,24000,12,0.666666666666667
"July","Ptereleotris evides","2023",19,48000,79,0.240506329113924
"July","Ptereleotris heteroptera","2013",13,19500,284,0.0457746478873239
"July","Ptereleotris heteropterus","2015",39,58500,99,0.393939393939394
"July","Ptereleotris heteropterus","2016",144,210300,114,1.26315789473684
"July","Ptereleotris heteropterus","2017",65,111173.076923077,189,0.343915343915344
"July","Ptereleotris heteropterus","2018",13,19500,141,0.0921985815602837
"July","Ptereleotris heteropterus","2019",23,46000,101,0.227722772277228
"July","Ptereleotris heteropterus","2023",8,20000,79,0.10126582278481
"July","Ptereleotris microlepis","2015",79,79000,99,0.797979797979798
"July","Ptereleotris microlepis","2016",2,2000,114,0.0175438596491228
"July","Ptereleotris microlepis","2017",7,7000,189,0.037037037037037
"July","Ptereleotris microlepis","2018",1,1000,141,0.00709219858156028
"July","Ptereleotris zebra","2015",21,36750,99,0.212121212121212
"July","Ptereleotris zebra","2016",40,69000,114,0.350877192982456
"July","Pterocaesio chrysozona","2013",79,79000,284,0.278169014084507
"July","Pterocaesio chrysozona","2015",15,15000,99,0.151515151515152
"July","Pterocaesio chrysozona","2016",7,52500,114,0.0614035087719298
"July","Pterocaesio chrysozona","2017",25,174000,189,0.132275132275132
"July","Pterocaesio chrysozona","2018",14,105000,141,0.099290780141844
"July","Pterois antennata","2015",3,4500,99,0.0303030303030303
"July","Pterois antennata","2016",10,17500,114,0.087719298245614
"July","Pterois antennata","2017",16,31941.3407821229,189,0.0846560846560847
"July","Pterois antennata","2018",41,82000,141,0.290780141843972
"July","Pterois antennata","2019",54,108000,101,0.534653465346535
"July","Pterois antennata","2022",1,5000,12,0.0833333333333333
"July","Pterois antennata","2023",15,45500,79,0.189873417721519
"July","Pterois radiata","2015",1,15000,99,0.0101010101010101
"July","Pterois radiata","2016",1,8000,114,0.0087719298245614
"July","Pterois radiata","2017",2,20000,189,0.0105820105820106
"July","Pterois radiata","2019",2,20000,101,0.0198019801980198
"July","Pterois volitans","2012",1,3000,21,0.0476190476190476
"July","Pterois volitans","2013",35,319873.931623932,284,0.123239436619718
"July","Pterois volitans","2016",4,27000,114,0.0350877192982456
"July","Pterois volitans","2018",3,30000,141,0.0212765957446809
"July","Pterois volitans","2019",2,20000,101,0.0198019801980198
"July","Pterois volitans","2022",1,15000,12,0.0833333333333333
"July","Pterois volitans","2023",10,1e+05,79,0.126582278481013
"July","Pygoplites diacanthus","2015",1,8000,99,0.0101010101010101
"July","Pygoplites diacanthus","2017",4,40000,189,0.0211640211640212
"July","Pygoplites diacanthus","2018",6,120000,141,0.0425531914893617
"July","Pygoplites diacanthus","2019",3,50000,101,0.0297029702970297
"July","Pygoplites diacanthus","2023",2,30000,79,0.0253164556962025
"July","Rhinchocinetes durbanensis","2016",960,687750,114,8.42105263157895
"July","Rhinchocinetes durbanensis","2018",65,64750,141,0.460992907801418
"July","Rhinchocinetes durbanensis","2019",4,4000,101,0.0396039603960396
"July","Rhinecanthus aculeatus","2015",1,3000,99,0.0101010101010101
"July","Rhinecanthus verrucosus","2013",5,5000,284,0.0176056338028169
"July","Rhinecanthus verrucosus","2015",44,44000,99,0.444444444444444
"July","Rhinecanthus verrucosus","2019",3,3000,101,0.0297029702970297
"July","Rhinomuraena quaesita","2013",11,102000,284,0.0387323943661972
"July","Rhinomuraena quaesita","2023",7,68000,79,0.0886075949367089
"July","Rhinomuraena quesita","2016",4,46500,114,0.0350877192982456
"July","Rhinomuraena quesita","2018",9,152500,141,0.0638297872340425
"July","Rhinomuraena quesita","2019",4,50000,101,0.0396039603960396
"July","Rhynchocinetes durbanensis","2012",280,196500,21,13.3333333333333
"July","Rhynchocinetes durbanensis","2013",326,262500,284,1.14788732394366
"July","Rhynchocinetes durbanensis","2023",430,430000,79,5.44303797468354
"July","Salarias ceramensis","2013",10,10000,284,0.0352112676056338
"July","Salarias fasciatus","2015",118,118000,99,1.19191919191919
"July","Salarias fasciatus","2016",42,42000,114,0.368421052631579
"July","Salarias fasciatus","2018",11,11000,141,0.0780141843971631
"July","Salarias fasciatus","2019",17,17000,101,0.168316831683168
"July","Salarias fasciatus","2023",19,25000,79,0.240506329113924
"July","Siganus corallinus","2015",2,6000,99,0.0202020202020202
"July","Siganus corallinus","2016",2,6000,114,0.0175438596491228
"July","Siganus corallinus","2018",1,3000,141,0.00709219858156028
"July","Siganus corallinus","2019",6,8500,101,0.0594059405940594
"July","Siganus virgatus","2016",1,3000,114,0.0087719298245614
"July","Siganus vulpinus","2013",1,2500,284,0.00352112676056338
"July","Siganus vulpinus","2016",3,9000,114,0.0263157894736842
"July","Siganus vulpinus","2019",3,10000,101,0.0297029702970297
"July","Signigobius biocellatus","2013",17,199500,284,0.0598591549295775
"July","Stenopus Hispodus","2016",55,55000,114,0.482456140350877
"July","Stenopus Hispodus","2018",23,23000,141,0.163120567375887
"July","Stenopus Hispodus","2019",13,13000,101,0.128712871287129
"July","Stenopus hispidus","2023",15,17000,79,0.189873417721519
"July","Stenopus hispodus","2012",1,750,21,0.0476190476190476
"July","Stenopus hispodus","2013",105,86250,284,0.369718309859155
"July","Stethojulis bandanensis","2015",6,6000,99,0.0606060606060606
"July","Stethojulis bandanensis","2016",13,12700,114,0.114035087719298
"July","Sufflamen bursa","2023",1,3000,79,0.0126582278481013
"July","Sufflamen chrysopterus","2015",4,12000,99,0.0404040404040404
"July","Sufflamen chrysopterus","2016",4,6000,114,0.0350877192982456
"July","Sufflamen chrysopterus","2019",5,5000,101,0.0495049504950495
"July","Synchiropus ocellatus","2012",7,7000,21,0.333333333333333
"July","Synchiropus ocellatus","2013",22,34750,284,0.0774647887323944
"July","Synchiropus ocellatus","2015",158,202250,99,1.5959595959596
"July","Synchiropus ocellatus","2016",29,39000,114,0.254385964912281
"July","Synchiropus ocellatus","2017",94,120030,189,0.497354497354497
"July","Synchiropus ocellatus","2018",95,95000,141,0.673758865248227
"July","Synchiropus ocellatus","2019",43,43000,101,0.425742574257426
"July","Synchiropus ocellatus","2023",10,32000,79,0.126582278481013
"July","Synchiropus picturatus","2023",33,49500,79,0.417721518987342
"July","Taenianotus triacanthus","2017",3,11000,189,0.0158730158730159
"July","Taenianotus triacanthus","2018",1,4000,141,0.00709219858156028
"July","Thalassoma amblycephalum","2013",1,3000,284,0.00352112676056338
"July","Thalassoma amblycephalum","2023",3,9000,79,0.0379746835443038
"July","Thalassoma jansenii","2023",8,9000,79,0.10126582278481
"July","Thalassoma lunare","2016",9,21000,114,0.0789473684210526
"July","Thalassoma lunare","2017",14,14000,189,0.0740740740740741
"July","Thalassoma lunare","2018",3,5000,141,0.0212765957446809
"July","Thalassoma lunare","2019",1,1000,101,0.0099009900990099
"July","Valenciennea helsdingenii","2015",11,18500,99,0.111111111111111
"July","Valenciennea helsdingenii","2016",8,12000,114,0.0701754385964912
"July","Valenciennea helsdingenii","2017",58,100250,189,0.306878306878307
"July","Valenciennea helsdingenii","2018",24,42000,141,0.170212765957447
"July","Valenciennea helsdingenii","2019",75,148000,101,0.742574257425743
"July","Valenciennea helsdingenii","2023",5,12500,79,0.0632911392405063
"July","Valenciennea puellaris","2012",23,27600,21,1.0952380952381
"July","Valenciennea puellaris","2013",462,741000,284,1.62676056338028
"July","Valenciennea puellaris","2015",213,368100,99,2.15151515151515
"July","Valenciennea puellaris","2016",1125,1746500,114,9.86842105263158
"July","Valenciennea puellaris","2017",796,1745689,189,4.21164021164021
"July","Valenciennea puellaris","2018",403,753750,141,2.85815602836879
"July","Valenciennea puellaris","2019",522,977000,101,5.16831683168317
"July","Valenciennea puellaris","2022",21,63000,12,1.75
"July","Valenciennea puellaris","2023",206,443000,79,2.60759493670886
"July","Valenciennea sexguttata","2013",246,246008,284,0.866197183098592
"July","Valenciennea sexguttata","2015",47,47000,99,0.474747474747475
"July","Valenciennea sexguttata","2016",191,237750,114,1.67543859649123
"July","Valenciennea sexguttata","2017",239,338737.967914439,189,1.26455026455026
"July","Valenciennea sexguttata","2018",158,237000,141,1.12056737588652
"July","Valenciennea sexguttata","2019",78,122500,101,0.772277227722772
"July","Valenciennea sexguttata","2022",7,17500,12,0.583333333333333
"July","Valenciennea sexguttata","2023",37,79500,79,0.468354430379747
"July","Valenciennea strigata","2012",18,21600,21,0.857142857142857
"July","Valenciennea strigata","2013",78,116787.320574163,284,0.274647887323944
"July","Valenciennea strigata","2016",21,37000,114,0.184210526315789
"July","Valenciennea strigata","2018",111,219000,141,0.787234042553192
"July","Valenciennea strigata","2019",33,66000,101,0.326732673267327
"July","Valenciennea strigata","2022",7,21000,12,0.583333333333333
"July","Valenciennea strigata","2023",302,623000,79,3.82278481012658
"July","Variola louti","2017",17,46470.5882352941,189,0.0899470899470899
"July","Variola louti","2018",6,12000,141,0.0425531914893617
"July","Variola louti","2019",3,6000,101,0.0297029702970297
"July","Wetmorella nigropinnata","2015",68,98000,99,0.686868686868687
"July","Wetmorella nigropinnata","2016",85,88000,114,0.745614035087719
"July","Wetmorella nigropinnata","2017",47,55336.9565217391,189,0.248677248677249
"July","Wetmorella nigropinnata","2018",69,78500,141,0.48936170212766
"July","Wetmorella nigropinnata","2019",36,36000,101,0.356435643564356
"July","Wetmorella nigropinnata","2023",2,2000,79,0.0253164556962025
"July","Zanclus cornutus","2015",18,27000,99,0.181818181818182
"July","Zanclus cornutus","2016",68,110750,114,0.596491228070175
"July","Zanclus cornutus","2017",15,27233.1081081081,189,0.0793650793650794
"July","Zanclus cornutus","2018",32,60000,141,0.226950354609929
"July","Zanclus cornutus","2019",46,92000,101,0.455445544554455
"July","Zanclus cornutus","2023",11,25000,79,0.139240506329114
"July","Zebrasoma scopas","2012",1,1200,21,0.0476190476190476
"July","Zebrasoma scopas","2013",17,24250,284,0.0598591549295775
"July","Zebrasoma scopas","2015",24,56500,99,0.242424242424242
"July","Zebrasoma scopas","2016",42,71000,114,0.368421052631579
"July","Zebrasoma scopas","2017",91,235800,189,0.481481481481481
"July","Zebrasoma scopas","2018",62,150000,141,0.439716312056738
"July","Zebrasoma scopas","2019",99,192000,101,0.98019801980198
"July","Zebrasoma scopas","2022",59,227000,12,4.91666666666667
"July","Zebrasoma scopas","2023",69,158000,79,0.873417721518987
"July","Zebrasoma veliferum","2013",1,7500,284,0.00352112676056338
"August","#N/A","2012",241,536473.106646059,93,2.59139784946237
"August","#N/A","2013",3203,6789200,204,15.7009803921569
"August","#N/A","2015",4189,19355750,136,30.8014705882353
"August","#N/A","2017",1780,6484650,73,24.3835616438356
"August","#N/A","2023",3,3000,35,0.0857142857142857
"August","Ablabys macracanthus","2023",2,5000,35,0.0571428571428571
"August","Ablabys taenianotus","2013",1,2000,204,0.00490196078431373
"August","Abudefduf septemfasciatus","2016",75,37500,216,0.347222222222222
"August","Acanthurus bariene","2016",282,2787500,216,1.30555555555556
"August","Acanthurus bariene","2018",8,80000,160,0.05
"August","Acanthurus bariene","2023",7,70000,35,0.2
"August","Acanthurus cf leucosternon","2023",1,25000,35,0.0285714285714286
"August","Acanthurus chronixis","2012",73,91639.7923875432,93,0.78494623655914
"August","Acanthurus chronixis","2013",13,30500,204,0.0637254901960784
"August","Acanthurus chronixis","2022",22,132000,8,2.75
"August","Acanthurus chronixis","2023",8,48000,35,0.228571428571429
"August","Acanthurus grammoptilus","2013",4,4000,204,0.0196078431372549
"August","Acanthurus leucoheilus","2015",22,107500,136,0.161764705882353
"August","Acanthurus leucoheilus","2016",72,317500,216,0.333333333333333
"August","Acanthurus leucoheilus","2018",2,10000,160,0.0125
"August","Acanthurus leucoheilus","2023",3,13500,35,0.0857142857142857
"August","Acanthurus leucosternon","2016",1,25000,216,0.00462962962962963
"August","Acanthurus lineatus","2012",117,218066.115702479,93,1.25806451612903
"August","Acanthurus lineatus","2013",297,734500,204,1.45588235294118
"August","Acanthurus lineatus","2015",230,535000,136,1.69117647058824
"August","Acanthurus lineatus","2016",1144,3313000,216,5.2962962962963
"August","Acanthurus lineatus","2017",17,48000,73,0.232876712328767
"August","Acanthurus lineatus","2018",278,860000,160,1.7375
"August","Acanthurus lineatus","2022",12,53000,8,1.5
"August","Acanthurus lineatus","2023",14,60000,35,0.4
"August","Acanthurus maculiceps","2015",1,25000,136,0.00735294117647059
"August","Acanthurus maculiceps","2016",138,1412500,216,0.638888888888889
"August","Acanthurus maculiceps","2018",4,1e+05,160,0.025
"August","Acanthurus nigricans","2012",3,21000,93,0.032258064516129
"August","Acanthurus nigricans","2015",11,119500,136,0.0808823529411765
"August","Acanthurus nigricans","2016",16,153500,216,0.0740740740740741
"August","Acanthurus nigricans","2017",12,150000,73,0.164383561643836
"August","Acanthurus nigricans","2018",2,11000,160,0.0125
"August","Acanthurus nigricans","2023",6,91250,35,0.171428571428571
"August","Acanthurus nigricauda","2012",1,5000,93,0.010752688172043
"August","Acanthurus nigrofuscus","2012",14,10500,93,0.150537634408602
"August","Acanthurus nigrofuscus","2015",7,35000,136,0.0514705882352941
"August","Acanthurus nigrofuscus","2016",33,33000,216,0.152777777777778
"August","Acanthurus nigrofuscus","2017",3,3000,73,0.0410958904109589
"August","Acanthurus nigrofuscus","2018",10,10000,160,0.0625
"August","Acanthurus nigroris","2015",95,127000,136,0.698529411764706
"August","Acanthurus nigroris","2016",264,328000,216,1.22222222222222
"August","Acanthurus nigroris","2017",24,46000,73,0.328767123287671
"August","Acanthurus nigroris","2018",46,60000,160,0.2875
"August","Acanthurus nigroris","2023",5,7500,35,0.142857142857143
"August","Acanthurus olivaceus","2012",31,29500,93,0.333333333333333
"August","Acanthurus olivaceus","2013",11,40500,204,0.053921568627451
"August","Acanthurus olivaceus","2015",34,68500,136,0.25
"August","Acanthurus olivaceus","2016",42,180000,216,0.194444444444444
"August","Acanthurus olivaceus","2017",4,18000,73,0.0547945205479452
"August","Acanthurus olivaceus","2018",7,23500,160,0.04375
"August","Acanthurus olivaceus","2022",6,60000,8,0.75
"August","Acanthurus olivaceus","2023",11,82000,35,0.314285714285714
"August","Acanthurus pyroferus","2012",3,4500,93,0.032258064516129
"August","Acanthurus pyroferus","2013",4,48000,204,0.0196078431372549
"August","Acanthurus pyroferus","2015",7,17500,136,0.0514705882352941
"August","Acanthurus pyroferus","2016",105,244000,216,0.486111111111111
"August","Acanthurus pyroferus","2017",10,31000,73,0.136986301369863
"August","Acanthurus pyroferus","2018",51,147500,160,0.31875
"August","Acanthurus pyroferus","2022",2,30000,8,0.25
"August","Acanthurus pyroferus","2023",3,45000,35,0.0857142857142857
"August","Acanthurus triostegus","2012",41,58426.6666666667,93,0.440860215053763
"August","Acanthurus triostegus","2015",30,44500,136,0.220588235294118
"August","Acanthurus triostegus","2016",50,72750,216,0.231481481481481
"August","Acanthurus triostegus","2017",12,18000,73,0.164383561643836
"August","Acanthurus triostegus","2018",41,61500,160,0.25625
"August","Acanthurus triostegus","2023",4,11500,35,0.114285714285714
"August","Acanthurus tristris","2016",21,67000,216,0.0972222222222222
"August","Acanthurus tristris","2018",1,3000,160,0.00625
"August","Acanthurus tristris","2023",3,9000,35,0.0857142857142857
"August","Acanthurus tritis","2022",1,6000,8,0.125
"August","Acanthurus xanthopterus","2016",13,65000,216,0.0601851851851852
"August","Acanthurus xanthopterus","2018",13,65000,160,0.08125
"August","Amblycirrhitus pinos","2012",1,600,93,0.010752688172043
"August","Amblycirrhitus pinos","2013",36,40000,204,0.176470588235294
"August","Amblyeleotris aurora","2013",2,5000,204,0.00980392156862745
"August","Amblyeleotris steinitzi","2016",5,12500,216,0.0231481481481481
"August","Amblyeteleotris gymnocephala","2012",2,2190.78947368421,93,0.021505376344086
"August","Amblygobius rainfordi","2016",1,1000,216,0.00462962962962963
"August","Amblygobius rainfordi","2017",2,2000,73,0.0273972602739726
"August","Amblygobius rainfordi","2018",1,1000,160,0.00625
"August","Amphiprion clarkii","2012",37,40936.0759493671,93,0.397849462365591
"August","Amphiprion clarkii","2015",88,223500,136,0.647058823529412
"August","Amphiprion clarkii","2016",86,187250,216,0.398148148148148
"August","Amphiprion clarkii","2017",49,128250,73,0.671232876712329
"August","Amphiprion clarkii","2018",32,72000,160,0.2
"August","Amphiprion clarkii","2022",5,18000,8,0.625
"August","Amphiprion clarkii","2023",16,54000,35,0.457142857142857
"August","Amphiprion ocellaris","2012",1,1000,93,0.010752688172043
"August","Amphiprion ocellaris","2015",2,3000,136,0.0147058823529412
"August","Amphiprion ocellaris","2016",51,97250,216,0.236111111111111
"August","Amphiprion ocellaris","2017",22,55000,73,0.301369863013699
"August","Amphiprion ocellaris","2018",2,5000,160,0.0125
"August","Amphiprion ocellaris","2022",1,2500,8,0.125
"August","Amphiprion ocellaris","2023",4,8500,35,0.114285714285714
"August","Amphiprion perideraion","2023",1,2500,35,0.0285714285714286
"August","Amphiprion sandaracinos","2015",2,4000,136,0.0147058823529412
"August","Amphiprion sandaracinos","2016",23,37000,216,0.106481481481481
"August","Amphiprion sandaracinos","2018",6,11500,160,0.0375
"August","Anampses caeruleopunctatus","2012",11,11000,93,0.118279569892473
"August","Anampses caeruleopunctatus","2015",2,3000,136,0.0147058823529412
"August","Anampses caeruleopunctatus","2016",2,2000,216,0.00925925925925926
"August","Anampses caeruleopunctatus","2023",11,33500,35,0.314285714285714
"August","Anampses lineatus","2012",8,8369.31818181818,93,0.0860215053763441
"August","Anampses melanurus","2012",8,16000,93,0.0860215053763441
"August","Anampses melanurus","2018",5,9500,160,0.03125
"August","Anampses meleagrides","2012",2,8500,93,0.021505376344086
"August","Anampses meleagrides","2013",1,6000,204,0.00490196078431373
"August","Anampses meleagrides","2015",20,179500,136,0.147058823529412
"August","Anampses meleagrides","2016",9,53500,216,0.0416666666666667
"August","Anampses meleagrides","2017",6,53500,73,0.0821917808219178
"August","Anampses meleagrides","2018",16,142000,160,0.1
"August","Anampses meleagrides","2023",11,117000,35,0.314285714285714
"August","Ancanthurus pyroferus","2016",11,93000,216,0.0509259259259259
"August","Apogon semiornatus","2012",10,87500,93,0.10752688172043
"August","Apolemichthys trimaculatus","2013",1,20000,204,0.00490196078431373
"August","Apolemichthys trimaculatus","2015",5,20000,136,0.0367647058823529
"August","Apolemichthys trimaculatus","2016",5,70000,216,0.0231481481481481
"August","Apolemichthys trimaculatus","2017",1,5000,73,0.0136986301369863
"August","Arothron meleagris","2013",23,40250,204,0.112745098039216
"August","Arothron meleagris","2015",9,18000,136,0.0661764705882353
"August","Arothron meleagris","2016",75,137000,216,0.347222222222222
"August","Arothron meleagris","2017",6,15500,73,0.0821917808219178
"August","Arothron meleagris","2018",12,36000,160,0.075
"August","Arothron nigropunctatus","2023",8,26000,35,0.228571428571429
"August","Atrosalarias fuscus","2015",3,3000,136,0.0220588235294118
"August","Atrosalarias fuscus","2016",43,36100,216,0.199074074074074
"August","Atrosalarias fuscus","2017",5,5000,73,0.0684931506849315
"August","Atrosalarias fuscus","2018",22,22000,160,0.1375
"August","Balistapus undulatus","2013",1,1000,204,0.00490196078431373
"August","Balistapus undulatus","2016",11,21500,216,0.0509259259259259
"August","Balistapus undulatus","2023",2,6000,35,0.0571428571428571
"August","Balistoides conspicillum","2015",1,50000,136,0.00735294117647059
"August","Bodianus anthioides","2015",1,10000,136,0.00735294117647059
"August","Bodianus axillaris","2015",1,8000,136,0.00735294117647059
"August","Bodianus axillaris","2016",1,5000,216,0.00462962962962963
"August","Bodianus axillaris","2018",2,16000,160,0.0125
"August","Bodianus axillaris","2023",1,12500,35,0.0285714285714286
"August","Bodianus bilunulatus","2013",2,5000,204,0.00980392156862745
"August","Bodianus bilunulatus","2018",3,22500,160,0.01875
"August","Bodianus bimaculatus","2013",57,182000,204,0.279411764705882
"August","Bodianus bimaculatus","2016",29,118000,216,0.134259259259259
"August","Bodianus bimaculatus","2018",16,80000,160,0.1
"August","Bodianus diana","2015",38,85000,136,0.279411764705882
"August","Bodianus diana","2016",77,157000,216,0.356481481481481
"August","Bodianus diana","2017",39,80000,73,0.534246575342466
"August","Bodianus diana","2018",54,113000,160,0.3375
"August","Bodianus diana","2023",4,12000,35,0.114285714285714
"August","Bodianus mesothorax","2015",19,39500,136,0.139705882352941
"August","Bodianus mesothorax","2016",60,132000,216,0.277777777777778
"August","Bodianus mesothorax","2017",3,7500,73,0.0410958904109589
"August","Bodianus mesothorax","2018",46,122000,160,0.2875
"August","Bodianus mesothorax","2022",1,3000,8,0.125
"August","Bodianus mesothorax","2023",5,15000,35,0.142857142857143
"August","Cantherhines pardalis","2013",7,6500,204,0.0343137254901961
"August","Canthigaster bennetti","2023",3,9000,35,0.0857142857142857
"August","Canthigaster solandri","2022",6,18000,8,0.75
"August","Canthigaster solandri","2023",12,36000,35,0.342857142857143
"August","Canthigaster valentini","2012",12,9000,93,0.129032258064516
"August","Canthigaster valentini","2015",49,109000,136,0.360294117647059
"August","Canthigaster valentini","2016",31,65500,216,0.143518518518519
"August","Canthigaster valentini","2017",28,48499,73,0.383561643835616
"August","Canthigaster valentini","2018",85,113500,160,0.53125
"August","Canthigaster valentini","2022",10,30000,8,1.25
"August","Canthigaster valentini","2023",28,84000,35,0.8
"August","Centropyge argi","2012",23,252067.567567568,93,0.247311827956989
"August","Centropyge bicolor","2012",58,114268.97689769,93,0.623655913978495
"August","Centropyge bicolor","2013",21,64500,204,0.102941176470588
"August","Centropyge bicolor","2015",25,118000,136,0.183823529411765
"August","Centropyge bicolor","2016",122,350000,216,0.564814814814815
"August","Centropyge bicolor","2017",46,134000,73,0.63013698630137
"August","Centropyge bicolor","2018",126,430000,160,0.7875
"August","Centropyge bicolor","2022",12,69000,8,1.5
"August","Centropyge bicolor","2023",20,74000,35,0.571428571428571
"August","Centropyge eibli","2012",8,24275.8620689655,93,0.0860215053763441
"August","Centropyge eibli","2015",30,108000,136,0.220588235294118
"August","Centropyge eibli","2016",30,104500,216,0.138888888888889
"August","Centropyge eibli","2017",7,35000,73,0.0958904109589041
"August","Centropyge eibli","2018",24,120000,160,0.15
"August","Centropyge eibli","2022",2,14000,8,0.25
"August","Centropyge eibli","2023",18,110000,35,0.514285714285714
"August","Centropyge nox","2016",1,2000,216,0.00462962962962963
"August","Centropyge nox","2023",5,10000,35,0.142857142857143
"August","Centropyge tibicen","2012",2,3500,93,0.021505376344086
"August","Centropyge tibicen","2013",16,29000,204,0.0784313725490196
"August","Centropyge tibicen","2015",4,11000,136,0.0294117647058824
"August","Centropyge tibicen","2016",43,81000,216,0.199074074074074
"August","Centropyge tibicen","2017",1,2000,73,0.0136986301369863
"August","Centropyge tibicen","2018",13,34500,160,0.08125
"August","Centropyge tibicen","2022",1,4000,8,0.125
"August","Centropyge tibicen","2023",7,28000,35,0.2
"August","Centropyge vroliki","2015",24,40500,136,0.176470588235294
"August","Centropyge vroliki","2016",53,71000,216,0.24537037037037
"August","Centropyge vroliki","2017",4,7000,73,0.0547945205479452
"August","Centropyge vroliki","2018",45,48000,160,0.28125
"August","Centropyge vroliki","2022",9,27000,8,1.125
"August","Centropyge vroliki","2023",53,150000,35,1.51428571428571
"August","Centropyge vrolikii","2012",11,11118.7214611872,93,0.118279569892473
"August","Cephalopholis miniata","2012",81,159000,93,0.870967741935484
"August","Cephalopholis miniata","2016",7,21000,216,0.0324074074074074
"August","Cephalopholis miniata","2018",1,3000,160,0.00625
"August","Chaetodon Sp","2023",8,12000,35,0.228571428571429
"August","Chaetodon adiergastos","2016",1,1000,216,0.00462962962962963
"August","Chaetodon adiergastos","2018",1,1000,160,0.00625
"August","Chaetodon baronessa","2012",6,5245.37037037037,93,0.0645161290322581
"August","Chaetodon baronessa","2013",28,31000,204,0.137254901960784
"August","Chaetodon baronessa","2015",31,44500,136,0.227941176470588
"August","Chaetodon baronessa","2016",71,132500,216,0.328703703703704
"August","Chaetodon baronessa","2017",4,4000,73,0.0547945205479452
"August","Chaetodon baronessa","2018",89,94000,160,0.55625
"August","Chaetodon baronessa","2022",7,21000,8,0.875
"August","Chaetodon baronessa","2023",1,3000,35,0.0285714285714286
"August","Chaetodon bennetti","2013",1,4500,204,0.00490196078431373
"August","Chaetodon bennetti","2015",4,20000,136,0.0294117647058824
"August","Chaetodon bennetti","2017",8,40000,73,0.10958904109589
"August","Chaetodon bennetti","2018",1,5000,160,0.00625
"August","Chaetodon citrinellus","2022",2,4000,8,0.25
"August","Chaetodon citrinellus","2023",13,26000,35,0.371428571428571
"August","Chaetodon ephippium","2013",1,7500,204,0.00490196078431373
"August","Chaetodon kleinii","2013",69,79000,204,0.338235294117647
"August","Chaetodon kleinii","2016",236,276000,216,1.09259259259259
"August","Chaetodon kleinii","2018",197,218000,160,1.23125
"August","Chaetodon kleinii","2022",20,40000,8,2.5
"August","Chaetodon kleinii","2023",3,6000,35,0.0857142857142857
"August","Chaetodon lunula","2013",8,44000,204,0.0392156862745098
"August","Chaetodon lunula","2016",7,27000,216,0.0324074074074074
"August","Chaetodon melannotus","2015",2,4500,136,0.0147058823529412
"August","Chaetodon melannotus","2023",6,24000,35,0.171428571428571
"August","Chaetodon meyeri","2012",2,5541.66666666667,93,0.021505376344086
"August","Chaetodon meyeri","2015",2,10500,136,0.0147058823529412
"August","Chaetodon meyeri","2016",7,34000,216,0.0324074074074074
"August","Chaetodon meyeri","2017",1,8000,73,0.0136986301369863
"August","Chaetodon rafflesi","2023",1,6000,35,0.0285714285714286
"August","Chaetodon speculum","2013",2,2000,204,0.00980392156862745
"August","Chaetodon speculum","2023",3,12000,35,0.0857142857142857
"August","Chaetodon trifascialis","2015",1,2500,136,0.00735294117647059
"August","Chaetodon trifascialis","2016",2,3000,216,0.00925925925925926
"August","Chaetodon trifascialis","2017",3,12000,73,0.0410958904109589
"August","Chaetodon trifascialis","2018",1,1500,160,0.00625
"August","Chaetodon trifascialis","2022",1,5000,8,0.125
"August","Chaetodon trifascialis","2023",3,15000,35,0.0857142857142857
"August","Chaetodon trifasciatus","2012",16,16000,93,0.172043010752688
"August","Chaetodon trifasciatus","2013",47,47000,204,0.230392156862745
"August","Chaetodon trifasciatus","2015",30,64500,136,0.220588235294118
"August","Chaetodon trifasciatus","2016",17,26000,216,0.0787037037037037
"August","Chaetodon trifasciatus","2017",13,32500,73,0.178082191780822
"August","Chaetodon trifasciatus","2018",4,4000,160,0.025
"August","Chaetodon trifasciatus","2022",7,21000,8,0.875
"August","Chaetodon trifasciatus","2023",25,75000,35,0.714285714285714
"August","Chaetodon vagabundus","2022",1,2000,8,0.125
"August","Chaetodon vagabundus","2023",3,7000,35,0.0857142857142857
"August","Chaetodon xanthurus","2023",1,7000,35,0.0285714285714286
"August","Cheilinus chlorourus","2012",9,6750,93,0.0967741935483871
"August","Cheilinus fasciatus","2016",11,11000,216,0.0509259259259259
"August","Chirrhilabrus cyanopleura","2016",226,237000,216,1.0462962962963
"August","Chirrhilabrus cyanopleura","2018",69,73500,160,0.43125
"August","Chromis lineata","2022",136,272000,8,17
"August","Chromis lineata","2023",344,688000,35,9.82857142857143
"August","Chromis margaritifer","2012",535,267500,93,5.75268817204301
"August","Chromis margaritifer","2013",229,201800,204,1.12254901960784
"August","Chromis margaritifer","2015",450,448050,136,3.30882352941176
"August","Chromis margaritifer","2016",841,660500,216,3.89351851851852
"August","Chromis margaritifer","2017",172,120400,73,2.35616438356164
"August","Chromis margaritifer","2018",801,645000,160,5.00625
"August","Chromis margaritifer","2022",65,97500,8,8.125
"August","Chromis margaritifer","2023",186,279000,35,5.31428571428571
"August","Chromis retrofasciata","2016",135,153000,216,0.625
"August","Chromis retrofasciata","2018",74,111000,160,0.4625
"August","Chromis retrofasciata","2022",107,160500,8,13.375
"August","Chromis retrofasciata","2023",251,376500,35,7.17142857142857
"August","Chromis viridis","2012",465,232500,93,5
"August","Chromis viridis","2013",952,566200,204,4.66666666666667
"August","Chromis viridis","2015",1787,2011200,136,13.1397058823529
"August","Chromis viridis","2016",2600,2626000,216,12.037037037037
"August","Chromis viridis","2017",300,450000,73,4.10958904109589
"August","Chromis viridis","2022",620,930000,8,77.5
"August","Chromis viridis","2023",10,3108.80208333333,35,0.285714285714286
"August","Chromis weberi","2012",379,186100,93,4.0752688172043
"August","Chromis weberi","2013",1012,554500,204,4.96078431372549
"August","Chromis xanthura","2012",154,77000,93,1.65591397849462
"August","Chrysiptera brownrigii","2012",1,2000,93,0.010752688172043
"August","Chrysiptera caeruleolineata","2012",1095,4701502.37388724,93,11.7741935483871
"August","Chrysiptera cyanea","2023",1,1500,35,0.0285714285714286
"August","Chrysiptera rollandi","2016",8,12000,216,0.037037037037037
"August","Chrysiptera talboti","2012",82,41000,93,0.881720430107527
"August","Chrysiptera talboti","2013",494,330400,204,2.42156862745098
"August","Chrysiptera talboti","2015",185,191550,136,1.36029411764706
"August","Chrysiptera talboti","2016",1590,1039400,216,7.36111111111111
"August","Chrysiptera talboti","2017",581,468100,73,7.95890410958904
"August","Chrysiptera talboti","2018",801,669000,160,5.00625
"August","Chrysiptera talboti","2022",73,109500,8,9.125
"August","Chrysiptera talboti","2023",190,265500,35,5.42857142857143
"August","Cirrhilabrus cyanopleura","2012",55,33000,93,0.591397849462366
"August","Cirrhilabrus cyanopleura","2013",98,107600,204,0.480392156862745
"August","Cirrhilabrus cyanopleura","2022",13,26000,8,1.625
"August","Cirrhilabrus cyanopleura","2023",97,181000,35,2.77142857142857
"August","Cirrhilabrus exquisitus","2012",2,2000,93,0.021505376344086
"August","Cirrhilabrus exquisitus","2013",31,76250,204,0.151960784313725
"August","Cirrhilabrus exquisitus","2016",132,254500,216,0.611111111111111
"August","Cirrhilabrus exquisitus","2018",101,225000,160,0.63125
"August","Cirrhilabrus exquisitus","2023",17,25500,35,0.485714285714286
"August","Cirrhilabrus filamentosus","2012",1,2000,93,0.010752688172043
"August","Cirrhilabrus filamentosus","2015",3,10500,136,0.0220588235294118
"August","Cirrhilabrus filamentosus","2016",25,94500,216,0.115740740740741
"August","Cirrhilabrus flavidorsalis","2012",11,16500,93,0.118279569892473
"August","Cirrhilabrus lubbocki","2012",16,16000,93,0.172043010752688
"August","Cirrhilabrus lubbocki","2016",29,29500,216,0.134259259259259
"August","Cirrhilabrus lubbocki","2017",4,6000,73,0.0547945205479452
"August","Cirrhilabrus lubbocki","2018",4,4000,160,0.025
"August","Cirrhitichthys aprinus","2012",16,9750,93,0.172043010752688
"August","Cirrhitichthys aprinus","2015",75,88500,136,0.551470588235294
"August","Cirrhitichthys aprinus","2016",51,55000,216,0.236111111111111
"August","Cirrhitichthys aprinus","2017",32,33500,73,0.438356164383562
"August","Cirrhitichthys aprinus","2018",119,124000,160,0.74375
"August","Cirrhitichthys aprinus","2023",30,43500,35,0.857142857142857
"August","Cirrhitichthys falco","2022",3,6000,8,0.375
"August","Cirrhitichthys falco","2023",5,10000,35,0.142857142857143
"August","Coris gaimard","2012",29,69763.0718954248,93,0.311827956989247
"August","Coris gaimard","2013",29,76500,204,0.142156862745098
"August","Coris gaimard","2015",109,292000,136,0.801470588235294
"August","Coris gaimard","2016",117,367250,216,0.541666666666667
"August","Coris gaimard","2017",19,63000,73,0.26027397260274
"August","Coris gaimard","2018",53,179000,160,0.33125
"August","Coris gaimard","2022",2,17500,8,0.25
"August","Coris gaimard","2023",26,102500,35,0.742857142857143
"August","Coris julis","2012",55,41250,93,0.591397849462366
"August","Coris pictoides","2013",6,6500,204,0.0294117647058824
"August","Corythoichthys intestinalis","2023",1,2000,35,0.0285714285714286
"August","Cromileptes altivelis","2016",1,5000,216,0.00462962962962963
"August","Cryptocentrus leptocephalus","2022",2,6000,8,0.25
"August","Ctenochaetus striatus","2022",7,21000,8,0.875
"August","Ctenochaetus striatus","2023",73,219000,35,2.08571428571429
"August","Ctenochaetus tominiensis","2023",1,15000,35,0.0285714285714286
"August","Cyprinocirrhites polyactus","2015",18,27000,136,0.132352941176471
"August","Cyprinocirrhites polyactus","2016",15,22500,216,0.0694444444444444
"August","Dascyllus reticulatus","2015",39,51500,136,0.286764705882353
"August","Dascyllus reticulatus","2017",137,123600,73,1.87671232876712
"August","Dascyllus reticulatus","2018",30,22500,160,0.1875
"August","Dascyllus reticulatus","2023",65,97500,35,1.85714285714286
"August","Dascyllus trimaculatus","2012",170,580000,93,1.82795698924731
"August","Dascyllus trimaculatus","2013",775,706000,204,3.79901960784314
"August","Dascyllus trimaculatus","2015",134,139250,136,0.985294117647059
"August","Dascyllus trimaculatus","2016",595,367100,216,2.75462962962963
"August","Dascyllus trimaculatus","2017",391,356000,73,5.35616438356164
"August","Dascyllus trimaculatus","2018",363,295500,160,2.26875
"August","Dascyllus trimaculatus","2023",67,100500,35,1.91428571428571
"August","Dendrochirus biocellatus","2012",2,14000,93,0.021505376344086
"August","Dendrochirus biocellatus","2013",24,25000,204,0.117647058823529
"August","Dendrochirus biocellatus","2015",1,4000,136,0.00735294117647059
"August","Dendrochirus biocellatus","2016",6,51000,216,0.0277777777777778
"August","Dendrochirus biocellatus","2017",2,20000,73,0.0273972602739726
"August","Dendrochirus biocellatus","2018",6,60000,160,0.0375
"August","Dendrochirus biocellatus","2023",1,15000,35,0.0285714285714286
"August","Dendrochirus zebra","2012",14,10500,93,0.150537634408602
"August","Dendrochirus zebra","2015",10,10000,136,0.0735294117647059
"August","Dendrochirus zebra","2016",18,18000,216,0.0833333333333333
"August","Diproctacanthus xanthurus","2012",2,2000,93,0.021505376344086
"August","Dischistodus perspicillatus","2013",105,52500,204,0.514705882352941
"August","Dischistodus perspicillatus","2016",45,22500,216,0.208333333333333
"August","Doryrhamphus dactyliophorus","2012",6,7750,93,0.0645161290322581
"August","Doryrhamphus dactyliophorus","2013",1,2500,204,0.00490196078431373
"August","Doryrhamphus dactyliophorus","2015",6,12000,136,0.0441176470588235
"August","Doryrhamphus dactyliophorus","2016",8,13500,216,0.037037037037037
"August","Doryrhamphus dactyliophorus","2017",2,5000,73,0.0273972602739726
"August","Doryrhamphus dactyliophorus","2023",1,3000,35,0.0285714285714286
"August","Doryrhamphus excisus excisus","2013",1,1500,204,0.00490196078431373
"August","Doryrhamphus janssii","2016",4,9000,216,0.0185185185185185
"August","Doryrhamphus janssii","2017",3,8500,73,0.0410958904109589
"August","Doryrhamphus janssii","2018",1,4000,160,0.00625
"August","Echidna polyzona","2016",2,16000,216,0.00925925925925926
"August","Echidna polyzona","2017",1,10000,73,0.0136986301369863
"August","Echidna polyzona","2018",2,30000,160,0.0125
"August","Ecsenius bicolor","2012",2,2500,93,0.021505376344086
"August","Ecsenius bicolor","2015",200,318700,136,1.47058823529412
"August","Ecsenius bicolor","2016",898,1445000,216,4.15740740740741
"August","Ecsenius bicolor","2017",21,37500,73,0.287671232876712
"August","Ecsenius bicolor","2018",66,112000,160,0.4125
"August","Ecsenius bicolor","2022",15,45000,8,1.875
"August","Ecsenius bicolor","2023",9,22000,35,0.257142857142857
"August","Ecsenius midas","2013",11,27500,204,0.053921568627451
"August","Ecsenius midas","2016",1,1500,216,0.00462962962962963
"August","Ecsenius namiyei","2012",2,3514.28571428572,93,0.021505376344086
"August","Ecsenius namiyei","2013",3,3000,204,0.0147058823529412
"August","Enneapterygius atrogulare","2012",27,25000,93,0.290322580645161
"August","Enoplometopus occidentalis","2012",161,164803.278688525,93,1.73118279569892
"August","Exallias brevis","2012",1,2000,93,0.010752688172043
"August","Exallias brevis","2015",3,6000,136,0.0220588235294118
"August","Exallias brevis","2016",3,8000,216,0.0138888888888889
"August","Exallias brevis","2023",2,7000,35,0.0571428571428571
"August","Forcipiger flavissimus","2012",1,7000,93,0.010752688172043
"August","Forcipiger flavissimus","2016",1,7000,216,0.00462962962962963
"August","Forcipiger flavissimus","2023",1,17500,35,0.0285714285714286
"August","Gomphosus varius","2012",8,9000,93,0.0860215053763441
"August","Gomphosus varius","2016",1,2000,216,0.00462962962962963
"August","Gomphosus varius","2023",4,7144.13636363635,35,0.114285714285714
"August","Gorgasia preclara","2012",9,16384.6153846154,93,0.0967741935483871
"August","Gymnomuraena zebra","2013",3,27000,204,0.0147058823529412
"August","Gymnomuraena zebra","2023",1,25000,35,0.0285714285714286
"August","Halichoeres biocellatus","2022",3,9000,8,0.375
"August","Halichoeres biocellatus","2023",2,6000,35,0.0571428571428571
"August","Halichoeres chrysus","2012",698,819338.150289017,93,7.50537634408602
"August","Halichoeres chrysus","2013",505,747000,204,2.47549019607843
"August","Halichoeres chrysus","2015",593,1003500,136,4.36029411764706
"August","Halichoeres chrysus","2016",1457,2145500,216,6.74537037037037
"August","Halichoeres chrysus","2017",304,564000,73,4.16438356164384
"August","Halichoeres chrysus","2018",1069,2179500,160,6.68125
"August","Halichoeres chrysus","2022",147,441000,8,18.375
"August","Halichoeres chrysus","2023",373,1071000,35,10.6571428571429
"August","Halichoeres hortulanus","2012",20,10800,93,0.21505376344086
"August","Halichoeres hortulanus","2013",42,41100,204,0.205882352941176
"August","Halichoeres hortulanus","2015",10,15000,136,0.0735294117647059
"August","Halichoeres hortulanus","2016",90,73500,216,0.416666666666667
"August","Halichoeres hortulanus","2017",19,14250,73,0.26027397260274
"August","Halichoeres hortulanus","2018",76,58500,160,0.475
"August","Halichoeres hortulanus","2023",4,5000,35,0.114285714285714
"August","Halichoeres marginatus","2015",33,82500,136,0.242647058823529
"August","Halichoeres marginatus","2017",15,37500,73,0.205479452054795
"August","Halichoeres marginatus","2018",2,4000,160,0.0125
"August","Halichoeres marginatus","2022",8,24000,8,1
"August","Halichoeres marginatus","2023",28,84000,35,0.8
"August","Halichoeres melanurus","2015",2,4000,136,0.0147058823529412
"August","Halichoeres melanurus","2016",43,49000,216,0.199074074074074
"August","Halichoeres melanurus","2017",13,13000,73,0.178082191780822
"August","Halichoeres melanurus","2018",65,70000,160,0.40625
"August","Halichoeres melanurus","2023",1,3000,35,0.0285714285714286
"August","Halichoeres nebulosus","2013",11,27500,204,0.053921568627451
"August","Halichoeres podostigma","2023",7,17500,35,0.2
"August","Halichoeres prosopeion","2023",2,5000,35,0.0571428571428571
"August","Heniochus acuminatus","2012",6,9000,93,0.0645161290322581
"August","Heniochus acuminatus","2013",87,543500,204,0.426470588235294
"August","Heniochus monoceros","2015",29,142500,136,0.213235294117647
"August","Heniochus monoceros","2016",73,653000,216,0.337962962962963
"August","Heniochus monoceros","2017",3,52500,73,0.0410958904109589
"August","Heniochus monoceros","2018",21,80500,160,0.13125
"August","Heniochus singularius","2012",18,26000,93,0.193548387096774
"August","Heniochus varius","2012",2,3000,93,0.021505376344086
"August","Heniochus varius","2013",8,13000,204,0.0392156862745098
"August","Heniochus varius","2016",61,89750,216,0.282407407407407
"August","Heniochus varius","2017",4,10000,73,0.0547945205479452
"August","Heniochus varius","2018",15,25500,160,0.09375
"August","Heniochus varius","2023",1,4000,35,0.0285714285714286
"August","Hologymnosus annulatus","2013",3,3000,204,0.0147058823529412
"August","Hoplolatilus marcosi","2012",9,9355.76923076924,93,0.0967741935483871
"August","Hymenocera picta","2012",19,47585.2713178294,93,0.204301075268817
"August","Iniistius pavo","2013",5,18500,204,0.0245098039215686
"August","Iniistius pavo","2016",51,147700,216,0.236111111111111
"August","Labrichthys Unilineatus","2023",1,3000,35,0.0285714285714286
"August","Labrichthys unilineatus","2015",1,3000,136,0.00735294117647059
"August","Labrichthys unilineatus","2016",50,45500,216,0.231481481481481
"August","Labrichthys unilineatus","2017",10,10000,73,0.136986301369863
"August","Labrichthys unilineatus","2018",2,2000,160,0.0125
"August","Labroides bicolor","2012",5,30000,93,0.0537634408602151
"August","Labroides bicolor","2013",3,20500,204,0.0147058823529412
"August","Labroides bicolor","2015",7,49000,136,0.0514705882352941
"August","Labroides bicolor","2016",5,46500,216,0.0231481481481481
"August","Labroides bicolor","2017",6,56500,73,0.0821917808219178
"August","Labroides bicolor","2018",1,10000,160,0.00625
"August","Labroides bicolor","2022",1,12500,8,0.125
"August","Labroides bicolor","2023",10,90067.5403225807,35,0.285714285714286
"August","Labroides dimidiatus","2012",150,112500,93,1.61290322580645
"August","Labroides dimidiatus","2013",810,729500,204,3.97058823529412
"August","Labroides dimidiatus","2015",291,312500,136,2.13970588235294
"August","Labroides dimidiatus","2016",214,226000,216,0.990740740740741
"August","Labroides dimidiatus","2017",86,87500,73,1.17808219178082
"August","Labroides dimidiatus","2018",289,303500,160,1.80625
"August","Labroides dimidiatus","2022",25,50000,8,3.125
"August","Labroides dimidiatus","2023",120,210467.91,35,3.42857142857143
"August","Labroides pectoralis","2012",65,66000,93,0.698924731182796
"August","Labroides rubrolabiatus","2012",1,3000,93,0.010752688172043
"August","Labroides rubrolabiatus","2017",2,20000,73,0.0273972602739726
"August","Labropsis alleni","2012",6,12000,93,0.0645161290322581
"August","Labropsis alleni","2016",6,7000,216,0.0277777777777778
"August","Labropsis alleni","2017",15,30000,73,0.205479452054795
"August","Labropsis alleni","2018",2,3000,160,0.0125
"August","Lactoria cornuta","2013",1,7500,204,0.00490196078431373
"August","Lysmata amboinensis","2012",32,152000,93,0.344086021505376
"August","Lysmata amboinensis","2013",897,4849000,204,4.39705882352941
"August","Lysmata amboinensis","2016",1236,9122000,216,5.72222222222222
"August","Lysmata amboinensis","2018",1287,13623500,160,8.04375
"August","Lysmata amboinensis","2022",7,105000,8,0.875
"August","Lysmata amboinensis","2023",1,15000,35,0.0285714285714286
"August","Lysmata debelius","2012",443,332250,93,4.76344086021505
"August","Lysmata debelius","2013",2,14000,204,0.00980392156862745
"August","Lysmata debelius","2016",6,55000,216,0.0277777777777778
"August","Lysmata debelius","2018",2,15000,160,0.0125
"August","Macolor macularis","2012",1,10000,93,0.010752688172043
"August","Macolor niger","2012",1,2500,93,0.010752688172043
"August","Macolor niger","2016",16,49000,216,0.0740740740740741
"August","Macolor niger","2017",5,24500,73,0.0684931506849315
"August","Macolor niger","2018",2,10000,160,0.0125
"August","Macropharyngodon meleagris","2012",55,41850,93,0.591397849462366
"August","Macropharyngodon meleagris","2013",270,294000,204,1.32352941176471
"August","Macropharyngodon meleagris","2015",185,221000,136,1.36029411764706
"August","Macropharyngodon meleagris","2016",404,443000,216,1.87037037037037
"August","Macropharyngodon meleagris","2017",33,41450,73,0.452054794520548
"August","Macropharyngodon meleagris","2018",282,298000,160,1.7625
"August","Macropharyngodon meleagris","2023",8,12000,35,0.228571428571429
"August","Macropharyngodon negrosensis","2012",9,9000,93,0.0967741935483871
"August","Macropharyngodon negrosensis","2013",8,10000,204,0.0392156862745098
"August","Macropharyngodon negrosensis","2015",17,20500,136,0.125
"August","Macropharyngodon negrosensis","2016",16,16500,216,0.0740740740740741
"August","Macropharyngodon negrosensis","2017",7,9000,73,0.0958904109589041
"August","Macropharyngodon negrosensis","2018",24,30500,160,0.15
"August","Macropharyngodon negrosensis","2022",2,5000,8,0.25
"August","Macropharyngodon negrosensis","2023",8,20000,35,0.228571428571429
"August","Macropharyngodon ornatus","2022",1,3000,8,0.125
"August","Macropharyngodon ornatus","2023",37,111000,35,1.05714285714286
"August","Malacanthus brevirostris","2012",1,1500,93,0.010752688172043
"August","Malacanthus latocittatus","2012",2,3000,93,0.021505376344086
"August","Malacanthus latovittatus","2012",61,216497.5,93,0.655913978494624
"August","Malacanthus latovittatus","2013",6,13500,204,0.0294117647058824
"August","Malacanthus latovittatus","2015",3,4500,136,0.0220588235294118
"August","Malacanthus latovittatus","2016",30,63000,216,0.138888888888889
"August","Malacanthus latovittatus","2017",3,6999,73,0.0410958904109589
"August","Malacanthus latovittatus","2018",5,11000,160,0.03125
"August","Meiacanthus atrodorsalis","2022",1,3000,8,0.125
"August","Meiacanthus atrodorsalis","2023",9,27000,35,0.257142857142857
"August","Meiacanthus grammistes","2013",5,3000,204,0.0245098039215686
"August","Meiacanthus grammistes","2015",5,10000,136,0.0367647058823529
"August","Meiacanthus grammistes","2016",89,89000,216,0.412037037037037
"August","Meiacanthus grammistes","2017",6,6000,73,0.0821917808219178
"August","Meiacanthus grammistes","2023",3,9000,35,0.0857142857142857
"August","Melichthys indicus","2012",3,17805.5555555556,93,0.032258064516129
"August","Melichthys vidua","2012",6,18829.7872340426,93,0.0645161290322581
"August","Melichthys vidua","2013",16,63000,204,0.0784313725490196
"August","Melichthys vidua","2015",5,27000,136,0.0367647058823529
"August","Melichthys vidua","2016",11,43500,216,0.0509259259259259
"August","Melichthys vidua","2017",2,7000,73,0.0273972602739726
"August","Melichthys vidua","2018",4,14000,160,0.025
"August","Monacanthus chinensis","2012",4,2000,93,0.043010752688172
"August","Monacanthus chinensis","2015",187,190250,136,1.375
"August","Monacanthus chinensis","2016",20,39500,216,0.0925925925925926
"August","Monacanthus chinensis","2017",32,38000,73,0.438356164383562
"August","Monacanthus chinensis","2018",8,20000,160,0.05
"August","Naso Lopezi","2023",7,21000,35,0.2
"August","Naso lituratus","2012",20,66423.2142857143,93,0.21505376344086
"August","Naso lituratus","2013",117,469000,204,0.573529411764706
"August","Naso lituratus","2015",108,376000,136,0.794117647058823
"August","Naso lituratus","2016",134,566000,216,0.62037037037037
"August","Naso lituratus","2017",19,99000,73,0.26027397260274
"August","Naso lituratus","2018",43,242500,160,0.26875
"August","Naso lituratus","2022",9,45000,8,1.125
"August","Naso lituratus","2023",18,83000,35,0.514285714285714
"August","Naso unicornis","2016",25,69000,216,0.115740740740741
"August","Naso unicornis","2018",19,19000,160,0.11875
"August","Naso vlamingii","2022",6,36000,8,0.75
"August","Naso vlamingii","2023",1,7000,35,0.0285714285714286
"August","Nemateleotris magnifica","2012",1,7159.09090909091,93,0.010752688172043
"August","Nemateleotris magnifica","2016",2,12000,216,0.00925925925925926
"August","Neoglyphidodon crossi","2015",5,5000,136,0.0367647058823529
"August","Neoglyphidodon crossi","2018",4,4000,160,0.025
"August","Neoglyphidodon melas","2013",52,31600,204,0.254901960784314
"August","Neoglyphidodon nigroris","2016",7,7000,216,0.0324074074074074
"August","Neoglyphidodon nigroris","2018",2,2000,160,0.0125
"August","Neoniphon argenteus","2013",10,7500,204,0.0490196078431373
"August","Neopenrolisthes maculata","2013",28,24000,204,0.137254901960784
"August","Neopenrolisthes maculata","2016",8,8500,216,0.037037037037037
"August","Neopenrolisthes maculata","2018",4,4000,160,0.025
"August","Neopomacentrus bankieri","2012",5,33666.6666666667,93,0.0537634408602151
"August","Novaculichthys taeniourus","2017",1,3000,73,0.0136986301369863
"August","Novaculichthys taeniourus","2018",18,84000,160,0.1125
"August","Novaculichthys taeniourus","2023",8,43500,35,0.228571428571429
"August","Odontodactylus scyllarus","2013",3,4500,204,0.0147058823529412
"August","Odontodactylus scyllarus","2016",5,12500,216,0.0231481481481481
"August","Odontodactylus scyllarus","2018",10,25000,160,0.0625
"August","Odonus niger","2012",20,30000,93,0.21505376344086
"August","Odonus niger","2013",100,171750,204,0.490196078431373
"August","Odonus niger","2015",34,57000,136,0.25
"August","Odonus niger","2016",400,659500,216,1.85185185185185
"August","Odonus niger","2017",119,226000,73,1.63013698630137
"August","Odonus niger","2018",114,225000,160,0.7125
"August","Odonus niger","2023",2,8000,35,0.0571428571428571
"August","Ostracion cubicus","2012",1,7195.65217391304,93,0.010752688172043
"August","Ostracion meleagris","2023",18,144000,35,0.514285714285714
"August","Ostracion solorensis","2013",7,35000,204,0.0343137254901961
"August","Ostracion solorensis","2015",5,42000,136,0.0367647058823529
"August","Ostracion solorensis","2016",4,41000,216,0.0185185185185185
"August","Ostracion solorensis","2017",7,43000,73,0.0958904109589041
"August","Ostracion solorensis","2018",86,542000,160,0.5375
"August","Oxycirrhites typus","2016",9,73500,216,0.0416666666666667
"August","Oxycirrhites typus","2018",1,15000,160,0.00625
"August","Oxymonacanthus longirostris","2023",2,10000,35,0.0571428571428571
"August","Paguristes species","2022",62,248000,8,7.75
"August","Panulirus versicolor","2013",3,4500,204,0.0147058823529412
"August","Paracanthurus hepatus","2015",3,150000,136,0.0220588235294118
"August","Paracanthurus hepatus","2016",5,158000,216,0.0231481481481481
"August","Paracanthurus hepatus","2017",2,1e+05,73,0.0273972602739726
"August","Paracanthurus hepatus","2022",1,45000,8,0.125
"August","Paracheilinus mccoskeri","2012",9,9000,93,0.0967741935483871
"August","Paracheilinus mccoskeri","2013",310,396500,204,1.51960784313725
"August","Paracheilinus mccoskeri","2016",286,393000,216,1.32407407407407
"August","Paracheilinus mccoskeri","2018",64,65000,160,0.4
"August","Paracirrhites arcatus","2012",19,20342.3913043479,93,0.204301075268817
"August","Paracirrhites arcatus","2013",20,28500,204,0.0980392156862745
"August","Paracirrhites arcatus","2023",2,6000,35,0.0571428571428571
"August","Paracirrhites arcuatus","2015",10,15000,136,0.0735294117647059
"August","Paracirrhites arcuatus","2016",23,23000,216,0.106481481481481
"August","Paracirrhites arcuatus","2017",5,5000,73,0.0684931506849315
"August","Paracirrhites arcuatus","2018",33,33500,160,0.20625
"August","Paraglyphidodon melas","2012",3,17843.75,93,0.032258064516129
"August","Paragobiodon echinocephalus","2012",196,98000,93,2.10752688172043
"August","Paraluteres prionurus","2022",5,15000,8,0.625
"August","Paraluteres prionurus","2023",27,81000,35,0.771428571428571
"August","Parapercis schuinslandi","2016",67,67750,216,0.310185185185185
"August","Parapercis schuinslandi","2018",16,24000,160,0.1
"August","Parupeneus cyclostomus","2012",1,4000,93,0.010752688172043
"August","Parupeneus cyclostomus","2013",9,14000,204,0.0441176470588235
"August","Parupeneus cyclostomus","2016",4,13000,216,0.0185185185185185
"August","Parupeneus cyclostomus","2017",1,2500,73,0.0136986301369863
"August","Parupeneus cyclostomus","2022",3,15000,8,0.375
"August","Parupeneus multifasciatus","2023",1,2000,35,0.0285714285714286
"August","Parupeneus rubescens","2012",20,10250.9868421053,93,0.21505376344086
"August","Parupeneus rubescens","2013",10,7750,204,0.0490196078431373
"August","Parupeneus rubescens","2015",2,2000,136,0.0147058823529412
"August","Parupeneus rubescens","2016",3,3000,216,0.0138888888888889
"August","Periclimenes brevicarpalis","2013",62,47750,204,0.303921568627451
"August","Periclimenes brevicarpalis","2016",8,9000,216,0.037037037037037
"August","Periclimenes brevicarpalis","2018",7,7000,160,0.04375
"August","Pervagor Janthinosoma","2016",6,13500,216,0.0277777777777778
"August","Pervagor Janthinosoma","2018",4,4000,160,0.025
"August","Pervagor melanosoma","2023",7,21000,35,0.2
"August","Plagiotremus laudandus","2013",38,38000,204,0.186274509803922
"August","Plagiotremus ludandus","2016",31,33000,216,0.143518518518519
"August","Plagiotremus ludandus","2018",60,78750,160,0.375
"August","Platax pinnatus","2013",1,7500,204,0.00490196078431373
"August","Platax teira","2013",1,3000,204,0.00490196078431373
"August","Plectorhinchus chaetodonoides","2016",1,5000,216,0.00462962962962963
"August","Plectorhinchus chaetodonoides","2017",1,2500,73,0.0136986301369863
"August","Plectorhinchus diagrammus","2012",6,31708.3333333333,93,0.0645161290322581
"August","Plectorhinchus diagrammus","2013",1,1500,204,0.00490196078431373
"August","Plectorhinchus diagrammus","2023",1,3000,35,0.0285714285714286
"August","Plectorhinchus orientalis","2012",2,3942.70833333333,93,0.021505376344086
"August","Plectorhinchus orientalis","2015",7,14000,136,0.0514705882352941
"August","Plectorhinchus orientalis","2016",92,181000,216,0.425925925925926
"August","Plectorhinchus orientalis","2017",9,19000,73,0.123287671232877
"August","Plectorhinchus orientalis","2018",5,11500,160,0.03125
"August","Plectorhinchus orientalis","2023",2,5334.66666666667,35,0.0571428571428571
"August","Plectorhincus diagrammus","2016",1,1500,216,0.00462962962962963
"August","Plectorhincus diagrammus","2018",2,3000,160,0.0125
"August","Plectroglyphidodon dickii","2023",2,3000,35,0.0571428571428571
"August","Pomacanthus Imperator","2016",48,567000,216,0.222222222222222
"August","Pomacanthus Imperator","2018",11,215000,160,0.06875
"August","Pomacanthus imperator","2013",28,402500,204,0.137254901960784
"August","Pomacanthus imperator","2023",14,567000,35,0.4
"August","Pomacanthus semicirculatus","2023",1,7500,35,0.0285714285714286
"August","Pomacentrus amboinensis","2012",5,11578.947368421,93,0.0537634408602151
"August","Pomacentrus auriventris","2015",1149,693500,136,8.44852941176471
"August","Pomacentrus auriventris","2016",369,259500,216,1.70833333333333
"August","Pomacentrus auriventris","2017",10,5000,73,0.136986301369863
"August","Pomacentrus auriventris","2018",368,285000,160,2.3
"August","Pomacentrus bankanensis","2013",101,101000,204,0.495098039215686
"August","Pomacentrus bankanensis","2015",85,118000,136,0.625
"August","Pomacentrus bankanensis","2016",72,108000,216,0.333333333333333
"August","Pomacentrus bankanensis","2017",35,52500,73,0.479452054794521
"August","Pomacentrus bankanensis","2018",161,241500,160,1.00625
"August","Pomacentrus bankanensis","2022",31,46500,8,3.875
"August","Pomacentrus bankanensis","2023",78,117000,35,2.22857142857143
"August","Pomacentrus moluccensis","2015",10,15000,136,0.0735294117647059
"August","Pomacentrus moluccensis","2016",40,60000,216,0.185185185185185
"August","Pomacentrus moluccensis","2017",3,4500,73,0.0410958904109589
"August","Pomacentrus moluccensis","2018",1,1500,160,0.00625
"August","Pomacentrus moluccensis","2022",10,15000,8,1.25
"August","Pomacentrus moluccensis","2023",29,43500,35,0.828571428571429
"August","Pomacentrus pavo","2012",100,50000,93,1.0752688172043
"August","Pomacentrus smithi","2016",1,1000,216,0.00462962962962963
"August","Pomacentrus smithi","2017",4,4000,73,0.0547945205479452
"August","Pomacentrus smithi","2018",7,7000,160,0.04375
"August","Pseudanthias Luzunensis","2016",1,6000,216,0.00462962962962963
"August","Pseudanthias Luzunensis","2018",1,10000,160,0.00625
"August","Pseudanthias cooperi","2012",17,11900,93,0.182795698924731
"August","Pseudanthias cooperi","2013",175,196500,204,0.857843137254902
"August","Pseudanthias dispar","2012",2205,1653750,93,23.7096774193548
"August","Pseudanthias dispar","2013",1321,1449500,204,6.47549019607843
"August","Pseudanthias dispar","2015",1023,1213000,136,7.52205882352941
"August","Pseudanthias dispar","2016",3515,7210000,216,16.2731481481481
"August","Pseudanthias dispar","2017",432,864000,73,5.91780821917808
"August","Pseudanthias dispar","2018",770,1540000,160,4.8125
"August","Pseudanthias dispar","2022",77,192500,8,9.625
"August","Pseudanthias dispar","2023",174,421500,35,4.97142857142857
"August","Pseudanthias huchtii","2012",69,34500,93,0.741935483870968
"August","Pseudanthias huchtii","2015",131,173000,136,0.963235294117647
"August","Pseudanthias huchtii","2016",145,195000,216,0.671296296296296
"August","Pseudanthias huchtii","2017",57,99000,73,0.780821917808219
"August","Pseudanthias huchtii","2018",47,61500,160,0.29375
"August","Pseudanthias huchtii","2022",13,27500,8,1.625
"August","Pseudanthias huchtii","2023",112,237443.111650485,35,3.2
"August","Pseudanthias hypselosoma","2012",91,67750,93,0.978494623655914
"August","Pseudanthias hypselosoma","2015",349,329500,136,2.56617647058824
"August","Pseudanthias hypselosoma","2016",986,993250,216,4.56481481481481
"August","Pseudanthias hypselosoma","2017",69,76500,73,0.945205479452055
"August","Pseudanthias hypselosoma","2018",173,289500,160,1.08125
"August","Pseudanthias luzonensis","2013",13,29000,204,0.0637254901960784
"August","Pseudanthias pleurotaenia","2012",32,53000,93,0.344086021505376
"August","Pseudanthias pleurotaenia","2015",11,20500,136,0.0808823529411765
"August","Pseudanthias pleurotaenia","2016",80,208500,216,0.37037037037037
"August","Pseudanthias pleurotaenia","2017",62,167500,73,0.849315068493151
"August","Pseudanthias pleurotaenia","2018",18,50000,160,0.1125
"August","Pseudanthias pleurotaenia","2023",2,4002,35,0.0571428571428571
"August","Pseudanthias squamipinnis","2022",22,55000,8,2.75
"August","Pseudanthias squamipinnis","2023",90,206050.917857143,35,2.57142857142857
"August","Pseudanthias tuka","2012",9,15800,93,0.0967741935483871
"August","Pseudanthias tuka","2013",27,81000,204,0.132352941176471
"August","Pseudanthias tuka","2015",3,12000,136,0.0220588235294118
"August","Pseudanthias tuka","2016",5,16000,216,0.0231481481481481
"August","Pseudanthias tuka","2017",21,50000,73,0.287671232876712
"August","Pseudanthias tuka","2018",4,12000,160,0.025
"August","Pseudanthias tuka","2023",5,25000,35,0.142857142857143
"August","Pseudocheilinus evanidus","2012",26,21750,93,0.279569892473118
"August","Pseudocheilinus evanidus","2013",6,15000,204,0.0294117647058824
"August","Pseudocheilinus evanidus","2015",16,35000,136,0.117647058823529
"August","Pseudocheilinus evanidus","2016",67,60750,216,0.310185185185185
"August","Pseudocheilinus evanidus","2017",31,31000,73,0.424657534246575
"August","Pseudocheilinus evanidus","2018",97,109000,160,0.60625
"August","Pseudocheilinus evanidus","2022",2,5000,8,0.25
"August","Pseudocheilinus evanidus","2023",12,23750,35,0.342857142857143
"August","Pseudocheilinus hexataenia","2012",287,513269.738562092,93,3.08602150537634
"August","Pseudocheilinus hexataenia","2013",624,1301750,204,3.05882352941176
"August","Pseudocheilinus hexataenia","2015",820,1953500,136,6.02941176470588
"August","Pseudocheilinus hexataenia","2016",1701,3691000,216,7.875
"August","Pseudocheilinus hexataenia","2017",307,743000,73,4.20547945205479
"August","Pseudocheilinus hexataenia","2018",1542,3527500,160,9.6375
"August","Pseudocheilinus hexataenia","2022",117,409500,8,14.625
"August","Pseudocheilinus hexataenia","2023",583,1959500,35,16.6571428571429
"August","Pseudocheilinus octotaenia","2023",1,10500,35,0.0285714285714286
"August","Pseudochromis bitaeniatus","2012",38,47500,93,0.408602150537634
"August","Pseudochromis paccagnellae","2012",1,1000,93,0.010752688172043
"August","Pseudochromis paccagnellae","2013",5,5000,204,0.0245098039215686
"August","Pseudochromis paccagnellae","2016",7,7000,216,0.0324074074074074
"August","Pseudochromis paccagnellae","2018",7,7000,160,0.04375
"August","Pseudochromis paccagnellae","2023",1,1500,35,0.0285714285714286
"August","Ptereleotris evides","2012",262,327860.902255639,93,2.81720430107527
"August","Ptereleotris evides","2015",620,993000,136,4.55882352941176
"August","Ptereleotris evides","2016",882,1323000,216,4.08333333333333
"August","Ptereleotris evides","2017",188,298500,73,2.57534246575342
"August","Ptereleotris evides","2018",390,585000,160,2.4375
"August","Ptereleotris evides","2022",1,3000,8,0.125
"August","Ptereleotris evides","2023",7,21000,35,0.2
"August","Ptereleotris heteroptera","2012",2,2450,93,0.021505376344086
"August","Ptereleotris heteroptera","2013",11,16500,204,0.053921568627451
"August","Ptereleotris heteroptera","2022",10,30000,8,1.25
"August","Ptereleotris heteropterus","2015",22,33000,136,0.161764705882353
"August","Ptereleotris heteropterus","2016",20,30000,216,0.0925925925925926
"August","Ptereleotris heteropterus","2017",46,71500,73,0.63013698630137
"August","Ptereleotris heteropterus","2018",55,82500,160,0.34375
"August","Ptereleotris microlepis","2016",24,24000,216,0.111111111111111
"August","Ptereleotris microlepis","2017",6,6000,73,0.0821917808219178
"August","Ptereleotris zebra","2015",10,21250,136,0.0735294117647059
"August","Ptereleotris zebra","2016",31,54250,216,0.143518518518519
"August","Ptereleotris zebra","2017",1,2500,73,0.0136986301369863
"August","Ptereleotris zebra","2018",15,37500,160,0.09375
"August","Ptereleotris zebra","2023",10,40000,35,0.285714285714286
"August","Pterocaesio chrysozona","2012",3,3000,93,0.032258064516129
"August","Pterocaesio chrysozona","2013",35,39000,204,0.17156862745098
"August","Pterocaesio chrysozona","2015",50,50000,136,0.367647058823529
"August","Pterocaesio chrysozona","2016",3,22500,216,0.0138888888888889
"August","Pterois antennata","2012",6,7784.33333333333,93,0.0645161290322581
"August","Pterois antennata","2015",4,6000,136,0.0294117647058824
"August","Pterois antennata","2016",13,22500,216,0.0601851851851852
"August","Pterois antennata","2017",10,19000,73,0.136986301369863
"August","Pterois antennata","2018",36,73000,160,0.225
"August","Pterois antennata","2022",2,10000,8,0.25
"August","Pterois antennata","2023",12,37000,35,0.342857142857143
"August","Pterois radiata","2016",1,8000,216,0.00462962962962963
"August","Pterois radiata","2017",1,10000,73,0.0136986301369863
"August","Pterois radiata","2023",1,15000,35,0.0285714285714286
"August","Pterois volitans","2012",1,3000,93,0.010752688172043
"August","Pterois volitans","2013",6,58000,204,0.0294117647058824
"August","Pterois volitans","2016",8,52000,216,0.037037037037037
"August","Pterois volitans","2018",3,35000,160,0.01875
"August","Pterois volitans","2023",1,15000,35,0.0285714285714286
"August","Pygoplites diacanthus","2015",2,8000,136,0.0147058823529412
"August","Pygoplites diacanthus","2016",1,10000,216,0.00462962962962963
"August","Pygoplites diacanthus","2018",3,42500,160,0.01875
"August","Pygoplites diacanthus","2023",1,35000,35,0.0285714285714286
"August","Rhinchocinetes durbanensis","2016",1943,1396100,216,8.99537037037037
"August","Rhinchocinetes durbanensis","2018",266,354750,160,1.6625
"August","Rhinecanthus verrucosus","2012",27,27000,93,0.290322580645161
"August","Rhinecanthus verrucosus","2013",8,7500,204,0.0392156862745098
"August","Rhinecanthus verrucosus","2015",7,7000,136,0.0514705882352941
"August","Rhinecanthus verrucosus","2016",3,3000,216,0.0138888888888889
"August","Rhinomuraena quaesita","2013",6,67000,204,0.0294117647058824
"August","Rhinomuraena quaesita","2023",4,110000,35,0.114285714285714
"August","Rhinomuraena quesita","2016",7,70000,216,0.0324074074074074
"August","Rhinomuraena quesita","2018",17,456500,160,0.10625
"August","Rhynchocinetes durbanensis","2012",25,17500,93,0.268817204301075
"August","Rhynchocinetes durbanensis","2013",469,351750,204,2.29901960784314
"August","Rhynchocinetes durbanensis","2023",14,14000,35,0.4
"August","Salarias ceramensis","2013",7,7000,204,0.0343137254901961
"August","Salarias ceramensis","2023",1,6000,35,0.0285714285714286
"August","Salarias fasciatus","2012",6,6000,93,0.0645161290322581
"August","Salarias fasciatus","2015",79,79000,136,0.580882352941177
"August","Salarias fasciatus","2016",141,141000,216,0.652777777777778
"August","Salarias fasciatus","2017",1,1000,73,0.0136986301369863
"August","Salarias fasciatus","2018",16,16000,160,0.1
"August","Salarias fasciatus","2023",8,17000,35,0.228571428571429
"August","Siderea picta","2023",2,10000,35,0.0571428571428571
"August","Siganus corallinus","2016",9,19000,216,0.0416666666666667
"August","Siganus virgatus","2016",1,1000,216,0.00462962962962963
"August","Siganus vulpinus","2016",1,4000,216,0.00462962962962963
"August","Stenopus Hispodus","2016",90,91500,216,0.416666666666667
"August","Stenopus Hispodus","2018",36,36000,160,0.225
"August","Stenopus hispodus","2013",65,61250,204,0.318627450980392
"August","Stethojulis bandanensis","2015",6,6000,136,0.0441176470588235
"August","Stethojulis bandanensis","2016",14,17000,216,0.0648148148148148
"August","Stethojulis bandanensis","2018",1,1500,160,0.00625
"August","Sufflamen Chrysopterus","2023",1,3000,35,0.0285714285714286
"August","Sufflamen bursa","2023",4,12000,35,0.114285714285714
"August","Sufflamen chrysopterum","2012",7,13586.9565217391,93,0.0752688172043011
"August","Sufflamen chrysopterus","2015",10,30000,136,0.0735294117647059
"August","Sufflamen chrysopterus","2016",2,6000,216,0.00925925925925926
"August","Sufflamen chrysopterus","2017",1,1000,73,0.0136986301369863
"August","Synchiropus ocellatus","2012",30,30000,93,0.32258064516129
"August","Synchiropus ocellatus","2013",16,20750,204,0.0784313725490196
"August","Synchiropus ocellatus","2015",36,55500,136,0.264705882352941
"August","Synchiropus ocellatus","2016",42,64000,216,0.194444444444444
"August","Synchiropus ocellatus","2017",2,2000,73,0.0273972602739726
"August","Synchiropus ocellatus","2018",229,301000,160,1.43125
"August","Synchiropus ocellatus","2023",2,7000,35,0.0571428571428571
"August","Thalassoma amblycephalum","2012",2,2000,93,0.021505376344086
"August","Thalassoma amblycephalum","2013",3,9000,204,0.0147058823529412
"August","Thalassoma amblycephalum","2016",1,2000,216,0.00462962962962963
"August","Thalassoma amblycephalum","2018",10,15000,160,0.0625
"August","Thalassoma amblycephalum","2022",1,3000,8,0.125
"August","Thalassoma amblycephalum","2023",2,6000,35,0.0571428571428571
"August","Thalassoma jansenii","2023",1,1000,35,0.0285714285714286
"August","Thalassoma lunare","2012",1,1000,93,0.010752688172043
"August","Thalassoma lunare","2015",6,10000,136,0.0441176470588235
"August","Thalassoma lunare","2016",22,28000,216,0.101851851851852
"August","Thalassoma lunare","2017",5,5000,73,0.0684931506849315
"August","Thalassoma lunare","2018",10,10000,160,0.0625
"August","Valenciennea helsdingenii","2012",17,25500,93,0.182795698924731
"August","Valenciennea helsdingenii","2016",15,22500,216,0.0694444444444444
"August","Valenciennea helsdingenii","2017",41,69250,73,0.561643835616438
"August","Valenciennea helsdingenii","2018",51,91250,160,0.31875
"August","Valenciennea helsdingenii","2023",2,6000,35,0.0571428571428571
"August","Valenciennea puellaris","2012",56,70606.0109289618,93,0.602150537634409
"August","Valenciennea puellaris","2013",316,488500,204,1.54901960784314
"August","Valenciennea puellaris","2015",240,440000,136,1.76470588235294
"August","Valenciennea puellaris","2016",732,1115000,216,3.38888888888889
"August","Valenciennea puellaris","2017",142,256000,73,1.94520547945205
"August","Valenciennea puellaris","2018",425,781500,160,2.65625
"August","Valenciennea puellaris","2022",2,6000,8,0.25
"August","Valenciennea puellaris","2023",50,116000,35,1.42857142857143
"August","Valenciennea sexguttata","2012",34,33320.1754385965,93,0.365591397849462
"August","Valenciennea sexguttata","2013",190,190000,204,0.931372549019608
"August","Valenciennea sexguttata","2015",13,13500,136,0.0955882352941176
"August","Valenciennea sexguttata","2016",255,296000,216,1.18055555555556
"August","Valenciennea sexguttata","2017",115,171000,73,1.57534246575342
"August","Valenciennea sexguttata","2018",228,342000,160,1.425
"August","Valenciennea sexguttata","2023",18,41000,35,0.514285714285714
"August","Valenciennea strigata","2012",97,116400,93,1.04301075268817
"August","Valenciennea strigata","2013",410,547500,204,2.00980392156863
"August","Valenciennea strigata","2016",67,1e+05,216,0.310185185185185
"August","Valenciennea strigata","2018",52,104000,160,0.325
"August","Valenciennea strigata","2022",7,21000,8,0.875
"August","Valenciennea strigata","2023",108,324000,35,3.08571428571429
"August","Variola louti","2012",4,6000,93,0.043010752688172
"August","Variola louti","2016",1,1500,216,0.00462962962962963
"August","Variola louti","2017",2,4000,73,0.0273972602739726
"August","Wetmorella nigropinnata","2012",55,53000,93,0.591397849462366
"August","Wetmorella nigropinnata","2015",60,75500,136,0.441176470588235
"August","Wetmorella nigropinnata","2016",149,163000,216,0.689814814814815
"August","Wetmorella nigropinnata","2017",30,36000,73,0.410958904109589
"August","Wetmorella nigropinnata","2018",83,98000,160,0.51875
"August","Wetmorella nigropinnata","2023",2,2150,35,0.0571428571428571
"August","Zanclus cornutus","2012",105,187093.333333333,93,1.12903225806452
"August","Zanclus cornutus","2015",93,139500,136,0.683823529411765
"August","Zanclus cornutus","2016",108,164750,216,0.5
"August","Zanclus cornutus","2017",7,14000,73,0.0958904109589041
"August","Zanclus cornutus","2018",18,36000,160,0.1125
"August","Zanclus cornutus","2023",9,23000,35,0.257142857142857
"August","Zebrasoma scopas","2012",26,38024.6855345911,93,0.279569892473118
"August","Zebrasoma scopas","2013",28,44000,204,0.137254901960784
"August","Zebrasoma scopas","2015",67,175500,136,0.492647058823529
"August","Zebrasoma scopas","2016",207,350000,216,0.958333333333333
"August","Zebrasoma scopas","2017",53,112200,73,0.726027397260274
"August","Zebrasoma scopas","2018",113,252000,160,0.70625
"August","Zebrasoma scopas","2022",15,58000,8,1.875
"August","Zebrasoma scopas","2023",46,115000,35,1.31428571428571
"September","#N/A","2012",311,773000,205,1.51707317073171
"September","#N/A","2013",5244,7807350,108,48.5555555555556
"September","#N/A","2015",2114,7432900,84,25.1666666666667
"September","#N/A","2017",2149,10885050,112,19.1875
"September","#N/A","2023",15,16500,87,0.172413793103448
"September","Abalistes stellaris","2013",1,25000,108,0.00925925925925926
"September","Ablabys macracanthus","2023",3,7500,87,0.0344827586206897
"September","Ablabys taenianotus","2013",1,1000,108,0.00925925925925926
"September","Abudefduf saxatilis","2012",5,45000,205,0.024390243902439
"September","Abudefduf septemfasciatus","2012",395,197500,205,1.92682926829268
"September","Acanthurus bariene","2016",132,1361500,262,0.50381679389313
"September","Acanthurus bariene","2018",16,160000,196,0.0816326530612245
"September","Acanthurus bariene","2023",2,20000,87,0.0229885057471264
"September","Acanthurus chronixis","2012",137,191150,205,0.668292682926829
"September","Acanthurus chronixis","2013",14,50000,108,0.12962962962963
"September","Acanthurus chronixis","2022",22,132000,30,0.733333333333333
"September","Acanthurus chronixis","2023",6,36000,87,0.0689655172413793
"September","Acanthurus grammoptilus","2012",1,1000,205,0.0048780487804878
"September","Acanthurus grammoptilus","2013",2,1000,108,0.0185185185185185
"September","Acanthurus leucoheilus","2015",2,10000,84,0.0238095238095238
"September","Acanthurus leucoheilus","2016",6,30000,262,0.0229007633587786
"September","Acanthurus leucoheilus","2018",3,15000,196,0.0153061224489796
"September","Acanthurus leucoheilus","2023",6,27000,87,0.0689655172413793
"September","Acanthurus lineatus","2012",140,354500,205,0.682926829268293
"September","Acanthurus lineatus","2013",47,167250,108,0.435185185185185
"September","Acanthurus lineatus","2015",42,151000,84,0.5
"September","Acanthurus lineatus","2016",1540,4291000,262,5.87786259541985
"September","Acanthurus lineatus","2017",85,323500,112,0.758928571428571
"September","Acanthurus lineatus","2018",54,204000,196,0.275510204081633
"September","Acanthurus lineatus","2022",70,322000,30,2.33333333333333
"September","Acanthurus lineatus","2023",48,187000,87,0.551724137931034
"September","Acanthurus maculiceps","2012",2,23000,205,0.00975609756097561
"September","Acanthurus maculiceps","2015",5,102500,84,0.0595238095238095
"September","Acanthurus maculiceps","2016",146,1220000,262,0.557251908396947
"September","Acanthurus maculiceps","2018",1,10000,196,0.00510204081632653
"September","Acanthurus nigricans","2012",16,167000,205,0.0780487804878049
"September","Acanthurus nigricans","2015",2,20500,84,0.0238095238095238
"September","Acanthurus nigricans","2016",261,2511000,262,0.99618320610687
"September","Acanthurus nigricans","2017",11,130000,112,0.0982142857142857
"September","Acanthurus nigricans","2018",3,32500,196,0.0153061224489796
"September","Acanthurus nigricans","2022",2,30000,30,0.0666666666666667
"September","Acanthurus nigricans","2023",11,176250,87,0.126436781609195
"September","Acanthurus nigrofuscus","2012",6,5500,205,0.0292682926829268
"September","Acanthurus nigrofuscus","2016",69,69000,262,0.263358778625954
"September","Acanthurus nigrofuscus","2017",1,1000,112,0.00892857142857143
"September","Acanthurus nigrofuscus","2018",9,9000,196,0.0459183673469388
"September","Acanthurus nigrofuscus","2023",1,1250,87,0.0114942528735632
"September","Acanthurus nigroris","2015",97,105000,84,1.1547619047619
"September","Acanthurus nigroris","2016",317,389000,262,1.20992366412214
"September","Acanthurus nigroris","2017",37,67000,112,0.330357142857143
"September","Acanthurus nigroris","2018",40,73000,196,0.204081632653061
"September","Acanthurus nigroris","2023",24,36000,87,0.275862068965517
"September","Acanthurus olivaceus","2012",6,18000,205,0.0292682926829268
"September","Acanthurus olivaceus","2013",6,28000,108,0.0555555555555556
"September","Acanthurus olivaceus","2015",8,35500,84,0.0952380952380952
"September","Acanthurus olivaceus","2016",64,264000,262,0.244274809160305
"September","Acanthurus olivaceus","2017",5,12750,112,0.0446428571428571
"September","Acanthurus olivaceus","2018",27,109000,196,0.137755102040816
"September","Acanthurus olivaceus","2022",17,118000,30,0.566666666666667
"September","Acanthurus olivaceus","2023",1,4000,87,0.0114942528735632
"September","Acanthurus pyroferus","2012",22,65000,205,0.107317073170732
"September","Acanthurus pyroferus","2013",4,39000,108,0.037037037037037
"September","Acanthurus pyroferus","2015",12,39000,84,0.142857142857143
"September","Acanthurus pyroferus","2016",107,236000,262,0.408396946564886
"September","Acanthurus pyroferus","2017",11,28000,112,0.0982142857142857
"September","Acanthurus pyroferus","2018",48,129500,196,0.244897959183673
"September","Acanthurus pyroferus","2022",7,105000,30,0.233333333333333
"September","Acanthurus pyroferus","2023",3,35000,87,0.0344827586206897
"September","Acanthurus triostegus","2012",57,99500,205,0.278048780487805
"September","Acanthurus triostegus","2015",69,91500,84,0.821428571428571
"September","Acanthurus triostegus","2016",137,183750,262,0.522900763358779
"September","Acanthurus triostegus","2017",6,10500,112,0.0535714285714286
"September","Acanthurus triostegus","2018",18,32000,196,0.0918367346938776
"September","Acanthurus triostegus","2022",34,124000,30,1.13333333333333
"September","Acanthurus triostegus","2023",85,108755.421686747,87,0.977011494252874
"September","Acanthurus tristris","2016",37,92500,262,0.141221374045802
"September","Acanthurus tristris","2023",9,21000,87,0.103448275862069
"September","Acanthurus xanthopterus","2018",6,30000,196,0.0306122448979592
"September","Alectis ciliaris","2012",2,12000,205,0.00975609756097561
"September","Amblycirrhitus pinos","2013",80,117000,108,0.740740740740741
"September","Amblyeleotris steinitzi","2012",6,9000,205,0.0292682926829268
"September","Amblyeleotris steinitzi","2015",5,12500,84,0.0595238095238095
"September","Amblyeleotris steinitzi","2018",1,3000,196,0.00510204081632653
"September","Amblyeleotris steinitzi","2023",1,2000,87,0.0114942528735632
"September","Amblyeleotris wheeleri","2015",1,2500,84,0.0119047619047619
"September","Amblyeteleotris gymnocephala","2012",7,8000,205,0.0341463414634146
"September","Amblygobius phalaena","2022",1,3000,30,0.0333333333333333
"September","Amblygobius rainfordi","2015",1,2000,84,0.0119047619047619
"September","Amblygobius rainfordi","2016",2,2000,262,0.00763358778625954
"September","Amblygobius rainfordi","2017",3,3000,112,0.0267857142857143
"September","Amblygobius rainfordi","2018",8,8000,196,0.0408163265306122
"September","Amphiprion clarkii","2012",79,141400,205,0.385365853658537
"September","Amphiprion clarkii","2015",54,90500,84,0.642857142857143
"September","Amphiprion clarkii","2016",124,242000,262,0.473282442748092
"September","Amphiprion clarkii","2017",55,146250,112,0.491071428571429
"September","Amphiprion clarkii","2018",80,132500,196,0.408163265306122
"September","Amphiprion clarkii","2022",2,8000,30,0.0666666666666667
"September","Amphiprion clarkii","2023",12,30000,87,0.137931034482759
"September","Amphiprion ocellaris","2012",13,18700,205,0.0634146341463415
"September","Amphiprion ocellaris","2015",21,50500,84,0.25
"September","Amphiprion ocellaris","2016",48,88250,262,0.183206106870229
"September","Amphiprion ocellaris","2017",23,51500,112,0.205357142857143
"September","Amphiprion ocellaris","2018",27,67500,196,0.137755102040816
"September","Amphiprion ocellaris","2022",3,7500,30,0.1
"September","Amphiprion ocellaris","2023",6,9000,87,0.0689655172413793
"September","Amphiprion perideraion","2022",3,7500,30,0.1
"September","Amphiprion sandaracinos","2015",1,1500,84,0.0119047619047619
"September","Amphiprion sandaracinos","2016",30,40000,262,0.114503816793893
"September","Amphiprion sandaracinos","2017",1,1500,112,0.00892857142857143
"September","Amphiprion sandaracinos","2018",14,23000,196,0.0714285714285714
"September","Amphiprion sandaracinos","2023",1,3000,87,0.0114942528735632
"September","Anampses caeruleopunctatus","2012",6,11000,205,0.0292682926829268
"September","Anampses caeruleopunctatus","2015",3,4000,84,0.0357142857142857
"September","Anampses caeruleopunctatus","2016",3,4000,262,0.0114503816793893
"September","Anampses caeruleopunctatus","2017",11,31000,112,0.0982142857142857
"September","Anampses caeruleopunctatus","2018",6,16000,196,0.0306122448979592
"September","Anampses caeruleopunctatus","2022",3,10500,30,0.1
"September","Anampses caeruleopunctatus","2023",7,7000,87,0.0804597701149425
"September","Anampses lineatus","2012",11,11500,205,0.0536585365853659
"September","Anampses melanurus","2012",6,12000,205,0.0292682926829268
"September","Anampses melanurus","2016",3,8000,262,0.0114503816793893
"September","Anampses melanurus","2017",5,8500,112,0.0446428571428571
"September","Anampses melanurus","2018",3,7000,196,0.0153061224489796
"September","Anampses melanurus","2023",4,32000,87,0.0459770114942529
"September","Anampses meleagrides","2012",35,211500,205,0.170731707317073
"September","Anampses meleagrides","2013",2,12000,108,0.0185185185185185
"September","Anampses meleagrides","2015",8,80000,84,0.0952380952380952
"September","Anampses meleagrides","2016",14,110000,262,0.0534351145038168
"September","Anampses meleagrides","2017",6,53500,112,0.0535714285714286
"September","Anampses meleagrides","2018",21,169500,196,0.107142857142857
"September","Anampses meleagrides","2023",11,93000,87,0.126436781609195
"September","Ancanthurus pyroferus","2016",20,138000,262,0.0763358778625954
"September","Ancanthurus pyroferus","2018",5,60000,196,0.0255102040816327
"September","Antennarius nummifer","2016",1,2000,262,0.00381679389312977
"September","Apogon semiornatus","2012",9,82500,205,0.0439024390243902
"September","Apolemichthys trimaculatus","2013",2,4000,108,0.0185185185185185
"September","Apolemichthys trimaculatus","2015",1,5000,84,0.0119047619047619
"September","Apolemichthys trimaculatus","2016",4,52500,262,0.0152671755725191
"September","Apolemichthys trimaculatus","2017",3,57000,112,0.0267857142857143
"September","Apolemichthys trimaculatus","2018",1,10000,196,0.00510204081632653
"September","Apolemichthys trimaculatus","2022",1,30000,30,0.0333333333333333
"September","Arothron meleagris","2013",7,13500,108,0.0648148148148148
"September","Arothron meleagris","2015",2,4000,84,0.0238095238095238
"September","Arothron meleagris","2016",99,179750,262,0.377862595419847
"September","Arothron meleagris","2017",10,23750,112,0.0892857142857143
"September","Arothron meleagris","2018",21,63000,196,0.107142857142857
"September","Arothron nigropunctatus","2022",1,4000,30,0.0333333333333333
"September","Arothron nigropunctatus","2023",15,37353.4084507042,87,0.172413793103448
"September","Atrosalarias fuscus","2015",3,3000,84,0.0357142857142857
"September","Atrosalarias fuscus","2016",69,69000,262,0.263358778625954
"September","Atrosalarias fuscus","2017",1,1000,112,0.00892857142857143
"September","Atrosalarias fuscus","2018",47,48000,196,0.239795918367347
"September","Balistapus undulatus","2013",1,2500,108,0.00925925925925926
"September","Balistapus undulatus","2016",50,82000,262,0.190839694656489
"September","Bodianus axillaris","2016",2,13000,262,0.00763358778625954
"September","Bodianus axillaris","2017",1,8000,112,0.00892857142857143
"September","Bodianus bilunulatus","2018",3,20500,196,0.0153061224489796
"September","Bodianus bilunulatus","2022",1,8000,30,0.0333333333333333
"September","Bodianus bimaculatus","2016",49,183000,262,0.187022900763359
"September","Bodianus bimaculatus","2018",59,295000,196,0.301020408163265
"September","Bodianus diana","2015",43,91000,84,0.511904761904762
"September","Bodianus diana","2016",74,149000,262,0.282442748091603
"September","Bodianus diana","2017",78,162500,112,0.696428571428571
"September","Bodianus diana","2018",111,224000,196,0.566326530612245
"September","Bodianus diana","2022",2,6000,30,0.0666666666666667
"September","Bodianus diana","2023",14,21101.2727272727,87,0.160919540229885
"September","Bodianus mesothorax","2015",17,40000,84,0.202380952380952
"September","Bodianus mesothorax","2016",59,135500,262,0.225190839694656
"September","Bodianus mesothorax","2017",17,44000,112,0.151785714285714
"September","Bodianus mesothorax","2018",77,159000,196,0.392857142857143
"September","Bodianus mesothorax","2022",6,18000,30,0.2
"September","Bodianus mesothorax","2023",27,59500,87,0.310344827586207
"September","Calcinus elegans","2023",148,789714.285714286,87,1.70114942528736
"September","Cantherhines pardalis","2013",1,2000,108,0.00925925925925926
"September","Canthigaster epilampra","2013",20,40000,108,0.185185185185185
"September","Canthigaster solandri","2022",16,48000,30,0.533333333333333
"September","Canthigaster solandri","2023",4,6000,87,0.0459770114942529
"September","Canthigaster valentini","2012",26,36500,205,0.126829268292683
"September","Canthigaster valentini","2015",45,88500,84,0.535714285714286
"September","Canthigaster valentini","2016",19,38500,262,0.0725190839694656
"September","Canthigaster valentini","2017",35,69500,112,0.3125
"September","Canthigaster valentini","2018",119,164000,196,0.607142857142857
"September","Canthigaster valentini","2022",14,42000,30,0.466666666666667
"September","Canthigaster valentini","2023",1,1250,87,0.0114942528735632
"September","Centropyge argi","2012",29,301500,205,0.141463414634146
"September","Centropyge bicolor","2012",125,260500,205,0.609756097560976
"September","Centropyge bicolor","2013",11,47500,108,0.101851851851852
"September","Centropyge bicolor","2015",40,151000,84,0.476190476190476
"September","Centropyge bicolor","2016",118,393500,262,0.450381679389313
"September","Centropyge bicolor","2017",79,277500,112,0.705357142857143
"September","Centropyge bicolor","2018",103,435000,196,0.525510204081633
"September","Centropyge bicolor","2022",16,94000,30,0.533333333333333
"September","Centropyge bicolor","2023",81,188500,87,0.931034482758621
"September","Centropyge bispinosus","2012",1,3000,205,0.0048780487804878
"September","Centropyge bispinosus","2017",2,11000,112,0.0178571428571429
"September","Centropyge eibli","2012",66,200500,205,0.321951219512195
"September","Centropyge eibli","2015",9,29000,84,0.107142857142857
"September","Centropyge eibli","2016",27,93500,262,0.103053435114504
"September","Centropyge eibli","2017",18,86000,112,0.160714285714286
"September","Centropyge eibli","2018",52,260000,196,0.26530612244898
"September","Centropyge eibli","2022",16,109000,30,0.533333333333333
"September","Centropyge eibli","2023",24,105000,87,0.275862068965517
"September","Centropyge nox","2016",1,2000,262,0.00381679389312977
"September","Centropyge nox","2023",6,12000,87,0.0689655172413793
"September","Centropyge tibicen","2012",21,43000,205,0.102439024390244
"September","Centropyge tibicen","2013",4,10000,108,0.037037037037037
"September","Centropyge tibicen","2015",7,20000,84,0.0833333333333333
"September","Centropyge tibicen","2016",65,141000,262,0.248091603053435
"September","Centropyge tibicen","2017",2,4000,112,0.0178571428571429
"September","Centropyge tibicen","2018",12,36000,196,0.0612244897959184
"September","Centropyge tibicen","2022",14,56000,30,0.466666666666667
"September","Centropyge vroliki","2015",22,33000,84,0.261904761904762
"September","Centropyge vroliki","2016",68,139500,262,0.259541984732824
"September","Centropyge vroliki","2017",20,32000,112,0.178571428571429
"September","Centropyge vroliki","2018",65,69500,196,0.331632653061224
"September","Centropyge vroliki","2022",15,45000,30,0.5
"September","Centropyge vroliki","2023",34,77000,87,0.390804597701149
"September","Centropyge vrolikii","2012",50,65000,205,0.24390243902439
"September","Cephalopholis miniata","2012",46,121500,205,0.224390243902439
"September","Cephalopholis miniata","2016",2,6000,262,0.00763358778625954
"September","Cephalopholis miniata","2017",1,3000,112,0.00892857142857143
"September","Cephalopholis miniata","2018",2,6000,196,0.0102040816326531
"September","Cetoscarus bicolor","2016",2,10000,262,0.00763358778625954
"September","Chaetodon Sp","2023",27,40500,87,0.310344827586207
"September","Chaetodon adiergastos","2016",3,3000,262,0.0114503816793893
"September","Chaetodon adiergastos","2018",17,17000,196,0.086734693877551
"September","Chaetodon auriga","2018",1,5000,196,0.00510204081632653
"September","Chaetodon baronessa","2012",25,31000,205,0.121951219512195
"September","Chaetodon baronessa","2013",12,19500,108,0.111111111111111
"September","Chaetodon baronessa","2015",15,27000,84,0.178571428571429
"September","Chaetodon baronessa","2016",62,117500,262,0.236641221374046
"September","Chaetodon baronessa","2017",11,26000,112,0.0982142857142857
"September","Chaetodon baronessa","2018",88,104500,196,0.448979591836735
"September","Chaetodon baronessa","2022",25,75000,30,0.833333333333333
"September","Chaetodon baronessa","2023",12,36000,87,0.137931034482759
"September","Chaetodon bennetti","2012",1,4500,205,0.0048780487804878
"September","Chaetodon bennetti","2013",9,40500,108,0.0833333333333333
"September","Chaetodon bennetti","2016",73,257000,262,0.278625954198473
"September","Chaetodon bennetti","2017",1,5000,112,0.00892857142857143
"September","Chaetodon citrinellus","2022",16,32000,30,0.533333333333333
"September","Chaetodon citrinellus","2023",2,4000,87,0.0229885057471264
"September","Chaetodon decussatus","2022",5,14000,30,0.166666666666667
"September","Chaetodon kleinii","2013",56,72000,108,0.518518518518518
"September","Chaetodon kleinii","2016",102,136000,262,0.389312977099237
"September","Chaetodon kleinii","2018",207,258000,196,1.05612244897959
"September","Chaetodon kleinii","2022",44,88000,30,1.46666666666667
"September","Chaetodon kleinii","2023",47,31191.0538461539,87,0.540229885057471
"September","Chaetodon lunula","2013",2,11000,108,0.0185185185185185
"September","Chaetodon lunula","2016",21,124500,262,0.0801526717557252
"September","Chaetodon lunula","2018",1,15000,196,0.00510204081632653
"September","Chaetodon lunula","2023",2,9000,87,0.0229885057471264
"September","Chaetodon melannotus","2015",3,7500,84,0.0357142857142857
"September","Chaetodon melannotus","2016",1,2500,262,0.00381679389312977
"September","Chaetodon melannotus","2017",1,2500,112,0.00892857142857143
"September","Chaetodon meyeri","2012",10,74500,205,0.0487804878048781
"September","Chaetodon meyeri","2013",3,22000,108,0.0277777777777778
"September","Chaetodon meyeri","2016",8,25500,262,0.0305343511450382
"September","Chaetodon meyeri","2018",1,5000,196,0.00510204081632653
"September","Chaetodon ornatissimus","2012",14,108000,205,0.0682926829268293
"September","Chaetodon ornatissimus","2017",4,32000,112,0.0357142857142857
"September","Chaetodon trifascialis","2015",3,7500,84,0.0357142857142857
"September","Chaetodon trifascialis","2016",1,2000,262,0.00381679389312977
"September","Chaetodon trifascialis","2017",5,17500,112,0.0446428571428571
"September","Chaetodon trifascialis","2022",4,20000,30,0.133333333333333
"September","Chaetodon trifasciatus","2012",48,50500,205,0.234146341463415
"September","Chaetodon trifasciatus","2013",7,10500,108,0.0648148148148148
"September","Chaetodon trifasciatus","2015",7,13000,84,0.0833333333333333
"September","Chaetodon trifasciatus","2016",29,41000,262,0.110687022900763
"September","Chaetodon trifasciatus","2017",14,32000,112,0.125
"September","Chaetodon trifasciatus","2018",3,7500,196,0.0153061224489796
"September","Chaetodon trifasciatus","2022",22,66000,30,0.733333333333333
"September","Chaetodon trifasciatus","2023",4,7500,87,0.0459770114942529
"September","Chaetodon vagabundus","2022",19,55000,30,0.633333333333333
"September","Cheilinus chlorourus","2012",10,12000,205,0.0487804878048781
"September","Cheilinus fasciatus","2012",1,1000,205,0.0048780487804878
"September","Cheilinus fasciatus","2015",1,1000,84,0.0119047619047619
"September","Cheilinus fasciatus","2016",4,4000,262,0.0152671755725191
"September","Cheilinus fasciatus","2018",6,11000,196,0.0306122448979592
"September","Cheilinus fasciatus","2023",4,4000,87,0.0459770114942529
"September","Chirrhilabrus cyanopleura","2016",163,156500,262,0.622137404580153
"September","Chirrhilabrus cyanopleura","2018",84,135000,196,0.428571428571429
"September","Chromis lineata","2022",81,162000,30,2.7
"September","Chromis lineata","2023",121,242000,87,1.39080459770115
"September","Chromis margaritifer","2012",701,436500,205,3.41951219512195
"September","Chromis margaritifer","2013",179,174200,108,1.65740740740741
"September","Chromis margaritifer","2015",194,277500,84,2.30952380952381
"September","Chromis margaritifer","2016",764,644900,262,2.91603053435115
"September","Chromis margaritifer","2017",514,478600,112,4.58928571428571
"September","Chromis margaritifer","2018",542,611500,196,2.76530612244898
"September","Chromis margaritifer","2022",170,255000,30,5.66666666666667
"September","Chromis margaritifer","2023",231,233250,87,2.6551724137931
"September","Chromis opercularis","2012",30,15000,205,0.146341463414634
"September","Chromis retrofasciata","2016",50,39000,262,0.190839694656489
"September","Chromis retrofasciata","2018",595,616000,196,3.03571428571429
"September","Chromis retrofasciata","2022",197,295500,30,6.56666666666667
"September","Chromis retrofasciata","2023",118,177000,87,1.35632183908046
"September","Chromis viridis","2012",430,360000,205,2.09756097560976
"September","Chromis viridis","2013",1700,1232000,108,15.7407407407407
"September","Chromis viridis","2015",1255,1113000,84,14.9404761904762
"September","Chromis viridis","2016",6185,6034000,262,23.6068702290076
"September","Chromis viridis","2017",850,1275000,112,7.58928571428571
"September","Chromis viridis","2018",800,1150000,196,4.08163265306122
"September","Chromis viridis","2022",1450,2175000,30,48.3333333333333
"September","Chromis weberi","2012",1797,989000,205,8.76585365853659
"September","Chromis weberi","2013",139,139000,108,1.28703703703704
"September","Chromis xanthura","2012",324,201000,205,1.58048780487805
"September","Chrysiptera caeruleolineata","2012",1369,6507000,205,6.6780487804878
"September","Chrysiptera talboti","2012",347,199000,205,1.69268292682927
"September","Chrysiptera talboti","2013",137,136600,108,1.26851851851852
"September","Chrysiptera talboti","2015",226,198600,84,2.69047619047619
"September","Chrysiptera talboti","2016",1804,1137700,262,6.88549618320611
"September","Chrysiptera talboti","2017",815,613200,112,7.27678571428571
"September","Chrysiptera talboti","2018",1633,1713000,196,8.33163265306122
"September","Chrysiptera talboti","2022",294,441000,30,9.8
"September","Chrysiptera talboti","2023",488,547000,87,5.60919540229885
"September","Cirrhilabrus cyanopleura","2013",85,161500,108,0.787037037037037
"September","Cirrhilabrus cyanopleura","2022",64,128000,30,2.13333333333333
"September","Cirrhilabrus cyanopleura","2023",63,98000,87,0.724137931034483
"September","Cirrhilabrus exquisitus","2013",2,5000,108,0.0185185185185185
"September","Cirrhilabrus exquisitus","2016",131,228000,262,0.5
"September","Cirrhilabrus exquisitus","2018",27,59000,196,0.137755102040816
"September","Cirrhilabrus exquisitus","2022",1,4000,30,0.0333333333333333
"September","Cirrhilabrus exquisitus","2023",7,18000,87,0.0804597701149425
"September","Cirrhilabrus filamentosus","2012",7,24500,205,0.0341463414634146
"September","Cirrhilabrus filamentosus","2015",19,47500,84,0.226190476190476
"September","Cirrhilabrus filamentosus","2016",65,210000,262,0.248091603053435
"September","Cirrhilabrus flavidorsalis","2012",1,2000,205,0.0048780487804878
"September","Cirrhilabrus lubbocki","2012",1,1500,205,0.0048780487804878
"September","Cirrhilabrus lubbocki","2015",7,10500,84,0.0833333333333333
"September","Cirrhilabrus lubbocki","2016",13,13500,262,0.049618320610687
"September","Cirrhilabrus lubbocki","2017",1,1000,112,0.00892857142857143
"September","Cirrhilabrus lubbocki","2018",2,2000,196,0.0102040816326531
"September","Cirrhitichthys aprinus","2012",214,214800,205,1.04390243902439
"September","Cirrhitichthys aprinus","2015",46,47000,84,0.547619047619048
"September","Cirrhitichthys aprinus","2016",82,87500,262,0.312977099236641
"September","Cirrhitichthys aprinus","2017",50,54000,112,0.446428571428571
"September","Cirrhitichthys aprinus","2018",140,181500,196,0.714285714285714
"September","Cirrhitichthys aprinus","2023",25,25000,87,0.28735632183908
"September","Cirrhitichthys falco","2022",14,28000,30,0.466666666666667
"September","Cirrhitichthys falco","2023",1,2000,87,0.0114942528735632
"September","Cirrhitichthys oxycephalus","2022",2,4000,30,0.0666666666666667
"September","Coris gaimard","2012",107,244250,205,0.521951219512195
"September","Coris gaimard","2013",11,31000,108,0.101851851851852
"September","Coris gaimard","2015",41,135500,84,0.488095238095238
"September","Coris gaimard","2016",200,556250,262,0.763358778625954
"September","Coris gaimard","2017",38,130500,112,0.339285714285714
"September","Coris gaimard","2018",66,216000,196,0.336734693877551
"September","Coris gaimard","2022",17,113000,30,0.566666666666667
"September","Coris gaimard","2023",132,452500,87,1.51724137931034
"September","Coris julis","2012",259,271000,205,1.26341463414634
"September","Coris julis","2013",2,7000,108,0.0185185185185185
"September","Coris pictoides","2013",3,5000,108,0.0277777777777778
"September","Coris pictoides","2016",1,1000,262,0.00381679389312977
"September","Cromileptes altivelis","2016",2,10000,262,0.00763358778625954
"September","Cryptocentrus leptocephalus","2022",3,9000,30,0.1
"September","Ctenochaetus striatus","2022",41,123000,30,1.36666666666667
"September","Ctenochaetus striatus","2023",11,33000,87,0.126436781609195
"September","Cyprinocirrhites polyactus","2015",1,1500,84,0.0119047619047619
"September","Cyprinocirrhites polyactus","2016",2,3000,262,0.00763358778625954
"September","Cyprinocirrhites polyactus","2017",25,37500,112,0.223214285714286
"September","Cyprinocirrhites polyactus","2018",27,40500,196,0.137755102040816
"September","Cyprinocirrhites polyactus","2023",7,10500,87,0.0804597701149425
"September","Dactyloptena orientalis","2013",1,5000,108,0.00925925925925926
"September","Dactyloptena orientalis","2017",1,5000,112,0.00892857142857143
"September","Dascyllus aruanus","2013",15,7500,108,0.138888888888889
"September","Dascyllus reticulatus","2012",185,92500,205,0.902439024390244
"September","Dascyllus reticulatus","2015",81,121500,84,0.964285714285714
"September","Dascyllus reticulatus","2017",75,112500,112,0.669642857142857
"September","Dascyllus reticulatus","2022",141,211500,30,4.7
"September","Dascyllus trimaculatus","2012",276,165500,205,1.34634146341463
"September","Dascyllus trimaculatus","2013",308,236800,108,2.85185185185185
"September","Dascyllus trimaculatus","2015",96,85000,84,1.14285714285714
"September","Dascyllus trimaculatus","2016",696,483300,262,2.65648854961832
"September","Dascyllus trimaculatus","2017",732,495900,112,6.53571428571429
"September","Dascyllus trimaculatus","2018",791,778400,196,4.03571428571429
"September","Dascyllus trimaculatus","2022",88,132000,30,2.93333333333333
"September","Dascyllus trimaculatus","2023",33,24750,87,0.379310344827586
"September","Dendrochirus biocellatus","2012",2,14000,205,0.00975609756097561
"September","Dendrochirus biocellatus","2013",15,39500,108,0.138888888888889
"September","Dendrochirus biocellatus","2015",1,15000,84,0.0119047619047619
"September","Dendrochirus biocellatus","2016",8,64000,262,0.0305343511450382
"September","Dendrochirus biocellatus","2017",9,93000,112,0.0803571428571429
"September","Dendrochirus biocellatus","2018",8,80000,196,0.0408163265306122
"September","Dendrochirus zebra","2012",15,18000,205,0.0731707317073171
"September","Dendrochirus zebra","2015",4,4000,84,0.0476190476190476
"September","Dendrochirus zebra","2016",19,19000,262,0.0725190839694656
"September","Dendrochirus zebra","2017",1,2500,112,0.00892857142857143
"September","Dendrochirus zebra","2018",7,8500,196,0.0357142857142857
"September","Dendrochirus zebra","2023",13,19690.4761904762,87,0.149425287356322
"September","Diodon holocanthus","2012",4,5500,205,0.0195121951219512
"September","Diodon liturosus","2016",1,5000,262,0.00381679389312977
"September","Diodon liturosus","2018",1,5000,196,0.00510204081632653
"September","Diproctacanthus xanthurus","2012",3,3000,205,0.0146341463414634
"September","Diproctacanthus xanthurus","2015",1,1000,84,0.0119047619047619
"September","Dischistodus perspicillatus","2015",58,29000,84,0.69047619047619
"September","Doryrhamphus dactyliophorus","2012",4,5250,205,0.0195121951219512
"September","Doryrhamphus dactyliophorus","2015",3,4500,84,0.0357142857142857
"September","Doryrhamphus dactyliophorus","2016",10,15500,262,0.0381679389312977
"September","Doryrhamphus dactyliophorus","2017",2,4000,112,0.0178571428571429
"September","Doryrhamphus dactyliophorus","2018",3,6000,196,0.0153061224489796
"September","Echidna polyzona","2012",1,7000,205,0.0048780487804878
"September","Echidna polyzona","2017",1,10000,112,0.00892857142857143
"September","Echidna polyzona","2018",2,25000,196,0.0102040816326531
"September","Ecsenius bicolor","2012",57,85750,205,0.278048780487805
"September","Ecsenius bicolor","2015",98,198000,84,1.16666666666667
"September","Ecsenius bicolor","2016",1082,1648500,262,4.12977099236641
"September","Ecsenius bicolor","2017",34,74500,112,0.303571428571429
"September","Ecsenius bicolor","2018",45,75500,196,0.229591836734694
"September","Ecsenius bicolor","2022",33,99000,30,1.1
"September","Ecsenius bicolor","2023",12,25000,87,0.137931034482759
"September","Ecsenius midas","2013",1,2500,108,0.00925925925925926
"September","Ecsenius midas","2018",3,6000,196,0.0153061224489796
"September","Ecsenius namiyei","2012",7,19000,205,0.0341463414634146
"September","Enneapterygius atrogulare","2012",129,139750,205,0.629268292682927
"September","Enoplometopus occedentalis","2016",2,4000,262,0.00763358778625954
"September","Enoplometopus occidentalis","2012",249,272000,205,1.21463414634146
"September","Enoplometopus occidentalis","2013",1,1000,108,0.00925925925925926
"September","Exallias brevis","2012",2,6000,205,0.00975609756097561
"September","Exallias brevis","2015",3,7000,84,0.0357142857142857
"September","Exallias brevis","2016",6,14000,262,0.0229007633587786
"September","Exallias brevis","2023",4,5500,87,0.0459770114942529
"September","Forcipiger flavissimus","2012",5,40500,205,0.024390243902439
"September","Forcipiger flavissimus","2013",4,43500,108,0.037037037037037
"September","Forcipiger flavissimus","2015",2,14000,84,0.0238095238095238
"September","Forcipiger flavissimus","2016",4,28000,262,0.0152671755725191
"September","Forcipiger flavissimus","2018",2,9000,196,0.0102040816326531
"September","Forcipiger flavissimus","2023",4,43003.8888888889,87,0.0459770114942529
"September","Genicanthus lamarck","2015",1,2500,84,0.0119047619047619
"September","Genicanthus lamarck","2018",1,5000,196,0.00510204081632653
"September","Gomphosus varius","2012",32,59000,205,0.15609756097561
"September","Gomphosus varius","2015",2,3000,84,0.0238095238095238
"September","Gomphosus varius","2016",8,13000,262,0.0305343511450382
"September","Gomphosus varius","2017",3,6000,112,0.0267857142857143
"September","Gomphosus varius","2018",4,8000,196,0.0204081632653061
"September","Gomphosus varius","2023",2,3048.04545454545,87,0.0229885057471264
"September","Gorgasia preclara","2012",2,3500,205,0.00975609756097561
"September","Gymnomuraena zebra","2023",1,25000,87,0.0114942528735632
"September","Halichoeres argus","2023",1,1000,87,0.0114942528735632
"September","Halichoeres bicolor","2023",1,2000,87,0.0114942528735632
"September","Halichoeres chrysus","2012",998,1501850,205,4.86829268292683
"September","Halichoeres chrysus","2013",334,651750,108,3.09259259259259
"September","Halichoeres chrysus","2015",613,1065500,84,7.29761904761905
"September","Halichoeres chrysus","2016",2499,3830750,262,9.5381679389313
"September","Halichoeres chrysus","2017",481,940250,112,4.29464285714286
"September","Halichoeres chrysus","2018",914,1874000,196,4.66326530612245
"September","Halichoeres chrysus","2022",304,912000,30,10.1333333333333
"September","Halichoeres chrysus","2023",448,941000,87,5.14942528735632
"September","Halichoeres hortulanus","2012",70,77600,205,0.341463414634146
"September","Halichoeres hortulanus","2013",54,73800,108,0.5
"September","Halichoeres hortulanus","2015",16,24000,84,0.19047619047619
"September","Halichoeres hortulanus","2016",47,37250,262,0.179389312977099
"September","Halichoeres hortulanus","2017",16,14250,112,0.142857142857143
"September","Halichoeres hortulanus","2018",41,39000,196,0.209183673469388
"September","Halichoeres hortulanus","2023",46,50500,87,0.528735632183908
"September","Halichoeres marginatus","2015",47,117500,84,0.55952380952381
"September","Halichoeres marginatus","2022",51,153000,30,1.7
"September","Halichoeres marginatus","2023",18,54000,87,0.206896551724138
"September","Halichoeres melanurus","2015",3,6000,84,0.0357142857142857
"September","Halichoeres melanurus","2016",16,16000,262,0.0610687022900763
"September","Halichoeres melanurus","2017",91,91000,112,0.8125
"September","Halichoeres melanurus","2018",80,81000,196,0.408163265306122
"September","Halichoeres melanurus","2022",2,6000,30,0.0666666666666667
"September","Halichoeres nebulosus","2013",44,110000,108,0.407407407407407
"September","Halichoeres podostigma","2022",2,5000,30,0.0666666666666667
"September","Halichoeres podostigma","2023",1,2500,87,0.0114942528735632
"September","Halichoeres prosopeion","2022",4,10000,30,0.133333333333333
"September","Hemitaurichthys polylepis","2017",1,15000,112,0.00892857142857143
"September","Heniochus acuminatus","2013",81,827500,108,0.75
"September","Heniochus acuminatus","2022",4,80000,30,0.133333333333333
"September","Heniochus monoceros","2015",26,221500,84,0.30952380952381
"September","Heniochus monoceros","2016",18,210500,262,0.0687022900763359
"September","Heniochus monoceros","2017",9,107000,112,0.0803571428571429
"September","Heniochus monoceros","2018",57,541500,196,0.290816326530612
"September","Heniochus pleurotaenia","2012",2,5000,205,0.00975609756097561
"September","Heniochus singularius","2012",35,39000,205,0.170731707317073
"September","Heniochus varius","2012",2,3000,205,0.00975609756097561
"September","Heniochus varius","2013",4,7000,108,0.037037037037037
"September","Heniochus varius","2016",40,45000,262,0.152671755725191
"September","Heniochus varius","2017",5,9500,112,0.0446428571428571
"September","Heniochus varius","2018",24,37500,196,0.122448979591837
"September","Hoplolatilus marcosi","2012",5,7750,205,0.024390243902439
"September","Hymenocera elegans","2022",1,15000,30,0.0333333333333333
"September","Hymenocera picta","2012",35,101500,205,0.170731707317073
"September","Iniistius pavo","2013",2,5000,108,0.0185185185185185
"September","Iniistius pavo","2016",68,179750,262,0.259541984732824
"September","Iniistius pavo","2018",1,3000,196,0.00510204081632653
"September","Koumansetta rainfordi","2022",1,4000,30,0.0333333333333333
"September","Labrichthys unilineatus","2016",19,19000,262,0.0725190839694656
"September","Labrichthys unilineatus","2017",6,10000,112,0.0535714285714286
"September","Labrichthys unilineatus","2018",3,3000,196,0.0153061224489796
"September","Labroides bicolor","2012",18,120000,205,0.0878048780487805
"September","Labroides bicolor","2013",4,28500,108,0.037037037037037
"September","Labroides bicolor","2015",1,10000,84,0.0119047619047619
"September","Labroides bicolor","2016",5,32500,262,0.0190839694656489
"September","Labroides bicolor","2017",5,50000,112,0.0446428571428571
"September","Labroides bicolor","2018",9,74000,196,0.0459183673469388
"September","Labroides bicolor","2023",9,83527.0161290323,87,0.103448275862069
"September","Labroides dimidiatus","2012",546,523250,205,2.66341463414634
"September","Labroides dimidiatus","2013",261,212000,108,2.41666666666667
"September","Labroides dimidiatus","2015",212,237500,84,2.52380952380952
"September","Labroides dimidiatus","2016",377,396000,262,1.43893129770992
"September","Labroides dimidiatus","2017",216,235000,112,1.92857142857143
"September","Labroides dimidiatus","2018",256,263000,196,1.30612244897959
"September","Labroides dimidiatus","2022",88,176000,30,2.93333333333333
"September","Labroides dimidiatus","2023",318,430184.86,87,3.6551724137931
"September","Labroides pectoralis","2012",106,105500,205,0.517073170731707
"September","Labroides rubrolabiatus","2012",1,7500,205,0.0048780487804878
"September","Labroides rubrolabiatus","2015",1,10000,84,0.0119047619047619
"September","Labroides rubrolabiatus","2018",1,10000,196,0.00510204081632653
"September","Labropsis alleni","2012",15,30000,205,0.0731707317073171
"September","Labropsis alleni","2013",12,12000,108,0.111111111111111
"September","Labropsis alleni","2016",3,4500,262,0.0114503816793893
"September","Labropsis alleni","2017",14,28000,112,0.125
"September","Labropsis alleni","2018",1,2000,196,0.00510204081632653
"September","Lactoria cornuta","2013",1,7500,108,0.00925925925925926
"September","Libia tesselata","2022",1,3000,30,0.0333333333333333
"September","Lysmata amboinensis","2013",526,3471000,108,4.87037037037037
"September","Lysmata amboinensis","2016",4434,33590500,262,16.9236641221374
"September","Lysmata amboinensis","2018",1418,14454000,196,7.23469387755102
"September","Lysmata amboinensis","2022",105,1575000,30,3.5
"September","Lysmata amboinensis","2023",185,1013000,87,2.1264367816092
"September","Lysmata debelius","2012",869,632250,205,4.2390243902439
"September","Lysmata debelius","2013",1,10000,108,0.00925925925925926
"September","Lysmata debelius","2016",5,30000,262,0.0190839694656489
"September","Lysmata debelius","2018",6,90000,196,0.0306122448979592
"September","Macolor macularis","2012",22,296000,205,0.107317073170732
"September","Macolor niger","2012",5,12000,205,0.024390243902439
"September","Macolor niger","2016",8,32500,262,0.0305343511450382
"September","Macolor niger","2017",1,5000,112,0.00892857142857143
"September","Macolor niger","2018",3,15000,196,0.0153061224489796
"September","Macolor niger","2022",1,7000,30,0.0333333333333333
"September","Macolor niger","2023",1,2500,87,0.0114942528735632
"September","Macropharyngodon meleagris","2012",405,433150,205,1.97560975609756
"September","Macropharyngodon meleagris","2013",54,79200,108,0.5
"September","Macropharyngodon meleagris","2015",166,203000,84,1.97619047619048
"September","Macropharyngodon meleagris","2016",702,748600,262,2.6793893129771
"September","Macropharyngodon meleagris","2017",93,130600,112,0.830357142857143
"September","Macropharyngodon meleagris","2018",258,272000,196,1.31632653061224
"September","Macropharyngodon meleagris","2023",90,135000,87,1.03448275862069
"September","Macropharyngodon negrosensis","2012",27,32000,205,0.131707317073171
"September","Macropharyngodon negrosensis","2013",5,7500,108,0.0462962962962963
"September","Macropharyngodon negrosensis","2015",7,10500,84,0.0833333333333333
"September","Macropharyngodon negrosensis","2016",14,17000,262,0.0534351145038168
"September","Macropharyngodon negrosensis","2017",38,52500,112,0.339285714285714
"September","Macropharyngodon negrosensis","2018",47,51500,196,0.239795918367347
"September","Macropharyngodon negrosensis","2022",1,2500,30,0.0333333333333333
"September","Macropharyngodon negrosensis","2023",10,16000,87,0.114942528735632
"September","Macropharyngodon ornatus","2022",31,93000,30,1.03333333333333
"September","Macropharyngodon ornatus","2023",5,15000,87,0.0574712643678161
"September","Malacanthus brevirostris","2016",1,1500,262,0.00381679389312977
"September","Malacanthus brevirostris","2017",4,6000,112,0.0357142857142857
"September","Malacanthus brevirostris","2018",6,9500,196,0.0306122448979592
"September","Malacanthus latocittatus","2012",2,3000,205,0.00975609756097561
"September","Malacanthus latovittatus","2012",137,463000,205,0.668292682926829
"September","Malacanthus latovittatus","2013",2,6000,108,0.0185185185185185
"September","Malacanthus latovittatus","2015",2,3000,84,0.0238095238095238
"September","Malacanthus latovittatus","2016",4,8000,262,0.0152671755725191
"September","Malacanthus latovittatus","2017",2,4000,112,0.0178571428571429
"September","Malacanthus latovittatus","2018",14,31000,196,0.0714285714285714
"September","Malacanthus latovittatus","2022",2,12000,30,0.0666666666666667
"September","Malacanthus latovittatus","2023",1,3000,87,0.0114942528735632
"September","Meiacanthus atrodorsalis","2022",18,54000,30,0.6
"September","Meiacanthus atrodorsalis","2023",7,21000,87,0.0804597701149425
"September","Meiacanthus grammistes","2012",1,2000,205,0.0048780487804878
"September","Meiacanthus grammistes","2013",4,8000,108,0.037037037037037
"September","Meiacanthus grammistes","2015",1,2000,84,0.0119047619047619
"September","Meiacanthus grammistes","2016",45,46000,262,0.17175572519084
"September","Meiacanthus grammistes","2017",5,5000,112,0.0446428571428571
"September","Meiacanthus grammistes","2018",12,12000,196,0.0612244897959184
"September","Meiacanthus grammistes","2023",65,111000,87,0.747126436781609
"September","Meiacanthus smithii","2022",1,2500,30,0.0333333333333333
"September","Meiacanthus smithii","2023",12,15000,87,0.137931034482759
"September","Melichthys indicus","2012",9,63000,205,0.0439024390243902
"September","Melichthys vidua","2012",15,45000,205,0.0731707317073171
"September","Melichthys vidua","2013",4,17500,108,0.037037037037037
"September","Melichthys vidua","2015",1,6000,84,0.0119047619047619
"September","Melichthys vidua","2016",6,29500,262,0.0229007633587786
"September","Melichthys vidua","2017",2,7000,112,0.0178571428571429
"September","Melichthys vidua","2018",13,45500,196,0.0663265306122449
"September","Monacanthus chinensis","2012",55,27500,205,0.268292682926829
"September","Monacanthus chinensis","2015",62,77500,84,0.738095238095238
"September","Monacanthus chinensis","2016",75,94750,262,0.286259541984733
"September","Monacanthus chinensis","2017",42,42000,112,0.375
"September","Monacanthus chinensis","2018",13,32500,196,0.0663265306122449
"September","Monacanthus chinensis","2023",37,37000,87,0.425287356321839
"September","Naso Lopezi","2022",18,54000,30,0.6
"September","Naso elegans","2013",1,7500,108,0.00925925925925926
"September","Naso elegans","2016",2,40000,262,0.00763358778625954
"September","Naso lituratus","2012",39,192000,205,0.190243902439024
"September","Naso lituratus","2013",58,232500,108,0.537037037037037
"September","Naso lituratus","2015",46,191500,84,0.547619047619048
"September","Naso lituratus","2016",288,927500,262,1.09923664122137
"September","Naso lituratus","2017",63,314000,112,0.5625
"September","Naso lituratus","2018",41,271500,196,0.209183673469388
"September","Naso lituratus","2022",45,225000,30,1.5
"September","Naso lituratus","2023",94,365000,87,1.08045977011494
"September","Naso unicornis","2016",7,13000,262,0.0267175572519084
"September","Naso unicornis","2018",34,58500,196,0.173469387755102
"September","Naso unicornis","2023",3,12000,87,0.0344827586206897
"September","Naso vlamingii","2022",21,129000,30,0.7
"September","Naso vlamingii","2023",4,12000,87,0.0459770114942529
"September","Nemateleotris magnifica","2012",1,10000,205,0.0048780487804878
"September","Nemateleotris magnifica","2015",1,7000,84,0.0119047619047619
"September","Nemateleotris magnifica","2016",3,22000,262,0.0114503816793893
"September","Nemateleotris magnifica","2017",1,6000,112,0.00892857142857143
"September","Nemateleotris magnifica","2018",2,18000,196,0.0102040816326531
"September","Nemateleotris magnifica","2023",1,7000,87,0.0114942528735632
"September","Neoglyphidodon crossi","2018",8,8000,196,0.0408163265306122
"September","Neoglyphidodon melas","2013",3,1800,108,0.0277777777777778
"September","Neoglyphidodon nigroris","2012",1,1000,205,0.0048780487804878
"September","Neoglyphidodon nigroris","2018",1,1000,196,0.00510204081632653
"September","Neoniphon argenteus","2013",1,750,108,0.00925925925925926
"September","Neopenrolisthes maculata","2013",44,42750,108,0.407407407407407
"September","Neopenrolisthes maculata","2016",14,18500,262,0.0534351145038168
"September","Neopenrolisthes maculata","2018",10,11500,196,0.0510204081632653
"September","Novaculichthys taeniourus","2012",2,4500,205,0.00975609756097561
"September","Novaculichthys taeniourus","2017",6,24000,112,0.0535714285714286
"September","Novaculichthys taeniourus","2018",15,65000,196,0.076530612244898
"September","Novaculichthys taeniourus","2022",3,18000,30,0.1
"September","Novaculichthys taeniourus","2023",19,43285.8097826087,87,0.218390804597701
"September","Odontodactylus scyllarus","2016",4,9000,262,0.0152671755725191
"September","Odontodactylus scyllarus","2018",29,72500,196,0.147959183673469
"September","Odonus niger","2012",21,57000,205,0.102439024390244
"September","Odonus niger","2013",106,165250,108,0.981481481481482
"September","Odonus niger","2015",16,46500,84,0.19047619047619
"September","Odonus niger","2016",400,724500,262,1.52671755725191
"September","Odonus niger","2017",161,318000,112,1.4375
"September","Odonus niger","2018",173,389000,196,0.88265306122449
"September","Ostracion cubicus","2012",1,3000,205,0.0048780487804878
"September","Ostracion meleagris","2023",1,8000,87,0.0114942528735632
"September","Ostracion solorensis","2013",17,79000,108,0.157407407407407
"September","Ostracion solorensis","2015",5,48000,84,0.0595238095238095
"September","Ostracion solorensis","2016",1,5000,262,0.00381679389312977
"September","Ostracion solorensis","2017",9,56000,112,0.0803571428571429
"September","Ostracion solorensis","2018",114,609000,196,0.581632653061224
"September","Oxycirrhites typus","2016",5,67500,262,0.0190839694656489
"September","Oxycirrhites typus","2018",4,60000,196,0.0204081632653061
"September","Oxymonacanthus longirostris","2012",6,12000,205,0.0292682926829268
"September","Oxymonacanthus longirostris","2015",4,12000,84,0.0476190476190476
"September","Oxymonacanthus longirostris","2017",2,6000,112,0.0178571428571429
"September","Oxymonacanthus longirostris","2018",1,1000,196,0.00510204081632653
"September","Oxymonacanthus longirostris","2022",2,10000,30,0.0666666666666667
"September","Paguristes species","2022",171,684000,30,5.7
"September","Panulirus versicolor","2013",4,6000,108,0.037037037037037
"September","Paracanthurus hepatus","2015",1,55000,84,0.0119047619047619
"September","Paracanthurus hepatus","2016",2,95000,262,0.00763358778625954
"September","Paracanthurus hepatus","2022",3,105000,30,0.1
"September","Paracheilinus carpenteri","2023",24,36000,87,0.275862068965517
"September","Paracheilinus mccoskeri","2013",69,138000,108,0.638888888888889
"September","Paracheilinus mccoskeri","2016",319,431000,262,1.2175572519084
"September","Paracheilinus mccoskeri","2018",42,45000,196,0.214285714285714
"September","Paracirrhites arcatus","2012",70,83250,205,0.341463414634146
"September","Paracirrhites arcatus","2013",23,34000,108,0.212962962962963
"September","Paracirrhites arcuatus","2015",5,7500,84,0.0595238095238095
"September","Paracirrhites arcuatus","2016",28,30500,262,0.106870229007634
"September","Paracirrhites arcuatus","2017",24,25500,112,0.214285714285714
"September","Paracirrhites arcuatus","2018",59,60500,196,0.301020408163265
"September","Paracirrhites forsteri","2023",1,2500,87,0.0114942528735632
"September","Paraglyphidodon melas","2012",9,76000,205,0.0439024390243902
"September","Paragobiodon echinocephalus","2012",595,375750,205,2.90243902439024
"September","Paraluteres prionurus","2022",26,78000,30,0.866666666666667
"September","Paramonacanthus filicauda","2022",15,30000,30,0.5
"September","Parapercis schuinslandi","2016",1,1000,262,0.00381679389312977
"September","Parapercis schuinslandi","2018",30,45000,196,0.153061224489796
"September","Parupeneus cyclostomus","2012",6,10000,205,0.0292682926829268
"September","Parupeneus cyclostomus","2015",1,2500,84,0.0119047619047619
"September","Parupeneus cyclostomus","2016",2,5000,262,0.00763358778625954
"September","Parupeneus cyclostomus","2018",2,7500,196,0.0102040816326531
"September","Parupeneus cyclostomus","2022",7,35000,30,0.233333333333333
"September","Parupeneus multifasciatus","2022",4,8000,30,0.133333333333333
"September","Parupeneus rubescens","2012",61,43000,205,0.297560975609756
"September","Parupeneus rubescens","2013",2,1600,108,0.0185185185185185
"September","Parupeneus rubescens","2015",14,10500,84,0.166666666666667
"September","Parupeneus rubescens","2016",7,7000,262,0.0267175572519084
"September","Parupeneus rubescens","2017",1,1000,112,0.00892857142857143
"September","Periclimenes brevicarpalis","2013",29,25500,108,0.268518518518519
"September","Periclimenes brevicarpalis","2016",4,5000,262,0.0152671755725191
"September","Periclimenes brevicarpalis","2018",10,12000,196,0.0510204081632653
"September","Periclimenes brevicarpalis","2022",2,4000,30,0.0666666666666667
"September","Pervagor Janthinosoma","2016",9,9000,262,0.0343511450381679
"September","Pervagor Janthinosoma","2018",5,8000,196,0.0255102040816327
"September","Pervagor janthinosoma","2013",8,18500,108,0.0740740740740741
"September","Pervagor janthinosoma","2023",18,27000,87,0.206896551724138
"September","Pervagor melanosoma","2022",3,9000,30,0.1
"September","Plagiotremus ludandus","2016",62,82000,262,0.236641221374046
"September","Plagiotremus ludandus","2018",67,77000,196,0.341836734693878
"September","Plectorhinchus chaetodonoides","2016",1,2500,262,0.00381679389312977
"September","Plectorhinchus chaetodonoides","2018",1,5000,196,0.00510204081632653
"September","Plectorhinchus diagrammus","2012",11,66000,205,0.0536585365853659
"September","Plectorhinchus orientalis","2012",1,3000,205,0.0048780487804878
"September","Plectorhinchus orientalis","2016",70,139000,262,0.267175572519084
"September","Plectorhinchus orientalis","2017",6,9000,112,0.0535714285714286
"September","Plectorhinchus orientalis","2018",3,7500,196,0.0153061224489796
"September","Plectorhinchus orientalis","2022",2,8000,30,0.0666666666666667
"September","Plectorhinchus orientalis","2023",37,56701.3333333334,87,0.425287356321839
"September","Plectorhinchus pictus","2017",1,7000,112,0.00892857142857143
"September","Plectorhincus diagrammus","2018",1,1500,196,0.00510204081632653
"September","Plectroglyphidodon lacrymatus","2022",2,3000,30,0.0666666666666667
"September","Pomacanthus Imperator","2016",73,1022000,262,0.278625954198473
"September","Pomacanthus Imperator","2018",37,877500,196,0.188775510204082
"September","Pomacanthus annularis","2023",5,74000,87,0.0574712643678161
"September","Pomacanthus imperator","2013",13,385000,108,0.12037037037037
"September","Pomacanthus imperator","2022",7,3e+05,30,0.233333333333333
"September","Pomacanthus imperator","2023",9,218750,87,0.103448275862069
"September","Pomacanthus semicirculatus","2022",3,45000,30,0.1
"September","Pomacanthus semicirculatus","2023",1,7500,87,0.0114942528735632
"September","Pomacentrus amboinensis","2012",2,4000,205,0.00975609756097561
"September","Pomacentrus auriventris","2015",355,238500,84,4.22619047619048
"September","Pomacentrus auriventris","2016",1241,726000,262,4.73664122137405
"September","Pomacentrus auriventris","2017",325,372500,112,2.90178571428571
"September","Pomacentrus auriventris","2018",393,433500,196,2.00510204081633
"September","Pomacentrus bankanensis","2012",24,24000,205,0.117073170731707
"September","Pomacentrus bankanensis","2013",152,152000,108,1.40740740740741
"September","Pomacentrus bankanensis","2015",113,169500,84,1.3452380952381
"September","Pomacentrus bankanensis","2016",39,58500,262,0.148854961832061
"September","Pomacentrus bankanensis","2017",116,174000,112,1.03571428571429
"September","Pomacentrus bankanensis","2018",76,114000,196,0.387755102040816
"September","Pomacentrus bankanensis","2022",126,189000,30,4.2
"September","Pomacentrus bankanensis","2023",55,82500,87,0.632183908045977
"September","Pomacentrus coelestis","2023",90,67500,87,1.03448275862069
"September","Pomacentrus moluccensis","2015",40,60000,84,0.476190476190476
"September","Pomacentrus moluccensis","2016",43,61500,262,0.16412213740458
"September","Pomacentrus moluccensis","2017",1,1500,112,0.00892857142857143
"September","Pomacentrus moluccensis","2018",1,1500,196,0.00510204081632653
"September","Pomacentrus moluccensis","2023",13,19500,87,0.149425287356322
"September","Pomacentrus smithi","2016",3,3000,262,0.0114503816793893
"September","Pomacentrus smithi","2017",29,29000,112,0.258928571428571
"September","Pomacentrus smithi","2018",10,10000,196,0.0510204081632653
"September","Prionurus scalprus","2012",1,5000,205,0.0048780487804878
"September","Pseudanthias cooperi","2013",44,65000,108,0.407407407407407
"September","Pseudanthias dispar","2012",5299,4127250,205,25.8487804878049
"September","Pseudanthias dispar","2013",439,637500,108,4.06481481481481
"September","Pseudanthias dispar","2015",452,617000,84,5.38095238095238
"September","Pseudanthias dispar","2016",2702,5655000,262,10.3129770992366
"September","Pseudanthias dispar","2017",935,1870000,112,8.34821428571429
"September","Pseudanthias dispar","2018",831,1662000,196,4.23979591836735
"September","Pseudanthias dispar","2022",243,607500,30,8.1
"September","Pseudanthias dispar","2023",792,1962500,87,9.10344827586207
"September","Pseudanthias huchtii","2012",221,203500,205,1.0780487804878
"September","Pseudanthias huchtii","2015",198,256000,84,2.35714285714286
"September","Pseudanthias huchtii","2016",97,154000,262,0.370229007633588
"September","Pseudanthias huchtii","2017",52,93000,112,0.464285714285714
"September","Pseudanthias huchtii","2018",92,120250,196,0.469387755102041
"September","Pseudanthias huchtii","2022",101,217500,30,3.36666666666667
"September","Pseudanthias huchtii","2023",42,71443.1116504854,87,0.482758620689655
"September","Pseudanthias hypselosoma","2012",284,278800,205,1.38536585365854
"September","Pseudanthias hypselosoma","2015",160,234000,84,1.9047619047619
"September","Pseudanthias hypselosoma","2016",809,790250,262,3.08778625954198
"September","Pseudanthias hypselosoma","2017",112,142250,112,1
"September","Pseudanthias hypselosoma","2018",197,233000,196,1.00510204081633
"September","Pseudanthias hypselosoma","2023",18,90000,87,0.206896551724138
"September","Pseudanthias pleurotaenia","2012",48,138000,205,0.234146341463415
"September","Pseudanthias pleurotaenia","2015",23,53500,84,0.273809523809524
"September","Pseudanthias pleurotaenia","2016",82,192750,262,0.312977099236641
"September","Pseudanthias pleurotaenia","2017",37,103000,112,0.330357142857143
"September","Pseudanthias pleurotaenia","2018",45,114000,196,0.229591836734694
"September","Pseudanthias pleurotaenia","2023",1,2001,87,0.0114942528735632
"September","Pseudanthias squamipinnis","2022",111,277500,30,3.7
"September","Pseudanthias squamipinnis","2023",180,343676.403571429,87,2.06896551724138
"September","Pseudanthias tuka","2012",103,237000,205,0.502439024390244
"September","Pseudanthias tuka","2013",19,56500,108,0.175925925925926
"September","Pseudanthias tuka","2015",23,90000,84,0.273809523809524
"September","Pseudanthias tuka","2016",10,29000,262,0.0381679389312977
"September","Pseudanthias tuka","2017",75,3e+05,112,0.669642857142857
"September","Pseudanthias tuka","2018",33,126500,196,0.168367346938776
"September","Pseudanthias tuka","2023",10,47000,87,0.114942528735632
"September","Pseudobalistes fuscus","2017",1,27500,112,0.00892857142857143
"September","Pseudocheilinus evanidus","2012",63,75500,205,0.307317073170732
"September","Pseudocheilinus evanidus","2013",10,25000,108,0.0925925925925926
"September","Pseudocheilinus evanidus","2015",34,44500,84,0.404761904761905
"September","Pseudocheilinus evanidus","2016",65,49500,262,0.248091603053435
"September","Pseudocheilinus evanidus","2017",56,56000,112,0.5
"September","Pseudocheilinus evanidus","2018",69,70500,196,0.352040816326531
"September","Pseudocheilinus evanidus","2023",32,51000,87,0.367816091954023
"September","Pseudocheilinus hexataenia","2012",1234,2515650,205,6.01951219512195
"September","Pseudocheilinus hexataenia","2013",310,773000,108,2.87037037037037
"September","Pseudocheilinus hexataenia","2015",427,968000,84,5.08333333333333
"September","Pseudocheilinus hexataenia","2016",1438,3035000,262,5.48854961832061
"September","Pseudocheilinus hexataenia","2017",543,1315500,112,4.84821428571429
"September","Pseudocheilinus hexataenia","2018",1476,4305500,196,7.53061224489796
"September","Pseudocheilinus hexataenia","2022",466,1631000,30,15.5333333333333
"September","Pseudocheilinus hexataenia","2023",491,1536000,87,5.64367816091954
"September","Pseudochromis bitaeniatus","2012",184,226000,205,0.897560975609756
"September","Pseudochromis paccagnellae","2015",1,1000,84,0.0119047619047619
"September","Pseudochromis paccagnellae","2016",9,9000,262,0.0343511450381679
"September","Pseudochromis paccagnellae","2017",1,1000,112,0.00892857142857143
"September","Pseudocoris yamashiroi","2022",3,6000,30,0.1
"September","Pseudocoris yamashiroi","2023",1,2000,87,0.0114942528735632
"September","Ptereleotris evides","2012",201,291300,205,0.980487804878049
"September","Ptereleotris evides","2015",127,198000,84,1.51190476190476
"September","Ptereleotris evides","2016",380,616750,262,1.45038167938931
"September","Ptereleotris evides","2017",274,523500,112,2.44642857142857
"September","Ptereleotris evides","2018",405,724500,196,2.06632653061224
"September","Ptereleotris evides","2022",1,3000,30,0.0333333333333333
"September","Ptereleotris evides","2023",52,104000,87,0.597701149425287
"September","Ptereleotris heteroptera","2012",3,4500,205,0.0146341463414634
"September","Ptereleotris heteroptera","2013",24,38500,108,0.222222222222222
"September","Ptereleotris heteropterus","2015",14,21000,84,0.166666666666667
"September","Ptereleotris heteropterus","2016",15,33500,262,0.0572519083969466
"September","Ptereleotris heteropterus","2017",36,54000,112,0.321428571428571
"September","Ptereleotris heteropterus","2018",26,48000,196,0.13265306122449
"September","Ptereleotris heteropterus","2023",2,6000,87,0.0229885057471264
"September","Ptereleotris microlepis","2015",13,13000,84,0.154761904761905
"September","Ptereleotris microlepis","2016",8,8000,262,0.0305343511450382
"September","Ptereleotris zebra","2012",2,3000,205,0.00975609756097561
"September","Ptereleotris zebra","2015",8,14000,84,0.0952380952380952
"September","Ptereleotris zebra","2016",62,106000,262,0.236641221374046
"September","Ptereleotris zebra","2018",16,40000,196,0.0816326530612245
"September","Pterocaesio chrysozona","2012",2,2000,205,0.00975609756097561
"September","Pterocaesio chrysozona","2016",11,69500,262,0.0419847328244275
"September","Pterois antennata","2012",18,30200,205,0.0878048780487805
"September","Pterois antennata","2015",9,13500,84,0.107142857142857
"September","Pterois antennata","2016",23,37500,262,0.0877862595419847
"September","Pterois antennata","2017",21,42000,112,0.1875
"September","Pterois antennata","2018",57,125000,196,0.290816326530612
"September","Pterois antennata","2022",5,25000,30,0.166666666666667
"September","Pterois antennata","2023",17,29000,87,0.195402298850575
"September","Pterois radiata","2012",3,39000,205,0.0146341463414634
"September","Pterois radiata","2016",8,64000,262,0.0305343511450382
"September","Pterois radiata","2018",1,10000,196,0.00510204081632653
"September","Pterois radiata","2022",1,15000,30,0.0333333333333333
"September","Pterois volitans","2013",17,140000,108,0.157407407407407
"September","Pterois volitans","2016",22,176000,262,0.083969465648855
"September","Pterois volitans","2018",11,110000,196,0.0561224489795918
"September","Pterois volitans","2022",1,15000,30,0.0333333333333333
"September","Pterois volitans","2023",3,40000,87,0.0344827586206897
"September","Pygoplites diacanthus","2012",1,20000,205,0.0048780487804878
"September","Pygoplites diacanthus","2017",1,15000,112,0.00892857142857143
"September","Pygoplites diacanthus","2018",2,35000,196,0.0102040816326531
"September","Rhinchocinetes durbanensis","2016",1485,1119400,262,5.66793893129771
"September","Rhinchocinetes durbanensis","2018",405,442500,196,2.06632653061224
"September","Rhinecanthus verrucosus","2012",21,36000,205,0.102439024390244
"September","Rhinecanthus verrucosus","2015",8,8000,84,0.0952380952380952
"September","Rhinecanthus verrucosus","2016",55,55000,262,0.209923664122137
"September","Rhinecanthus verrucosus","2017",10,10000,112,0.0892857142857143
"September","Rhinecanthus verrucosus","2018",6,6000,196,0.0306122448979592
"September","Rhinomuraena quaesita","2023",1,15000,87,0.0114942528735632
"September","Rhinomuraena quesita","2016",1,10000,262,0.00381679389312977
"September","Rhinomuraena quesita","2018",7,90000,196,0.0357142857142857
"September","Rhynchocinetes durbanensis","2013",237,227750,108,2.19444444444444
"September","Rhynchocinetes durbanensis","2022",40,80000,30,1.33333333333333
"September","Rhynchocinetes durbanensis","2023",117,117000,87,1.3448275862069
"September","Salarias fasciatus","2012",7,7000,205,0.0341463414634146
"September","Salarias fasciatus","2015",23,23000,84,0.273809523809524
"September","Salarias fasciatus","2016",184,186000,262,0.702290076335878
"September","Salarias fasciatus","2017",1,1000,112,0.00892857142857143
"September","Salarias fasciatus","2018",19,19000,196,0.0969387755102041
"September","Salarias fasciatus","2022",6,15000,30,0.2
"September","Salarias fasciatus","2023",43,43000,87,0.494252873563218
"September","Siderea picta","2022",1,5000,30,0.0333333333333333
"September","Siderea picta","2023",1,5000,87,0.0114942528735632
"September","Siganus corallinus","2018",1,2500,196,0.00510204081632653
"September","Stenopus Hispodus","2016",82,88000,262,0.312977099236641
"September","Stenopus Hispodus","2018",46,46000,196,0.23469387755102
"September","Stenopus hispidus","2023",11,15500,87,0.126436781609195
"September","Stenopus hispodus","2013",62,70750,108,0.574074074074074
"September","Stethojulis bandanensis","2012",6,11000,205,0.0292682926829268
"September","Stethojulis bandanensis","2015",1,1000,84,0.0119047619047619
"September","Stethojulis bandanensis","2016",14,17000,262,0.0534351145038168
"September","Stethojulis bandanensis","2017",2,3000,112,0.0178571428571429
"September","Stethojulis bandanensis","2018",3,4000,196,0.0153061224489796
"September","Sufflamen chrysopterum","2012",9,23000,205,0.0439024390243902
"September","Sufflamen chrysopterus","2015",5,15000,84,0.0595238095238095
"September","Sufflamen chrysopterus","2016",15,45000,262,0.0572519083969466
"September","Sufflamen chrysopterus","2018",14,34000,196,0.0714285714285714
"September","Synchiropus ocellatus","2012",29,59000,205,0.141463414634146
"September","Synchiropus ocellatus","2015",23,28750,84,0.273809523809524
"September","Synchiropus ocellatus","2016",96,118000,262,0.366412213740458
"September","Synchiropus ocellatus","2017",1,1250,112,0.00892857142857143
"September","Synchiropus ocellatus","2018",130,150000,196,0.663265306122449
"September","Synchiropus ocellatus","2022",3,10500,30,0.1
"September","Synchiropus ocellatus","2023",7,10500,87,0.0804597701149425
"September","Synchiropus picturatus","2023",16,30500,87,0.183908045977011
"September","Taenianotus triacanthus","2016",2,5000,262,0.00763358778625954
"September","Taenianotus triacanthus","2017",1,4000,112,0.00892857142857143
"September","Taenianotus triacanthus","2018",1,3000,196,0.00510204081632653
"September","Thalassoma amblycephalum","2013",3,9000,108,0.0277777777777778
"September","Thalassoma amblycephalum","2022",1,3000,30,0.0333333333333333
"September","Thalassoma amblycephalum","2023",2,6000,87,0.0229885057471264
"September","Thalassoma lunare","2012",15,14500,205,0.0731707317073171
"September","Thalassoma lunare","2015",5,15000,84,0.0595238095238095
"September","Thalassoma lunare","2016",31,35000,262,0.118320610687023
"September","Thalassoma lunare","2017",4,4000,112,0.0357142857142857
"September","Thalassoma lutescens","2023",1,5000,87,0.0114942528735632
"September","Uopterygius concolor","2013",1,10000,108,0.00925925925925926
"September","Upeneus tragula","2022",1,2000,30,0.0333333333333333
"September","Upeneus vittatus","2023",2,2000,87,0.0229885057471264
"September","Valenciennea helsdingenii","2012",26,39000,205,0.126829268292683
"September","Valenciennea helsdingenii","2015",2,3000,84,0.0238095238095238
"September","Valenciennea helsdingenii","2016",1,1500,262,0.00381679389312977
"September","Valenciennea helsdingenii","2017",36,63000,112,0.321428571428571
"September","Valenciennea helsdingenii","2018",30,60000,196,0.153061224489796
"September","Valenciennea puellaris","2012",49,80750,205,0.239024390243902
"September","Valenciennea puellaris","2013",89,177500,108,0.824074074074074
"September","Valenciennea puellaris","2015",69,139600,84,0.821428571428571
"September","Valenciennea puellaris","2016",497,805500,262,1.8969465648855
"September","Valenciennea puellaris","2017",315,587500,112,2.8125
"September","Valenciennea puellaris","2018",372,747000,196,1.89795918367347
"September","Valenciennea puellaris","2022",64,192000,30,2.13333333333333
"September","Valenciennea puellaris","2023",157,323000,87,1.80459770114943
"September","Valenciennea sexguttata","2012",22,24000,205,0.107317073170732
"September","Valenciennea sexguttata","2013",21,21000,108,0.194444444444444
"September","Valenciennea sexguttata","2015",9,10000,84,0.107142857142857
"September","Valenciennea sexguttata","2016",142,174000,262,0.541984732824427
"September","Valenciennea sexguttata","2017",111,159000,112,0.991071428571429
"September","Valenciennea sexguttata","2018",129,193500,196,0.658163265306122
"September","Valenciennea sexguttata","2022",69,172500,30,2.3
"September","Valenciennea sexguttata","2023",2,5000,87,0.0229885057471264
"September","Valenciennea strigata","2013",249,345000,108,2.30555555555556
"September","Valenciennea strigata","2016",1033,1442200,262,3.94274809160305
"September","Valenciennea strigata","2018",47,94000,196,0.239795918367347
"September","Valenciennea strigata","2022",65,195000,30,2.16666666666667
"September","Valenciennea strigata","2023",53,111000,87,0.609195402298851
"September","Variola louti","2012",6,9000,205,0.0292682926829268
"September","Variola louti","2015",2,4000,84,0.0238095238095238
"September","Variola louti","2017",3,6000,112,0.0267857142857143
"September","Variola louti","2018",5,6500,196,0.0255102040816327
"September","Wetmorella nigropinnata","2012",281,288000,205,1.37073170731707
"September","Wetmorella nigropinnata","2015",70,97000,84,0.833333333333333
"September","Wetmorella nigropinnata","2016",111,112500,262,0.423664122137405
"September","Wetmorella nigropinnata","2017",46,60500,112,0.410714285714286
"September","Wetmorella nigropinnata","2018",67,71500,196,0.341836734693878
"September","Wetmorella nigropinnata","2023",17,17300,87,0.195402298850575
"September","Zanclus cornutus","2012",59,98300,205,0.28780487804878
"September","Zanclus cornutus","2015",7,10500,84,0.0833333333333333
"September","Zanclus cornutus","2016",39,58750,262,0.148854961832061
"September","Zanclus cornutus","2017",4,8000,112,0.0357142857142857
"September","Zanclus cornutus","2018",27,54500,196,0.137755102040816
"September","Zanclus cornutus","2022",3,9000,30,0.1
"September","Zanclus cornutus","2023",6,13000,87,0.0689655172413793
"September","Zebrasoma scopas","2012",64,95600,205,0.31219512195122
"September","Zebrasoma scopas","2013",12,19500,108,0.111111111111111
"September","Zebrasoma scopas","2015",87,166000,84,1.03571428571429
"September","Zebrasoma scopas","2016",388,629750,262,1.48091603053435
"September","Zebrasoma scopas","2017",87,191700,112,0.776785714285714
"September","Zebrasoma scopas","2018",159,344000,196,0.811224489795918
"September","Zebrasoma scopas","2022",104,407000,30,3.46666666666667
"September","Zebrasoma scopas","2023",114,235000,87,1.31034482758621
"September","Zebrasoma veliferum","2013",1,7500,108,0.00925925925925926
"October","#N/A","2012",683,2286402.89799073,284,2.40492957746479
"October","#N/A","2013",3120,6823450,287,10.8710801393728
"October","#N/A","2015",5540,21813916.2569832,142,39.0140845070423
"October","#N/A","2017",2465,10328700,109,22.6146788990826
"October","#N/A","2023",6,25000,187,0.0320855614973262
"October","Ablabys taenianotus","2013",10,10000,287,0.0348432055749129
"October","Ablabys taenionotus","2015",2,3000,142,0.0140845070422535
"October","Abudefduf saxatilis","2012",1,7000,284,0.00352112676056338
"October","Abudefduf septemfasciatus","2012",135,67500,284,0.475352112676056
"October","Acanthurus bariene","2016",51,350000,102,0.5
"October","Acanthurus bariene","2018",8,80000,124,0.0645161290322581
"October","Acanthurus bariene","2023",7,70000,187,0.0374331550802139
"October","Acanthurus chronixis","2012",627,755350,284,2.20774647887324
"October","Acanthurus chronixis","2013",19,42000,287,0.0662020905923345
"October","Acanthurus chronixis","2022",45,270000,31,1.45161290322581
"October","Acanthurus chronixis","2023",12,72000,187,0.0641711229946524
"October","Acanthurus grammoptilus","2013",4,4000,287,0.0139372822299652
"October","Acanthurus leucoheilus","2015",1,5000,142,0.00704225352112676
"October","Acanthurus leucoheilus","2016",35,125000,102,0.343137254901961
"October","Acanthurus leucoheilus","2017",11,52500,109,0.100917431192661
"October","Acanthurus leucoheilus","2018",4,20000,124,0.032258064516129
"October","Acanthurus leucosternon","2016",9,135000,102,0.0882352941176471
"October","Acanthurus lineatus","2012",77,170500,284,0.27112676056338
"October","Acanthurus lineatus","2013",200,565250,287,0.696864111498258
"October","Acanthurus lineatus","2015",24,63500,142,0.169014084507042
"October","Acanthurus lineatus","2016",292,798250,102,2.86274509803922
"October","Acanthurus lineatus","2017",144,477500,109,1.32110091743119
"October","Acanthurus lineatus","2018",102,328000,124,0.82258064516129
"October","Acanthurus lineatus","2022",107,512000,31,3.45161290322581
"October","Acanthurus lineatus","2023",142,572000,187,0.759358288770054
"October","Acanthurus maculiceps","2012",4,60000,284,0.0140845070422535
"October","Acanthurus maculiceps","2015",2,50000,142,0.0140845070422535
"October","Acanthurus maculiceps","2016",10,140000,102,0.0980392156862745
"October","Acanthurus maculiceps","2017",8,53000,109,0.073394495412844
"October","Acanthurus maculiceps","2018",4,1e+05,124,0.032258064516129
"October","Acanthurus nigricans","2012",17,218985,284,0.0598591549295775
"October","Acanthurus nigricans","2016",30,375000,102,0.294117647058824
"October","Acanthurus nigricans","2017",8,90000,109,0.073394495412844
"October","Acanthurus nigricans","2022",1,15000,31,0.032258064516129
"October","Acanthurus nigricans","2023",11,172500,187,0.0588235294117647
"October","Acanthurus nigricauda","2023",1,3000,187,0.0053475935828877
"October","Acanthurus nigrofuscus","2012",5,5000,284,0.0176056338028169
"October","Acanthurus nigrofuscus","2016",15,15000,102,0.147058823529412
"October","Acanthurus nigrofuscus","2017",20,20000,109,0.18348623853211
"October","Acanthurus nigrofuscus","2018",8,8000,124,0.0645161290322581
"October","Acanthurus nigrofuscus","2023",1,1250,187,0.0053475935828877
"October","Acanthurus nigroris","2015",69,85000,142,0.485915492957746
"October","Acanthurus nigroris","2016",75,75000,102,0.735294117647059
"October","Acanthurus nigroris","2017",55,119000,109,0.504587155963303
"October","Acanthurus nigroris","2018",31,94000,124,0.25
"October","Acanthurus nigroris","2023",52,78194.6308724832,187,0.27807486631016
"October","Acanthurus olivaceus","2012",14,31000,284,0.0492957746478873
"October","Acanthurus olivaceus","2013",16,51500,287,0.0557491289198606
"October","Acanthurus olivaceus","2015",8,31500,142,0.0563380281690141
"October","Acanthurus olivaceus","2016",32,1e+05,102,0.313725490196078
"October","Acanthurus olivaceus","2017",11,42000,109,0.100917431192661
"October","Acanthurus olivaceus","2018",18,88000,124,0.145161290322581
"October","Acanthurus olivaceus","2022",18,123000,31,0.580645161290323
"October","Acanthurus olivaceus","2023",9,46000,187,0.0481283422459893
"October","Acanthurus pyroferus","2012",26,69500,284,0.0915492957746479
"October","Acanthurus pyroferus","2013",10,84000,287,0.0348432055749129
"October","Acanthurus pyroferus","2015",5,18000,142,0.0352112676056338
"October","Acanthurus pyroferus","2016",71,275000,102,0.696078431372549
"October","Acanthurus pyroferus","2017",16,44000,109,0.146788990825688
"October","Acanthurus pyroferus","2018",37,117500,124,0.298387096774194
"October","Acanthurus pyroferus","2022",5,55000,31,0.161290322580645
"October","Acanthurus pyroferus","2023",6,75000,187,0.0320855614973262
"October","Acanthurus triostegus","2012",136,218400,284,0.47887323943662
"October","Acanthurus triostegus","2015",220,324000,142,1.54929577464789
"October","Acanthurus triostegus","2016",31,57000,102,0.303921568627451
"October","Acanthurus triostegus","2017",47,90000,109,0.431192660550459
"October","Acanthurus triostegus","2018",36,55500,124,0.290322580645161
"October","Acanthurus triostegus","2022",28,112000,31,0.903225806451613
"October","Acanthurus triostegus","2023",106,161877.34939759,187,0.566844919786096
"October","Acanthurus tristis","2012",1,3000,284,0.00352112676056338
"October","Acanthurus tristris","2015",1,6000,142,0.00704225352112676
"October","Acanthurus tristris","2016",14,38500,102,0.137254901960784
"October","Acanthurus tristris","2018",1,3000,124,0.00806451612903226
"October","Acanthurus tristris","2023",13,30000,187,0.0695187165775401
"October","Acanthurus xanthopterus","2016",16,76500,102,0.156862745098039
"October","Amblycirrhitus pinos","2013",53,52750,287,0.184668989547038
"October","Amblyeleotris aurora","2013",9,22500,287,0.0313588850174216
"October","Amblyeleotris steinitzi","2012",1,3000,284,0.00352112676056338
"October","Amblyeleotris steinitzi","2017",1,2500,109,0.00917431192660551
"October","Amblyeteleotris gymnocephala","2012",40,46500,284,0.140845070422535
"October","Amblyeteleotris gymnocephala","2013",1,2500,287,0.00348432055749129
"October","Amblygobius phalaena","2022",1,3000,31,0.032258064516129
"October","Amblygobius rainfordi","2016",1,1000,102,0.00980392156862745
"October","Amblygobius rainfordi","2017",1,1000,109,0.00917431192660551
"October","Amblygobius rainfordi","2018",10,10000,124,0.0806451612903226
"October","Amphiprion clarkii","2012",163,246350,284,0.573943661971831
"October","Amphiprion clarkii","2015",84,183604.794520548,142,0.591549295774648
"October","Amphiprion clarkii","2016",88,242250,102,0.862745098039216
"October","Amphiprion clarkii","2017",47,111000,109,0.431192660550459
"October","Amphiprion clarkii","2018",47,107250,124,0.379032258064516
"October","Amphiprion clarkii","2022",11,40000,31,0.354838709677419
"October","Amphiprion clarkii","2023",29,68000,187,0.155080213903743
"October","Amphiprion frenatus","2016",2,6000,102,0.0196078431372549
"October","Amphiprion ocellaris","2012",9,13900,284,0.0316901408450704
"October","Amphiprion ocellaris","2016",36,88750,102,0.352941176470588
"October","Amphiprion ocellaris","2017",11,27500,109,0.100917431192661
"October","Amphiprion ocellaris","2018",40,1e+05,124,0.32258064516129
"October","Amphiprion ocellaris","2022",2,5000,31,0.0645161290322581
"October","Amphiprion ocellaris","2023",6,14000,187,0.0320855614973262
"October","Amphiprion perideraion","2023",33,79000,187,0.176470588235294
"October","Amphiprion polymnus","2023",1,2000,187,0.0053475935828877
"October","Amphiprion sandaracinos","2016",18,34000,102,0.176470588235294
"October","Amphiprion sandaracinos","2018",3,6000,124,0.0241935483870968
"October","Amphiprion sandaracinos","2022",2,6000,31,0.0645161290322581
"October","Amphiprion sandaracinos","2023",3,7000,187,0.0160427807486631
"October","Anampses caeruleopunctatus","2012",11,14750,284,0.0387323943661972
"October","Anampses caeruleopunctatus","2015",45,60000,142,0.316901408450704
"October","Anampses caeruleopunctatus","2016",1,1000,102,0.00980392156862745
"October","Anampses caeruleopunctatus","2017",13,33000,109,0.119266055045872
"October","Anampses caeruleopunctatus","2018",1,3000,124,0.00806451612903226
"October","Anampses caeruleopunctatus","2022",7,24500,31,0.225806451612903
"October","Anampses caeruleopunctatus","2023",30,75000,187,0.160427807486631
"October","Anampses lineatus","2012",9,11000,284,0.0316901408450704
"October","Anampses melanurus","2012",13,26000,284,0.0457746478873239
"October","Anampses melanurus","2018",3,6000,124,0.0241935483870968
"October","Anampses melanurus","2023",48,453932.474576271,187,0.25668449197861
"October","Anampses meleagrides","2012",58,245000,284,0.204225352112676
"October","Anampses meleagrides","2013",11,71000,287,0.0383275261324042
"October","Anampses meleagrides","2015",11,86000,142,0.0774647887323944
"October","Anampses meleagrides","2016",14,116500,102,0.137254901960784
"October","Anampses meleagrides","2017",5,47000,109,0.0458715596330275
"October","Anampses meleagrides","2018",6,47000,124,0.0483870967741935
"October","Anampses meleagrides","2022",4,52000,31,0.129032258064516
"October","Anampses meleagrides","2023",15,149000,187,0.0802139037433155
"October","Ancanthurus pyroferus","2016",2,21000,102,0.0196078431372549
"October","Ancanthurus pyroferus","2018",8,1e+05,124,0.0645161290322581
"October","Antennarius nummifer","2012",1,1500,284,0.00352112676056338
"October","Antennarius nummifer","2016",3,6000,102,0.0294117647058824
"October","Apogon semiornatus","2012",3,15000,284,0.0105633802816901
"October","Apolemichthys trimaculatus","2013",3,19000,287,0.0104529616724739
"October","Apolemichthys trimaculatus","2015",2,15000,142,0.0140845070422535
"October","Apolemichthys trimaculatus","2017",5,73000,109,0.0458715596330275
"October","Apolemichthys trimaculatus","2018",5,90000,124,0.0403225806451613
"October","Apolemichthys trimaculatus","2023",3,70000,187,0.0160427807486631
"October","Arothron meleagris","2013",43,71250,287,0.149825783972125
"October","Arothron meleagris","2015",3,7000,142,0.0211267605633803
"October","Arothron meleagris","2016",13,25750,102,0.127450980392157
"October","Arothron meleagris","2017",13,30250,109,0.119266055045872
"October","Arothron meleagris","2018",8,24000,124,0.0645161290322581
"October","Arothron nigropunctatus","2022",7,28000,31,0.225806451612903
"October","Arothron nigropunctatus","2023",43,95676.7042253521,187,0.229946524064171
"October","Atrosalarias fuscus","2015",3,4500,142,0.0211267605633803
"October","Atrosalarias fuscus","2016",36,36000,102,0.352941176470588
"October","Atrosalarias fuscus","2017",9,9000,109,0.0825688073394495
"October","Atrosalarias fuscus","2018",19,19000,124,0.153225806451613
"October","Atrosalarias fuscus","2023",12,15000,187,0.0641711229946524
"October","Balistapus undulatus","2013",13,31000,287,0.0452961672473868
"October","Balistapus undulatus","2022",12,36000,31,0.387096774193548
"October","Balistapus undulatus","2023",2,6000,187,0.0106951871657754
"October","Bodianus axillaris","2018",1,8000,124,0.00806451612903226
"October","Bodianus axillaris","2023",1,10000,187,0.0053475935828877
"October","Bodianus bilunulatus","2013",1,3000,287,0.00348432055749129
"October","Bodianus bilunulatus","2015",1,2500,142,0.00704225352112676
"October","Bodianus bilunulatus","2022",1,8000,31,0.032258064516129
"October","Bodianus bimaculatus","2013",36,136000,287,0.125435540069686
"October","Bodianus bimaculatus","2016",3,15000,102,0.0294117647058824
"October","Bodianus bimaculatus","2018",22,110000,124,0.17741935483871
"October","Bodianus diana","2015",95,194000,142,0.669014084507042
"October","Bodianus diana","2016",39,80500,102,0.382352941176471
"October","Bodianus diana","2017",78,172000,109,0.715596330275229
"October","Bodianus diana","2018",102,209000,124,0.82258064516129
"October","Bodianus diana","2022",3,9000,31,0.0967741935483871
"October","Bodianus diana","2023",51,99101.2727272727,187,0.272727272727273
"October","Bodianus mesothorax","2015",21,46746.6666666667,142,0.147887323943662
"October","Bodianus mesothorax","2016",46,102500,102,0.450980392156863
"October","Bodianus mesothorax","2017",42,93500,109,0.385321100917431
"October","Bodianus mesothorax","2018",41,85000,124,0.330645161290323
"October","Bodianus mesothorax","2022",8,24000,31,0.258064516129032
"October","Bodianus mesothorax","2023",115,243036.462365591,187,0.614973262032086
"October","Caesio teres","2022",2,30000,31,0.0645161290322581
"October","Calcinus elegans","2023",48,316857.142857143,187,0.25668449197861
"October","Cantherhines pardalis","2013",13,10000,287,0.0452961672473868
"October","Canthigaster bennetti","2022",3,9000,31,0.0967741935483871
"October","Canthigaster bennetti","2023",11,33000,187,0.0588235294117647
"October","Canthigaster epilampra","2013",23,46000,287,0.0801393728222996
"October","Canthigaster solandri","2022",14,42000,31,0.451612903225806
"October","Canthigaster solandri","2023",16,48000,187,0.0855614973262032
"October","Canthigaster valentini","2012",49,64250,284,0.172535211267606
"October","Canthigaster valentini","2015",17,35000,142,0.119718309859155
"October","Canthigaster valentini","2016",10,20500,102,0.0980392156862745
"October","Canthigaster valentini","2017",32,41000,109,0.293577981651376
"October","Canthigaster valentini","2018",76,139000,124,0.612903225806452
"October","Canthigaster valentini","2022",35,105000,31,1.12903225806452
"October","Canthigaster valentini","2023",52,149750,187,0.27807486631016
"October","Centropyge argi","2012",25,260581.081081081,284,0.0880281690140845
"October","Centropyge bicolor","2012",205,512500,284,0.721830985915493
"October","Centropyge bicolor","2013",167,424750,287,0.581881533101045
"October","Centropyge bicolor","2015",43,140140,142,0.302816901408451
"October","Centropyge bicolor","2016",58,238500,102,0.568627450980392
"October","Centropyge bicolor","2017",124,379000,109,1.13761467889908
"October","Centropyge bicolor","2018",106,427500,124,0.854838709677419
"October","Centropyge bicolor","2022",86,512000,31,2.7741935483871
"October","Centropyge bicolor","2023",169,755638.582692308,187,0.903743315508021
"October","Centropyge bispinosus","2012",3,17000,284,0.0105633802816901
"October","Centropyge bispinosus","2017",2,30000,109,0.018348623853211
"October","Centropyge eibli","2012",82,256500,284,0.288732394366197
"October","Centropyge eibli","2015",8,26000,142,0.0563380281690141
"October","Centropyge eibli","2016",35,120500,102,0.343137254901961
"October","Centropyge eibli","2017",21,101000,109,0.192660550458716
"October","Centropyge eibli","2018",21,96000,124,0.169354838709677
"October","Centropyge eibli","2022",17,116000,31,0.548387096774194
"October","Centropyge eibli","2023",80,337682.868525896,187,0.427807486631016
"October","Centropyge fisheri","2023",3,6000,187,0.0160427807486631
"October","Centropyge flavicauda","2013",2,3000,287,0.00696864111498258
"October","Centropyge nox","2018",11,27000,124,0.0887096774193548
"October","Centropyge nox","2023",29,58000,187,0.155080213903743
"October","Centropyge tibicen","2012",30,57500,284,0.105633802816901
"October","Centropyge tibicen","2013",12,18250,287,0.0418118466898955
"October","Centropyge tibicen","2015",2,5000,142,0.0140845070422535
"October","Centropyge tibicen","2016",39,79000,102,0.382352941176471
"October","Centropyge tibicen","2017",5,13000,109,0.0458715596330275
"October","Centropyge tibicen","2018",18,44500,124,0.145161290322581
"October","Centropyge tibicen","2022",15,60000,31,0.483870967741935
"October","Centropyge tibicen","2023",1,4000,187,0.0053475935828877
"October","Centropyge vroliki","2015",16,33000,142,0.112676056338028
"October","Centropyge vroliki","2016",27,37000,102,0.264705882352941
"October","Centropyge vroliki","2017",33,63500,109,0.302752293577982
"October","Centropyge vroliki","2018",28,35500,124,0.225806451612903
"October","Centropyge vroliki","2022",31,93000,31,1
"October","Centropyge vroliki","2023",99,247000,187,0.529411764705882
"October","Centropyge vrolikii","2012",55,66237.4429223744,284,0.193661971830986
"October","Cephalopholis miniata","2012",28,84000,284,0.0985915492957746
"October","Cephalopholis miniata","2016",2,6000,102,0.0196078431372549
"October","Cephalopholis miniata","2017",2,6000,109,0.018348623853211
"October","Cephalopholis miniata","2018",1,3000,124,0.00806451612903226
"October","Chaetodon Sp","2023",110,165000,187,0.588235294117647
"October","Chaetodon adiergastos","2012",1,1000,284,0.00352112676056338
"October","Chaetodon adiergastos","2016",13,13000,102,0.127450980392157
"October","Chaetodon adiergastos","2017",2,2000,109,0.018348623853211
"October","Chaetodon adiergastos","2018",13,13000,124,0.104838709677419
"October","Chaetodon adiergastos","2023",13,19500,187,0.0695187165775401
"October","Chaetodon auriga","2018",2,6000,124,0.0161290322580645
"October","Chaetodon baronessa","2012",21,30000,284,0.073943661971831
"October","Chaetodon baronessa","2013",58,61500,287,0.202090592334495
"October","Chaetodon baronessa","2015",2,5000,142,0.0140845070422535
"October","Chaetodon baronessa","2016",26,48500,102,0.254901960784314
"October","Chaetodon baronessa","2017",10,23500,109,0.0917431192660551
"October","Chaetodon baronessa","2018",82,153000,124,0.661290322580645
"October","Chaetodon baronessa","2022",38,114000,31,1.2258064516129
"October","Chaetodon bennetti","2012",2,8000,284,0.00704225352112676
"October","Chaetodon bennetti","2013",25,136500,287,0.0871080139372822
"October","Chaetodon bennetti","2015",1,5000,142,0.00704225352112676
"October","Chaetodon bennetti","2016",18,90000,102,0.176470588235294
"October","Chaetodon citrinellus","2022",12,24000,31,0.387096774193548
"October","Chaetodon citrinellus","2023",27,54000,187,0.144385026737968
"October","Chaetodon decussatus","2016",2,5000,102,0.0196078431372549
"October","Chaetodon decussatus","2022",7,20000,31,0.225806451612903
"October","Chaetodon kleinii","2013",75,81500,287,0.261324041811847
"October","Chaetodon kleinii","2016",79,101000,102,0.774509803921569
"October","Chaetodon kleinii","2018",126,147000,124,1.01612903225806
"October","Chaetodon kleinii","2022",37,74000,31,1.19354838709677
"October","Chaetodon kleinii","2023",40,57757.5153846154,187,0.213903743315508
"October","Chaetodon lunula","2012",1,8000,284,0.00352112676056338
"October","Chaetodon lunula","2013",3,22500,287,0.0104529616724739
"October","Chaetodon lunula","2016",2,11500,102,0.0196078431372549
"October","Chaetodon lunula","2022",1,15000,31,0.032258064516129
"October","Chaetodon lunula","2023",2,3000,187,0.0106951871657754
"October","Chaetodon melannotus","2016",2,5000,102,0.0196078431372549
"October","Chaetodon melannotus","2017",1,2500,109,0.00917431192660551
"October","Chaetodon melannotus","2023",1,4000,187,0.0053475935828877
"October","Chaetodon meyeri","2012",13,87500,284,0.0457746478873239
"October","Chaetodon meyeri","2013",2,16000,287,0.00696864111498258
"October","Chaetodon meyeri","2015",1,2500,142,0.00704225352112676
"October","Chaetodon meyeri","2016",5,37000,102,0.0490196078431373
"October","Chaetodon meyeri","2017",1,8000,109,0.00917431192660551
"October","Chaetodon meyeri","2018",3,18000,124,0.0241935483870968
"October","Chaetodon meyeri","2023",1,1500,187,0.0053475935828877
"October","Chaetodon ornatissimus","2012",8,64000,284,0.028169014084507
"October","Chaetodon ornatissimus","2016",1,8000,102,0.00980392156862745
"October","Chaetodon ornatissimus","2017",2,16000,109,0.018348623853211
"October","Chaetodon ornatissimus","2022",1,10000,31,0.032258064516129
"October","Chaetodon ornatissimus","2023",2,20000,187,0.0106951871657754
"October","Chaetodon speculum","2012",1,4000,284,0.00352112676056338
"October","Chaetodon trifascialis","2012",1,2500,284,0.00352112676056338
"October","Chaetodon trifascialis","2016",3,4500,102,0.0294117647058824
"October","Chaetodon trifascialis","2017",10,37500,109,0.0917431192660551
"October","Chaetodon trifascialis","2022",7,35000,31,0.225806451612903
"October","Chaetodon trifasciatus","2012",73,85500,284,0.257042253521127
"October","Chaetodon trifasciatus","2013",29,31000,287,0.101045296167247
"October","Chaetodon trifasciatus","2015",21,33000,142,0.147887323943662
"October","Chaetodon trifasciatus","2016",8,20000,102,0.0784313725490196
"October","Chaetodon trifasciatus","2017",15,34500,109,0.137614678899083
"October","Chaetodon trifasciatus","2018",1,2500,124,0.00806451612903226
"October","Chaetodon trifasciatus","2022",7,21000,31,0.225806451612903
"October","Chaetodon trifasciatus","2023",57,88500,187,0.304812834224599
"October","Chaetodon vagabundus","2022",13,36000,31,0.419354838709677
"October","Chaetodon vagabundus","2023",6,18000,187,0.0320855614973262
"October","Chaetodon xanthurus","2022",1,7000,31,0.032258064516129
"October","Cheilinus chlorourus","2012",10,18500,284,0.0352112676056338
"October","Cheilinus fasciatus","2015",2,2000,142,0.0140845070422535
"October","Cheilinus fasciatus","2018",5,6000,124,0.0403225806451613
"October","Cheilinus fasciatus","2023",2,3500,187,0.0106951871657754
"October","Chelmon rostratus","2012",1,2000,284,0.00352112676056338
"October","Chirrhilabrus cyanopleura","2016",74,104250,102,0.725490196078431
"October","Chirrhilabrus cyanopleura","2018",86,70000,124,0.693548387096774
"October","Chromis lineata","2022",95,190000,31,3.06451612903226
"October","Chromis lineata","2023",408,816000,187,2.18181818181818
"October","Chromis margaritifer","2012",1171,721500,284,4.12323943661972
"October","Chromis margaritifer","2013",276,220400,287,0.961672473867596
"October","Chromis margaritifer","2015",411,459000,142,2.8943661971831
"October","Chromis margaritifer","2016",382,383400,102,3.74509803921569
"October","Chromis margaritifer","2017",603,541100,109,5.53211009174312
"October","Chromis margaritifer","2018",391,552000,124,3.15322580645161
"October","Chromis margaritifer","2022",105,157500,31,3.38709677419355
"October","Chromis margaritifer","2023",738,806625,187,3.94652406417112
"October","Chromis opercularis","2012",70,70000,284,0.246478873239437
"October","Chromis retrofasciata","2016",120,117000,102,1.17647058823529
"October","Chromis retrofasciata","2018",283,325500,124,2.28225806451613
"October","Chromis retrofasciata","2022",180,270000,31,5.80645161290323
"October","Chromis retrofasciata","2023",490,735000,187,2.62032085561497
"October","Chromis viridis","2012",1022,996000,284,3.59859154929577
"October","Chromis viridis","2013",7408,4307800,287,25.8118466898955
"October","Chromis viridis","2015",680,759000,142,4.7887323943662
"October","Chromis viridis","2016",702,1051500,102,6.88235294117647
"October","Chromis viridis","2017",790,1185000,109,7.24770642201835
"October","Chromis viridis","2018",200,3e+05,124,1.61290322580645
"October","Chromis viridis","2022",1290,1935000,31,41.6129032258064
"October","Chromis viridis","2023",1260,1268152.8125,187,6.7379679144385
"October","Chromis weberi","2012",2187,1179900,284,7.70070422535211
"October","Chromis weberi","2013",838,489700,287,2.9198606271777
"October","Chromis xanthura","2012",417,325950,284,1.46830985915493
"October","Chrysiptera caeruleolineata","2012",3771,17793400,284,13.2781690140845
"October","Chrysiptera talboti","2012",251,170000,284,0.883802816901408
"October","Chrysiptera talboti","2013",178,110000,287,0.620209059233449
"October","Chrysiptera talboti","2015",139,153600,142,0.97887323943662
"October","Chrysiptera talboti","2016",1049,711300,102,10.2843137254902
"October","Chrysiptera talboti","2017",1202,2869600,109,11.0275229357798
"October","Chrysiptera talboti","2018",1315,1379500,124,10.6048387096774
"October","Chrysiptera talboti","2022",188,282000,31,6.06451612903226
"October","Chrysiptera talboti","2023",1125,1321500,187,6.01604278074866
"October","Cirrhilabrus cyanopleura","2013",127,108800,287,0.442508710801394
"October","Cirrhilabrus cyanopleura","2022",18,36000,31,0.580645161290323
"October","Cirrhilabrus cyanopleura","2023",134,203000,187,0.716577540106952
"October","Cirrhilabrus exquisitus","2013",43,107500,287,0.149825783972125
"October","Cirrhilabrus exquisitus","2016",24,61500,102,0.235294117647059
"October","Cirrhilabrus exquisitus","2018",9,20000,124,0.0725806451612903
"October","Cirrhilabrus exquisitus","2023",29,67000,187,0.155080213903743
"October","Cirrhilabrus filamentosus","2012",24,64500,284,0.0845070422535211
"October","Cirrhilabrus filamentosus","2015",2,8000,142,0.0140845070422535
"October","Cirrhilabrus filamentosus","2022",4,20000,31,0.129032258064516
"October","Cirrhilabrus flavidorsalis","2012",21,42000,284,0.073943661971831
"October","Cirrhilabrus lubbocki","2012",5,7250,284,0.0176056338028169
"October","Cirrhilabrus lubbocki","2015",4,6000,142,0.028169014084507
"October","Cirrhilabrus lubbocki","2016",10,14000,102,0.0980392156862745
"October","Cirrhilabrus lubbocki","2017",1,1500,109,0.00917431192660551
"October","Cirrhilabrus lubbocki","2018",1,1000,124,0.00806451612903226
"October","Cirrhitichthys aprinus","2012",297,297000,284,1.04577464788732
"October","Cirrhitichthys aprinus","2015",62,69913.0434782609,142,0.436619718309859
"October","Cirrhitichthys aprinus","2016",80,81500,102,0.784313725490196
"October","Cirrhitichthys aprinus","2017",123,136000,109,1.12844036697248
"October","Cirrhitichthys aprinus","2018",117,120500,124,0.943548387096774
"October","Cirrhitichthys aprinus","2022",11,27500,31,0.354838709677419
"October","Cirrhitichthys aprinus","2023",78,105500,187,0.417112299465241
"October","Cirrhitichthys falco","2022",16,32000,31,0.516129032258065
"October","Cirrhitichthys falco","2023",12,24000,187,0.0641711229946524
"October","Cirrhitichthys oxycephalus","2022",1,2000,31,0.032258064516129
"October","Cirrhitichthys oxycephalus","2023",6,12000,187,0.0320855614973262
"October","Coris gaimard","2012",659,1363250,284,2.32042253521127
"October","Coris gaimard","2013",179,434500,287,0.623693379790941
"October","Coris gaimard","2015",88,265116.972477064,142,0.619718309859155
"October","Coris gaimard","2016",216,668000,102,2.11764705882353
"October","Coris gaimard","2017",111,342500,109,1.01834862385321
"October","Coris gaimard","2018",63,208500,124,0.508064516129032
"October","Coris gaimard","2022",39,210000,31,1.25806451612903
"October","Coris gaimard","2023",197,671500,187,1.05347593582888
"October","Coris julis","2012",347,382000,284,1.22183098591549
"October","Cryptocentrus leptocephalus","2022",10,30000,31,0.32258064516129
"October","Ctenochaetus striatus","2022",34,102000,31,1.09677419354839
"October","Ctenochaetus striatus","2023",82,246000,187,0.438502673796791
"October","Cyprinocirrhites polyactus","2015",20,30000,142,0.140845070422535
"October","Cyprinocirrhites polyactus","2017",4,6000,109,0.036697247706422
"October","Cyprinocirrhites polyactus","2023",126,189000,187,0.67379679144385
"October","Dactyloptena orientalis","2013",2,4500,287,0.00696864111498258
"October","Dascyllus aruanus","2013",76,38000,287,0.264808362369338
"October","Dascyllus reticulatus","2012",190,95000,284,0.669014084507042
"October","Dascyllus reticulatus","2016",40,60000,102,0.392156862745098
"October","Dascyllus reticulatus","2017",93,139500,109,0.853211009174312
"October","Dascyllus trimaculatus","2012",420,254500,284,1.47887323943662
"October","Dascyllus trimaculatus","2013",1034,616600,287,3.60278745644599
"October","Dascyllus trimaculatus","2015",214,205000,142,1.50704225352113
"October","Dascyllus trimaculatus","2016",243,241100,102,2.38235294117647
"October","Dascyllus trimaculatus","2017",484,503000,109,4.44036697247706
"October","Dascyllus trimaculatus","2018",600,680750,124,4.83870967741935
"October","Dascyllus trimaculatus","2023",211,286500,187,1.1283422459893
"October","Dendrochirus biocellatus","2012",6,48000,284,0.0211267605633803
"October","Dendrochirus biocellatus","2013",183,210000,287,0.637630662020906
"October","Dendrochirus biocellatus","2016",2,16000,102,0.0196078431372549
"October","Dendrochirus biocellatus","2017",1,10000,109,0.00917431192660551
"October","Dendrochirus biocellatus","2018",9,95000,124,0.0725806451612903
"October","Dendrochirus biocellatus","2023",4,40000,187,0.0213903743315508
"October","Dendrochirus zebra","2012",22,23000,284,0.0774647887323944
"October","Dendrochirus zebra","2015",8,8000,142,0.0563380281690141
"October","Dendrochirus zebra","2016",17,17000,102,0.166666666666667
"October","Dendrochirus zebra","2018",1,1000,124,0.00806451612903226
"October","Dendrochirus zebra","2023",21,32690.4761904762,187,0.112299465240642
"October","Diodon holocanthus","2012",11,12854.5454545455,284,0.0387323943661972
"October","Diproctacanthus xanthurus","2012",2,2000,284,0.00704225352112676
"October","Diproctacanthus xanthurus","2015",1,1000,142,0.00704225352112676
"October","Diproctacanthus xanthurus","2016",1,1000,102,0.00980392156862745
"October","Diproctacanthus xanthurus","2022",2,4000,31,0.0645161290322581
"October","Diproctacanthus xanthurus","2023",1,2000,187,0.0053475935828877
"October","Dischistodus perspicillatus","2016",30,15000,102,0.294117647058824
"October","Dischistodus perspicillatus","2018",50,50000,124,0.403225806451613
"October","Doryrhamphus dactyliophorus","2012",8,12000,284,0.028169014084507
"October","Doryrhamphus dactyliophorus","2013",22,43000,287,0.0766550522648084
"October","Doryrhamphus dactyliophorus","2015",7,10500,142,0.0492957746478873
"October","Doryrhamphus dactyliophorus","2016",3,5000,102,0.0294117647058824
"October","Doryrhamphus dactyliophorus","2017",1,2000,109,0.00917431192660551
"October","Doryrhamphus dactyliophorus","2018",7,14000,124,0.0564516129032258
"October","Doryrhamphus dactyliophorus","2023",3,5000,187,0.0160427807486631
"October","Doryrhamphus janssii","2015",1,5000,142,0.00704225352112676
"October","Doryrhamphus janssii","2016",2,7000,102,0.0196078431372549
"October","Doryrhamphus janssii","2023",1,5000,187,0.0053475935828877
"October","Echidna polyzona","2015",1,7000,142,0.00704225352112676
"October","Echidna polyzona","2017",1,10000,109,0.00917431192660551
"October","Ecsenius bicolor","2012",50,75750,284,0.176056338028169
"October","Ecsenius bicolor","2015",45,81688.2352941177,142,0.316901408450704
"October","Ecsenius bicolor","2016",319,488800,102,3.12745098039216
"October","Ecsenius bicolor","2017",38,74000,109,0.348623853211009
"October","Ecsenius bicolor","2018",32,52000,124,0.258064516129032
"October","Ecsenius bicolor","2022",14,42000,31,0.451612903225806
"October","Ecsenius bicolor","2023",39,84000,187,0.20855614973262
"October","Ecsenius midas","2013",4,10000,287,0.0139372822299652
"October","Ecsenius namiyei","2012",11,36000,284,0.0387323943661972
"October","Ecsenius namiyei","2013",1,1000,287,0.00348432055749129
"October","Enneapterygius atrogulare","2012",109,106000,284,0.383802816901408
"October","Enoplometopus occidentalis","2012",470,543250,284,1.65492957746479
"October","Enoplometopus occidentalis","2013",1,2000,287,0.00348432055749129
"October","Exallias brevis","2012",11,17000,284,0.0387323943661972
"October","Exallias brevis","2016",3,8000,102,0.0294117647058824
"October","Exallias brevis","2017",1,3000,109,0.00917431192660551
"October","Exallias brevis","2023",18,47000,187,0.0962566844919786
"October","Forcipiger flavissimus","2013",7,44000,287,0.024390243902439
"October","Forcipiger flavissimus","2015",2,14000,142,0.0140845070422535
"October","Forcipiger flavissimus","2016",2,15000,102,0.0196078431372549
"October","Forcipiger flavissimus","2018",1,1000,124,0.00806451612903226
"October","Forcipiger flavissimus","2023",10,103003.888888889,187,0.053475935828877
"October","Gomphosus varius","2012",40,93000,284,0.140845070422535
"October","Gomphosus varius","2016",14,27500,102,0.137254901960784
"October","Gomphosus varius","2017",2,3500,109,0.018348623853211
"October","Gomphosus varius","2018",5,11500,124,0.0403225806451613
"October","Gomphosus varius","2023",17,20172.6363636363,187,0.0909090909090909
"October","Gorgasia preclara","2012",5,8000,284,0.0176056338028169
"October","Gymnomuraena zebra","2013",2,20000,287,0.00696864111498258
"October","Gymnomuraena zebra","2023",1,25000,187,0.0053475935828877
"October","Halichoeres argus","2023",4,4000,187,0.0213903743315508
"October","Halichoeres bicolor","2023",1,2000,187,0.0053475935828877
"October","Halichoeres biocellatus","2023",1,3000,187,0.0053475935828877
"October","Halichoeres chrysus","2012",936,1310800,284,3.29577464788732
"October","Halichoeres chrysus","2013",478,811250,287,1.66550522648084
"October","Halichoeres chrysus","2015",679,1161329.89690722,142,4.78169014084507
"October","Halichoeres chrysus","2016",398,799200,102,3.90196078431373
"October","Halichoeres chrysus","2017",693,1377250,109,6.35779816513761
"October","Halichoeres chrysus","2018",784,1717000,124,6.32258064516129
"October","Halichoeres chrysus","2022",423,1269000,31,13.6451612903226
"October","Halichoeres chrysus","2023",1511,3591000,187,8.08021390374332
"October","Halichoeres hortulanus","2012",129,116700,284,0.454225352112676
"October","Halichoeres hortulanus","2013",86,74100,287,0.299651567944251
"October","Halichoeres hortulanus","2015",17,24750,142,0.119718309859155
"October","Halichoeres hortulanus","2016",30,24250,102,0.294117647058824
"October","Halichoeres hortulanus","2017",18,17250,109,0.165137614678899
"October","Halichoeres hortulanus","2018",51,41250,124,0.411290322580645
"October","Halichoeres hortulanus","2023",59,104250,187,0.315508021390374
"October","Halichoeres marginatus","2015",20,50000,142,0.140845070422535
"October","Halichoeres marginatus","2018",5,12500,124,0.0403225806451613
"October","Halichoeres marginatus","2022",38,114000,31,1.2258064516129
"October","Halichoeres marginatus","2023",123,369000,187,0.657754010695187
"October","Halichoeres melanurus","2015",2,4000,142,0.0140845070422535
"October","Halichoeres melanurus","2016",73,73000,102,0.715686274509804
"October","Halichoeres melanurus","2017",84,84000,109,0.770642201834862
"October","Halichoeres melanurus","2018",31,37000,124,0.25
"October","Halichoeres melanurus","2022",7,21000,31,0.225806451612903
"October","Halichoeres melanurus","2023",4,12000,187,0.0213903743315508
"October","Halichoeres nebulosus","2013",29,72500,287,0.101045296167247
"October","Halichoeres podostigma","2023",7,17500,187,0.0374331550802139
"October","Halichoeres prosopeion","2022",1,2500,31,0.032258064516129
"October","Halichoeres prosopeion","2023",1,2500,187,0.0053475935828877
"October","Hemitaurichthys polylepis","2017",3,17000,109,0.0275229357798165
"October","Hemitaurichthys polylepis","2018",4,45000,124,0.032258064516129
"October","Hemitaurichthys polylepis","2023",1,3000,187,0.0053475935828877
"October","Heniochus acuminatus","2013",174,1453500,287,0.606271777003484
"October","Heniochus acuminatus","2022",1,20000,31,0.032258064516129
"October","Heniochus acuminatus","2023",2,37500,187,0.0106951871657754
"October","Heniochus monoceros","2015",21,126000,142,0.147887323943662
"October","Heniochus monoceros","2016",1,8000,102,0.00980392156862745
"October","Heniochus monoceros","2017",14,170500,109,0.128440366972477
"October","Heniochus monoceros","2018",22,377500,124,0.17741935483871
"October","Heniochus monoceros","2023",1,10000,187,0.0053475935828877
"October","Heniochus pleurotaenia","2012",15,28000,284,0.0528169014084507
"October","Heniochus singularius","2012",35,58500,284,0.123239436619718
"October","Heniochus varius","2012",6,10500,284,0.0211267605633803
"October","Heniochus varius","2013",11,17000,287,0.0383275261324042
"October","Heniochus varius","2016",17,28500,102,0.166666666666667
"October","Heniochus varius","2017",5,9500,109,0.0458715596330275
"October","Heniochus varius","2018",19,29500,124,0.153225806451613
"October","Heniochus varius","2023",2,2000,187,0.0106951871657754
"October","Histrio histrio","2022",2,10000,31,0.0645161290322581
"October","Hoplolatilus marcosi","2012",27,44250,284,0.0950704225352113
"October","Hymenocera elegans","2022",39,935000,31,1.25806451612903
"October","Hymenocera picta","2012",88,223000,284,0.309859154929577
"October","Iniistius pavo","2013",75,189350,287,0.261324041811847
"October","Iniistius pavo","2016",16,46000,102,0.156862745098039
"October","Labrichthys Unilineatus","2023",1,3500,187,0.0053475935828877
"October","Labrichthys unilineatus","2016",11,11000,102,0.107843137254902
"October","Labrichthys unilineatus","2017",7,7000,109,0.0642201834862385
"October","Labrichthys unilineatus","2018",9,11000,124,0.0725806451612903
"October","Labroides bicolor","2012",34,246000,284,0.119718309859155
"October","Labroides bicolor","2013",6,38000,287,0.0209059233449477
"October","Labroides bicolor","2015",11,85000,142,0.0774647887323944
"October","Labroides bicolor","2016",7,53000,102,0.0686274509803922
"October","Labroides bicolor","2017",9,78000,109,0.0825688073394495
"October","Labroides bicolor","2018",23,172000,124,0.185483870967742
"October","Labroides bicolor","2022",1,12500,31,0.032258064516129
"October","Labroides bicolor","2023",18,173527.016129032,187,0.0962566844919786
"October","Labroides dimidiatus","2012",570,557650,284,2.00704225352113
"October","Labroides dimidiatus","2013",1034,858500,287,3.60278745644599
"October","Labroides dimidiatus","2015",295,303527.237354086,142,2.07746478873239
"October","Labroides dimidiatus","2016",138,140500,102,1.35294117647059
"October","Labroides dimidiatus","2017",203,233500,109,1.86238532110092
"October","Labroides dimidiatus","2018",219,236000,124,1.76612903225806
"October","Labroides dimidiatus","2022",103,206000,31,3.32258064516129
"October","Labroides dimidiatus","2023",686,968901.81,187,3.66844919786096
"October","Labroides pectoralis","2012",175,175772.988505747,284,0.616197183098592
"October","Labroides rubrolabiatus","2012",2,16000,284,0.00704225352112676
"October","Labroides rubrolabiatus","2013",1,6000,287,0.00348432055749129
"October","Labroides rubrolabiatus","2015",3,9000,142,0.0211267605633803
"October","Labropsis alleni","2012",1,1500,284,0.00352112676056338
"October","Labropsis alleni","2015",1,3000,142,0.00704225352112676
"October","Labropsis alleni","2017",2,3000,109,0.018348623853211
"October","Labropsis alleni","2018",16,32000,124,0.129032258064516
"October","Labropsis alleni","2023",2,6000,187,0.0106951871657754
"October","Lactoria cornuta","2012",1,6000,284,0.00352112676056338
"October","Lactoria cornuta","2013",12,62000,287,0.0418118466898955
"October","Lactoria cornuta","2015",1,3500,142,0.00704225352112676
"October","Lysmata amboinensis","2013",1724,7974000,287,6.00696864111498
"October","Lysmata amboinensis","2016",388,3115000,102,3.80392156862745
"October","Lysmata amboinensis","2018",622,6798000,124,5.01612903225806
"October","Lysmata amboinensis","2022",20,3e+05,31,0.645161290322581
"October","Lysmata amboinensis","2023",522,4878000,187,2.79144385026738
"October","Lysmata debelius","2012",1454,1096000,284,5.11971830985915
"October","Lysmata debelius","2013",6,43000,287,0.0209059233449477
"October","Lysmata debelius","2016",2,20000,102,0.0196078431372549
"October","Lysmata debelius","2018",1,15000,124,0.00806451612903226
"October","Macolor macularis","2012",34,466500,284,0.119718309859155
"October","Macolor niger","2012",1,2000,284,0.00352112676056338
"October","Macolor niger","2015",1,2500,142,0.00704225352112676
"October","Macolor niger","2016",1,5000,102,0.00980392156862745
"October","Macolor niger","2017",1,6000,109,0.00917431192660551
"October","Macolor niger","2018",1,5000,124,0.00806451612903226
"October","Macolor niger","2023",1,3000,187,0.0053475935828877
"October","Macropharyngodon meleagris","2012",619,645955.797101449,284,2.17957746478873
"October","Macropharyngodon meleagris","2013",307,337700,287,1.06968641114983
"October","Macropharyngodon meleagris","2015",292,340165.217391304,142,2.05633802816901
"October","Macropharyngodon meleagris","2016",203,244000,102,1.99019607843137
"October","Macropharyngodon meleagris","2017",76,117000,109,0.697247706422018
"October","Macropharyngodon meleagris","2018",190,210000,124,1.53225806451613
"October","Macropharyngodon meleagris","2023",291,436500,187,1.55614973262032
"October","Macropharyngodon negrosensis","2012",18,24500,284,0.0633802816901408
"October","Macropharyngodon negrosensis","2013",6,9000,287,0.0209059233449477
"October","Macropharyngodon negrosensis","2015",17,24000,142,0.119718309859155
"October","Macropharyngodon negrosensis","2016",7,7000,102,0.0686274509803922
"October","Macropharyngodon negrosensis","2017",16,21500,109,0.146788990825688
"October","Macropharyngodon negrosensis","2018",49,64500,124,0.395161290322581
"October","Macropharyngodon negrosensis","2022",8,20000,31,0.258064516129032
"October","Macropharyngodon negrosensis","2023",59,94500,187,0.315508021390374
"October","Macropharyngodon ornatus","2022",34,102000,31,1.09677419354839
"October","Macropharyngodon ornatus","2023",72,216000,187,0.385026737967914
"October","Malacanthus brevirostris","2016",2,3000,102,0.0196078431372549
"October","Malacanthus brevirostris","2018",4,6000,124,0.032258064516129
"October","Malacanthus latocittatus","2012",3,4000,284,0.0105633802816901
"October","Malacanthus latovittatus","2012",71,221200,284,0.25
"October","Malacanthus latovittatus","2013",3,6000,287,0.0104529616724739
"October","Malacanthus latovittatus","2015",1,2000,142,0.00704225352112676
"October","Malacanthus latovittatus","2016",12,23500,102,0.117647058823529
"October","Malacanthus latovittatus","2018",3,5500,124,0.0241935483870968
"October","Meiacanthus atrodorsalis","2022",12,36000,31,0.387096774193548
"October","Meiacanthus atrodorsalis","2023",36,108000,187,0.192513368983957
"October","Meiacanthus grammistes","2013",3,1800,287,0.0104529616724739
"October","Meiacanthus grammistes","2016",32,32000,102,0.313725490196078
"October","Meiacanthus grammistes","2017",16,17000,109,0.146788990825688
"October","Meiacanthus grammistes","2023",131,181500,187,0.700534759358289
"October","Meiacanthus smithii","2023",8,10000,187,0.0427807486631016
"October","Melichthys indicus","2012",15,113000,284,0.0528169014084507
"October","Melichthys vidua","2012",4,14000,284,0.0140845070422535
"October","Melichthys vidua","2013",35,129000,287,0.121951219512195
"October","Melichthys vidua","2016",33,70500,102,0.323529411764706
"October","Melichthys vidua","2017",12,57000,109,0.110091743119266
"October","Melichthys vidua","2018",8,28000,124,0.0645161290322581
"October","Melichthys vidua","2023",18,48000,187,0.0962566844919786
"October","Monacanthus chinensis","2012",88,56000,284,0.309859154929577
"October","Monacanthus chinensis","2015",68,77250,142,0.47887323943662
"October","Monacanthus chinensis","2016",2,3250,102,0.0196078431372549
"October","Monacanthus chinensis","2017",34,78000,109,0.311926605504587
"October","Monacanthus chinensis","2018",4,7000,124,0.032258064516129
"October","Monacanthus chinensis","2023",27,27000,187,0.144385026737968
"October","Myripristis murdjan","2023",1,5000,187,0.0053475935828877
"October","Naso Lopezi","2022",31,93000,31,1
"October","Naso Lopezi","2023",6,18000,187,0.0320855614973262
"October","Naso lituratus","2012",18,90700,284,0.0633802816901408
"October","Naso lituratus","2013",211,989250,287,0.735191637630662
"October","Naso lituratus","2015",37,154000,142,0.26056338028169
"October","Naso lituratus","2016",51,169500,102,0.5
"October","Naso lituratus","2017",36,192000,109,0.330275229357798
"October","Naso lituratus","2018",18,113500,124,0.145161290322581
"October","Naso lituratus","2022",67,335000,31,2.16129032258065
"October","Naso lituratus","2023",173,688000,187,0.925133689839572
"October","Naso unicornis","2016",7,21000,102,0.0686274509803922
"October","Naso unicornis","2018",7,9000,124,0.0564516129032258
"October","Naso unicornis","2023",2,8000,187,0.0106951871657754
"October","Naso vlamingii","2022",24,153000,31,0.774193548387097
"October","Naso vlamingii","2023",23,116500,187,0.122994652406417
"October","Nemateleotris magnifica","2012",20,171000,284,0.0704225352112676
"October","Nemateleotris magnifica","2015",2,16000,142,0.0140845070422535
"October","Nemateleotris magnifica","2016",3,23000,102,0.0294117647058824
"October","Nemateleotris magnifica","2018",3,30000,124,0.0241935483870968
"October","Nemateleotris magnifica","2023",3,30000,187,0.0160427807486631
"October","Neoglyphidodon crossi","2013",1316,1316000,287,4.58536585365854
"October","Neoglyphidodon crossi","2016",2,2000,102,0.0196078431372549
"October","Neoglyphidodon crossi","2018",16,16000,124,0.129032258064516
"October","Neoglyphidodon crossi","2022",1,2500,31,0.032258064516129
"October","Neoglyphidodon crossi","2023",1,1000,187,0.0053475935828877
"October","Neoglyphidodon melas","2013",1,1000,287,0.00348432055749129
"October","Neoglyphidodon nigroris","2018",2,2000,124,0.0161290322580645
"October","Neoniphon argenteus","2013",4,3000,287,0.0139372822299652
"October","Neopenrolisthes maculata","2013",42,36000,287,0.146341463414634
"October","Neopenrolisthes maculata","2016",3,3500,102,0.0294117647058824
"October","Neopenrolisthes maculata","2018",11,13000,124,0.0887096774193548
"October","Neopetrolisthes ohshimai","2022",1,3000,31,0.032258064516129
"October","Neopetrolisthes ohshimai","2023",2,6000,187,0.0106951871657754
"October","Neopomacentrus bankieri","2012",8,48000,284,0.028169014084507
"October","Novaculichthys taeniourus","2012",1,1500,284,0.00352112676056338
"October","Novaculichthys taeniourus","2017",14,55000,109,0.128440366972477
"October","Novaculichthys taeniourus","2018",15,67000,124,0.120967741935484
"October","Novaculichthys taeniourus","2022",4,24000,31,0.129032258064516
"October","Novaculichthys taeniourus","2023",51,194703.326086957,187,0.272727272727273
"October","Odontodactylus scyllarus","2013",2,4000,287,0.00696864111498258
"October","Odontodactylus scyllarus","2016",1,2500,102,0.00980392156862745
"October","Odontodactylus scyllarus","2018",29,72000,124,0.233870967741935
"October","Odonus niger","2012",16,45000,284,0.0563380281690141
"October","Odonus niger","2013",336,516500,287,1.17073170731707
"October","Odonus niger","2015",27,55500,142,0.190140845070423
"October","Odonus niger","2016",91,182000,102,0.892156862745098
"October","Odonus niger","2017",38,76000,109,0.348623853211009
"October","Odonus niger","2018",54,108000,124,0.435483870967742
"October","Odonus niger","2022",1,4000,31,0.032258064516129
"October","Odonus niger","2023",2,4000,187,0.0106951871657754
"October","Ostracion cubicus","2012",3,11500,284,0.0105633802816901
"October","Ostracion cubicus","2023",1,8000,187,0.0053475935828877
"October","Ostracion meleagris","2023",10,80000,187,0.053475935828877
"October","Ostracion solorensis","2013",23,80000,287,0.0801393728222996
"October","Ostracion solorensis","2015",13,120000,142,0.0915492957746479
"October","Ostracion solorensis","2016",4,41000,102,0.0392156862745098
"October","Ostracion solorensis","2017",24,176000,109,0.220183486238532
"October","Ostracion solorensis","2018",62,312000,124,0.5
"October","Oxymetopon cyanoctenosum","2023",1,6000,187,0.0053475935828877
"October","Oxymonacanthus longirostris","2012",6,9000,284,0.0211267605633803
"October","Oxymonacanthus longirostris","2015",1,1000,142,0.00704225352112676
"October","Oxymonacanthus longirostris","2017",4,12000,109,0.036697247706422
"October","Oxymonacanthus longirostris","2018",5,9000,124,0.0403225806451613
"October","Oxymonacanthus longirostris","2023",2,10000,187,0.0106951871657754
"October","Paguristes species","2022",235,940000,31,7.58064516129032
"October","Paguristes species","2023",75,3e+05,187,0.401069518716578
"October","Panulirus versicolor","2012",3,15000,284,0.0105633802816901
"October","Panulirus versicolor","2013",24,36000,287,0.0836236933797909
"October","Paracanthurus hepatus","2012",1,5000,284,0.00352112676056338
"October","Paracanthurus hepatus","2017",2,70000,109,0.018348623853211
"October","Paracanthurus hepatus","2018",1,15000,124,0.00806451612903226
"October","Paracanthurus hepatus","2022",2,80000,31,0.0645161290322581
"October","Paracanthurus hepatus","2023",9,160265.111111111,187,0.0481283422459893
"October","Paracheilinus carpenteri","2022",31,93000,31,1
"October","Paracheilinus carpenteri","2023",90,135000,187,0.481283422459893
"October","Paracheilinus filamentosus","2022",1,3000,31,0.032258064516129
"October","Paracheilinus mccoskeri","2013",61,118250,287,0.212543554006969
"October","Paracheilinus mccoskeri","2016",84,129000,102,0.823529411764706
"October","Paracheilinus mccoskeri","2018",70,78000,124,0.564516129032258
"October","Paracirrhites arcatus","2012",79,87500,284,0.278169014084507
"October","Paracirrhites arcatus","2013",32,39500,287,0.111498257839721
"October","Paracirrhites arcatus","2022",1,3000,31,0.032258064516129
"October","Paracirrhites arcatus","2023",3,9000,187,0.0160427807486631
"October","Paracirrhites arcuatus","2015",7,10000,142,0.0492957746478873
"October","Paracirrhites arcuatus","2016",29,29000,102,0.284313725490196
"October","Paracirrhites arcuatus","2017",19,20000,109,0.174311926605505
"October","Paracirrhites arcuatus","2018",29,29500,124,0.233870967741935
"October","Paracirrhites forsteri","2022",5,12500,31,0.161290322580645
"October","Paracirrhites forsteri","2023",1,2500,187,0.0053475935828877
"October","Paraglyphidodon melas","2012",15,122000,284,0.0528169014084507
"October","Paragobiodon echinocephalus","2012",685,438250,284,2.41197183098592
"October","Paraluteres prionurus","2022",19,57000,31,0.612903225806452
"October","Paraluteres prionurus","2023",30,90000,187,0.160427807486631
"October","Paramonacanthus filicauda","2022",19,38000,31,0.612903225806452
"October","Parapercis schuinslandi","2016",2,2000,102,0.0196078431372549
"October","Parapercis schuinslandi","2018",10,15000,124,0.0806451612903226
"October","Parupeneus cyclostomus","2012",2,2000,284,0.00704225352112676
"October","Parupeneus cyclostomus","2013",1,1500,287,0.00348432055749129
"October","Parupeneus rubescens","2012",39,252750,284,0.137323943661972
"October","Parupeneus rubescens","2013",7,4350,287,0.024390243902439
"October","Parupeneus rubescens","2017",2,1500,109,0.018348623853211
"October","Percnon gibbesi","2023",1,2000,187,0.0053475935828877
"October","Periclimenes brevicarpalis","2013",120,92000,287,0.418118466898955
"October","Periclimenes brevicarpalis","2016",1,2000,102,0.00980392156862745
"October","Periclimenes brevicarpalis","2018",5,6000,124,0.0403225806451613
"October","Pervagor Janthinosoma","2016",2,3500,102,0.0196078431372549
"October","Pervagor Janthinosoma","2018",3,3000,124,0.0241935483870968
"October","Pervagor janthinosoma","2013",12,12000,287,0.0418118466898955
"October","Pervagor janthinosoma","2023",21,31500,187,0.112299465240642
"October","Pervagor melanosoma","2022",1,3000,31,0.032258064516129
"October","Pervagor melanosoma","2023",1,3000,187,0.0053475935828877
"October","Plagiotremus laudandus","2013",12,12000,287,0.0418118466898955
"October","Plagiotremus ludandus","2016",9,11000,102,0.0882352941176471
"October","Plagiotremus ludandus","2018",86,108000,124,0.693548387096774
"October","Platax teira","2013",1,1500,287,0.00348432055749129
"October","Platax tiera","2016",3,6000,102,0.0294117647058824
"October","Plectorhinchus chaetodonoides","2016",1,1000,102,0.00980392156862745
"October","Plectorhinchus chaetodonoides","2018",1,5000,124,0.00806451612903226
"October","Plectorhinchus chaetodonoides","2023",1,1500,187,0.0053475935828877
"October","Plectorhinchus diagrammus","2012",12,78000,284,0.0422535211267606
"October","Plectorhinchus diagrammus","2023",2,1004.5,187,0.0106951871657754
"October","Plectorhinchus orientalis","2012",22,42500,284,0.0774647887323944
"October","Plectorhinchus orientalis","2016",5,10000,102,0.0490196078431373
"October","Plectorhinchus orientalis","2017",6,11500,109,0.055045871559633
"October","Plectorhinchus orientalis","2022",3,12000,31,0.0967741935483871
"October","Plectorhinchus orientalis","2023",38,58036.0000000001,187,0.203208556149733
"October","Plectorhinchus pictus","2013",11,14000,287,0.0383275261324042
"October","Plectorhincus diagrammus","2018",9,11000,124,0.0725806451612903
"October","Plectroglyphidodon dickii","2023",3,4500,187,0.0160427807486631
"October","Plectroglyphidodon lacrymatus","2022",1,1500,31,0.032258064516129
"October","Plectroglyphidodon lacrymatus","2023",2,3000,187,0.0106951871657754
"October","Pomacanthus Imperator","2016",22,454000,102,0.215686274509804
"October","Pomacanthus Imperator","2018",29,962500,124,0.233870967741935
"October","Pomacanthus annularis","2023",4,49500,187,0.0213903743315508
"October","Pomacanthus imperator","2013",58,1236500,287,0.202090592334495
"October","Pomacanthus imperator","2022",4,2e+05,31,0.129032258064516
"October","Pomacanthus imperator","2023",35,1141750,187,0.18716577540107
"October","Pomacanthus semicirculatus","2022",1,15000,31,0.032258064516129
"October","Pomacanthus semicirculatus","2023",2,30000,187,0.0106951871657754
"October","Pomacentrus amboinensis","2012",2,3000,284,0.00704225352112676
"October","Pomacentrus auriventris","2015",1168,644000,142,8.22535211267606
"October","Pomacentrus auriventris","2016",249,245800,102,2.44117647058824
"October","Pomacentrus auriventris","2017",212,216000,109,1.94495412844037
"October","Pomacentrus auriventris","2018",259,280500,124,2.08870967741935
"October","Pomacentrus auriventris","2022",55,82500,31,1.7741935483871
"October","Pomacentrus auriventris","2023",15,22500,187,0.0802139037433155
"October","Pomacentrus bankanensis","2012",127,127000,284,0.447183098591549
"October","Pomacentrus bankanensis","2013",127,127000,287,0.442508710801394
"October","Pomacentrus bankanensis","2015",131,196500,142,0.922535211267606
"October","Pomacentrus bankanensis","2016",24,36000,102,0.235294117647059
"October","Pomacentrus bankanensis","2017",162,243000,109,1.48623853211009
"October","Pomacentrus bankanensis","2018",50,75000,124,0.403225806451613
"October","Pomacentrus bankanensis","2022",150,225000,31,4.83870967741935
"October","Pomacentrus bankanensis","2023",104,156000,187,0.556149732620321
"October","Pomacentrus coelestis","2023",225,206250,187,1.20320855614973
"October","Pomacentrus moluccensis","2015",5,7500,142,0.0352112676056338
"October","Pomacentrus moluccensis","2022",16,24000,31,0.516129032258065
"October","Pomacentrus moluccensis","2023",14,21000,187,0.0748663101604278
"October","Pomacentrus smithi","2016",1,1000,102,0.00980392156862745
"October","Pomacentrus smithi","2017",17,17000,109,0.155963302752294
"October","Pomacentrus smithi","2018",11,11000,124,0.0887096774193548
"October","Premnas biaculeatus","2017",1,3000,109,0.00917431192660551
"October","Prionurus scalprus","2012",12,146000,284,0.0422535211267606
"October","Pseudanthias cooperi","2013",77,101250,287,0.268292682926829
"October","Pseudanthias dispar","2012",5798,5434000,284,20.4154929577465
"October","Pseudanthias dispar","2013",1481,1698150,287,5.1602787456446
"October","Pseudanthias dispar","2015",1353,1573000,142,9.52816901408451
"October","Pseudanthias dispar","2016",222,459000,102,2.17647058823529
"October","Pseudanthias dispar","2017",1172,2344000,109,10.7522935779817
"October","Pseudanthias dispar","2018",464,940500,124,3.74193548387097
"October","Pseudanthias dispar","2022",349,872500,31,11.258064516129
"October","Pseudanthias dispar","2023",1200,2886802.04081633,187,6.41711229946524
"October","Pseudanthias huchtii","2012",176,207250,284,0.619718309859155
"October","Pseudanthias huchtii","2015",215,237500,142,1.51408450704225
"October","Pseudanthias huchtii","2016",73,142250,102,0.715686274509804
"October","Pseudanthias huchtii","2017",170,305000,109,1.55963302752294
"October","Pseudanthias huchtii","2018",97,130250,124,0.782258064516129
"October","Pseudanthias huchtii","2022",60,124000,31,1.93548387096774
"October","Pseudanthias huchtii","2023",86,139329.334951456,187,0.459893048128342
"October","Pseudanthias hypselosoma","2012",308,342000,284,1.08450704225352
"October","Pseudanthias hypselosoma","2015",147,174757.142857143,142,1.03521126760563
"October","Pseudanthias hypselosoma","2016",124,177500,102,1.2156862745098
"October","Pseudanthias hypselosoma","2017",145,231750,109,1.3302752293578
"October","Pseudanthias hypselosoma","2018",188,376750,124,1.51612903225806
"October","Pseudanthias hypselosoma","2023",19,95000,187,0.101604278074866
"October","Pseudanthias luzonensis","2013",42,96500,287,0.146341463414634
"October","Pseudanthias pleurotaenia","2012",48,108629.032258065,284,0.169014084507042
"October","Pseudanthias pleurotaenia","2015",33,76500,142,0.232394366197183
"October","Pseudanthias pleurotaenia","2016",14,33000,102,0.137254901960784
"October","Pseudanthias pleurotaenia","2017",17,44000,109,0.155963302752294
"October","Pseudanthias pleurotaenia","2018",36,91000,124,0.290322580645161
"October","Pseudanthias pleurotaenia","2023",6,18000,187,0.0320855614973262
"October","Pseudanthias rubrizonatus","2012",1,1500,284,0.00352112676056338
"October","Pseudanthias squamipinnis","2022",140,350000,31,4.51612903225806
"October","Pseudanthias squamipinnis","2023",318,501938.228571429,187,1.70053475935829
"October","Pseudanthias tuka","2012",118,364000,284,0.415492957746479
"October","Pseudanthias tuka","2013",88,258750,287,0.306620209059233
"October","Pseudanthias tuka","2015",2,8000,142,0.0140845070422535
"October","Pseudanthias tuka","2016",3,10000,102,0.0294117647058824
"October","Pseudanthias tuka","2017",128,503000,109,1.1743119266055
"October","Pseudanthias tuka","2018",10,36000,124,0.0806451612903226
"October","Pseudocheilinus evanidus","2012",270,378775.602409639,284,0.950704225352113
"October","Pseudocheilinus evanidus","2013",25,62500,287,0.0871080139372822
"October","Pseudocheilinus evanidus","2015",13,26500,142,0.0915492957746479
"October","Pseudocheilinus evanidus","2016",35,33750,102,0.343137254901961
"October","Pseudocheilinus evanidus","2017",61,61000,109,0.559633027522936
"October","Pseudocheilinus evanidus","2018",93,94500,124,0.75
"October","Pseudocheilinus evanidus","2022",5,12500,31,0.161290322580645
"October","Pseudocheilinus evanidus","2023",91,108000,187,0.486631016042781
"October","Pseudocheilinus hexataenia","2012",1737,3553200,284,6.11619718309859
"October","Pseudocheilinus hexataenia","2013",1326,2761500,287,4.62020905923345
"October","Pseudocheilinus hexataenia","2015",480,1076000,142,3.38028169014085
"October","Pseudocheilinus hexataenia","2016",934,2081000,102,9.15686274509804
"October","Pseudocheilinus hexataenia","2017",577,1457000,109,5.29357798165138
"October","Pseudocheilinus hexataenia","2018",896,2379000,124,7.2258064516129
"October","Pseudocheilinus hexataenia","2022",477,1669500,31,15.3870967741935
"October","Pseudocheilinus hexataenia","2023",1677,5200000,187,8.96791443850267
"October","Pseudocheilinus octotaenia","2023",1,10500,187,0.0053475935828877
"October","Pseudochromis bitaeniatus","2012",292,434000,284,1.02816901408451
"October","Pseudochromis paccagnellae","2012",1,1136.36363636364,284,0.00352112676056338
"October","Pseudochromis paccagnellae","2015",5,5000,142,0.0352112676056338
"October","Pseudochromis paccagnellae","2016",1,1000,102,0.00980392156862745
"October","Pseudochromis paccagnellae","2017",2,2000,109,0.018348623853211
"October","Pseudochromis paccagnellae","2018",2,2000,124,0.0161290322580645
"October","Pseudocoris yamashiroi","2022",1,2000,31,0.032258064516129
"October","Ptereleotris evides","2012",77,131500,284,0.27112676056338
"October","Ptereleotris evides","2015",125,215763.157894737,142,0.880281690140845
"October","Ptereleotris evides","2016",103,166500,102,1.00980392156863
"October","Ptereleotris evides","2017",227,444000,109,2.08256880733945
"October","Ptereleotris evides","2018",173,327000,124,1.39516129032258
"October","Ptereleotris evides","2022",33,99000,31,1.06451612903226
"October","Ptereleotris evides","2023",195,398000,187,1.0427807486631
"October","Ptereleotris heteroptera","2012",4,6000,284,0.0140845070422535
"October","Ptereleotris heteroptera","2013",18,36000,287,0.0627177700348432
"October","Ptereleotris heteroptera","2022",1,3000,31,0.032258064516129
"October","Ptereleotris heteropterus","2015",1,2500,142,0.00704225352112676
"October","Ptereleotris heteropterus","2016",4,6000,102,0.0392156862745098
"October","Ptereleotris heteropterus","2017",29,44000,109,0.26605504587156
"October","Ptereleotris heteropterus","2018",7,14000,124,0.0564516129032258
"October","Ptereleotris microlepis","2016",1,1000,102,0.00980392156862745
"October","Ptereleotris zebra","2012",8,12000,284,0.028169014084507
"October","Ptereleotris zebra","2013",22,40750,287,0.0766550522648084
"October","Ptereleotris zebra","2015",33,78750,142,0.232394366197183
"October","Ptereleotris zebra","2016",9,13500,102,0.0882352941176471
"October","Ptereleotris zebra","2018",2,5000,124,0.0161290322580645
"October","Pterocaesio chrysozona","2016",3,22500,102,0.0294117647058824
"October","Pterois antennata","2012",25,38400,284,0.0880281690140845
"October","Pterois antennata","2015",11,16500,142,0.0774647887323944
"October","Pterois antennata","2016",22,43500,102,0.215686274509804
"October","Pterois antennata","2017",23,45500,109,0.211009174311927
"October","Pterois antennata","2018",61,123000,124,0.491935483870968
"October","Pterois antennata","2022",12,60000,31,0.387096774193548
"October","Pterois antennata","2023",72,144500,187,0.385026737967914
"October","Pterois radiata","2012",5,41000,284,0.0176056338028169
"October","Pterois radiata","2016",2,16000,102,0.0196078431372549
"October","Pterois radiata","2017",3,40000,109,0.0275229357798165
"October","Pterois radiata","2022",3,45000,31,0.0967741935483871
"October","Pterois radiata","2023",1,10000,187,0.0053475935828877
"October","Pterois volitans","2013",111,989000,287,0.386759581881533
"October","Pterois volitans","2016",1,8000,102,0.00980392156862745
"October","Pterois volitans","2018",8,53000,124,0.0645161290322581
"October","Pterois volitans","2023",15,155000,187,0.0802139037433155
"October","Pygoplites diacanthus","2012",3,60000,284,0.0105633802816901
"October","Pygoplites diacanthus","2015",1,7000,142,0.00704225352112676
"October","Pygoplites diacanthus","2016",1,25000,102,0.00980392156862745
"October","Pygoplites diacanthus","2017",1,15000,109,0.00917431192660551
"October","Pygoplites diacanthus","2018",2,30000,124,0.0161290322580645
"October","Pygoplites diacanthus","2023",2,50000,187,0.0106951871657754
"October","Rhinchocinetes durbanensis","2016",241,259450,102,2.36274509803922
"October","Rhinchocinetes durbanensis","2018",265,316750,124,2.13709677419355
"October","Rhinecanthus aculeatus","2023",2,14000,187,0.0106951871657754
"October","Rhinecanthus verrucosus","2012",18,27000,284,0.0633802816901408
"October","Rhinecanthus verrucosus","2013",29,27250,287,0.101045296167247
"October","Rhinecanthus verrucosus","2015",11,11000,142,0.0774647887323944
"October","Rhinecanthus verrucosus","2016",14,14000,102,0.137254901960784
"October","Rhinecanthus verrucosus","2018",25,25000,124,0.201612903225806
"October","Rhinomuraena quaesita","2013",7,61000,287,0.024390243902439
"October","Rhinomuraena quaesita","2022",9,370000,31,0.290322580645161
"October","Rhinomuraena quaesita","2023",12,210000,187,0.0641711229946524
"October","Rhinomuraena quesita","2018",13,285000,124,0.104838709677419
"October","Rhynchocinetes durbanensis","2013",1540,1172500,287,5.36585365853659
"October","Rhynchocinetes durbanensis","2023",335,335000,187,1.79144385026738
"October","Salarias ceramensis","2013",1,1000,287,0.00348432055749129
"October","Salarias ceramensis","2022",1,6000,31,0.032258064516129
"October","Salarias ceramensis","2023",1,6000,187,0.0053475935828877
"October","Salarias fasciatus","2012",8,8000,284,0.028169014084507
"October","Salarias fasciatus","2015",24,24000,142,0.169014084507042
"October","Salarias fasciatus","2016",78,78000,102,0.764705882352941
"October","Salarias fasciatus","2017",10,10000,109,0.0917431192660551
"October","Salarias fasciatus","2018",10,10000,124,0.0806451612903226
"October","Salarias fasciatus","2023",95,129000,187,0.508021390374332
"October","Scorpaenopsis diablolus","2013",3,25000,287,0.0104529616724739
"October","Siderea picta","2022",5,25000,31,0.161290322580645
"October","Siganus corallinus","2023",1,3500,187,0.0053475935828877
"October","Siganus vulpinus","2013",1,2500,287,0.00348432055749129
"October","Siganus vulpinus","2018",1,4000,124,0.00806451612903226
"October","Signigobius biocellatus","2013",1,12500,287,0.00348432055749129
"October","Stenopus Hispodus","2016",23,23000,102,0.225490196078431
"October","Stenopus Hispodus","2018",17,17000,124,0.137096774193548
"October","Stenopus hispidus","2023",25,34000,187,0.133689839572193
"October","Stenopus hispodus","2013",154,135750,287,0.536585365853659
"October","Stenopus tenuirostris","2023",3,3000,187,0.0160427807486631
"October","Stenopus zanzibaricus","2022",2,16000,31,0.0645161290322581
"October","Stethojulis bandanensis","2012",1,1500,284,0.00352112676056338
"October","Stethojulis bandanensis","2015",4,4000,142,0.028169014084507
"October","Stethojulis bandanensis","2016",5,5000,102,0.0490196078431373
"October","Stethojulis bandanensis","2018",2,3000,124,0.0161290322580645
"October","Sufflamen Chrysopterus","2023",1,3000,187,0.0053475935828877
"October","Sufflamen bursa","2022",2,6000,31,0.0645161290322581
"October","Sufflamen chrysopterum","2012",20,60000,284,0.0704225352112676
"October","Sufflamen chrysopterus","2017",2,6000,109,0.018348623853211
"October","Synchiropus ocellatus","2012",62,104000,284,0.21830985915493
"October","Synchiropus ocellatus","2013",15,15250,287,0.0522648083623693
"October","Synchiropus ocellatus","2015",17,21250,142,0.119718309859155
"October","Synchiropus ocellatus","2016",64,78500,102,0.627450980392157
"October","Synchiropus ocellatus","2017",8,8250,109,0.073394495412844
"October","Synchiropus ocellatus","2018",31,31000,124,0.25
"October","Synchiropus ocellatus","2022",2,7000,31,0.0645161290322581
"October","Synchiropus ocellatus","2023",177,342500,187,0.946524064171123
"October","Synchiropus picturatus","2023",13,23000,187,0.0695187165775401
"October","Taenianotus triacanthus","2016",2,5000,102,0.0196078431372549
"October","Taenianotus triacanthus","2018",3,9000,124,0.0241935483870968
"October","Thalassoma amblycephalum","2013",1,3000,287,0.00348432055749129
"October","Thalassoma amblycephalum","2018",5,7500,124,0.0403225806451613
"October","Thalassoma jansenii","2023",5,9000,187,0.0267379679144385
"October","Thalassoma lunare","2012",35,36500,284,0.123239436619718
"October","Thalassoma lunare","2015",10,28000,142,0.0704225352112676
"October","Thalassoma lunare","2016",8,16000,102,0.0784313725490196
"October","Thalassoma lunare","2017",2,2000,109,0.018348623853211
"October","Thalassoma lutescens","2023",16,66000,187,0.0855614973262032
"October","Upeneus vittatus","2023",1,1000,187,0.0053475935828877
"October","Valenciennea helsdingenii","2012",44,69890.6040268456,284,0.154929577464789
"October","Valenciennea helsdingenii","2015",5,7500,142,0.0352112676056338
"October","Valenciennea helsdingenii","2016",4,6000,102,0.0392156862745098
"October","Valenciennea helsdingenii","2017",10,17500,109,0.0917431192660551
"October","Valenciennea helsdingenii","2018",18,36000,124,0.145161290322581
"October","Valenciennea helsdingenii","2023",4,11000,187,0.0213903743315508
"October","Valenciennea puellaris","2012",138,212088.25136612,284,0.485915492957746
"October","Valenciennea puellaris","2013",435,627000,287,1.51567944250871
"October","Valenciennea puellaris","2015",128,236000,142,0.901408450704225
"October","Valenciennea puellaris","2016",199,337600,102,1.95098039215686
"October","Valenciennea puellaris","2017",175,323750,109,1.60550458715596
"October","Valenciennea puellaris","2018",169,339500,124,1.36290322580645
"October","Valenciennea puellaris","2022",37,111000,31,1.19354838709677
"October","Valenciennea puellaris","2023",197,442000,187,1.05347593582888
"October","Valenciennea sexguttata","2012",21,23250,284,0.073943661971831
"October","Valenciennea sexguttata","2013",89,88000,287,0.310104529616725
"October","Valenciennea sexguttata","2015",3,3000,142,0.0211267605633803
"October","Valenciennea sexguttata","2016",82,101750,102,0.803921568627451
"October","Valenciennea sexguttata","2017",38,57000,109,0.348623853211009
"October","Valenciennea sexguttata","2018",91,136500,124,0.733870967741935
"October","Valenciennea sexguttata","2022",66,165000,31,2.12903225806452
"October","Valenciennea sexguttata","2023",38,83000,187,0.203208556149733
"October","Valenciennea strigata","2013",657,953500,287,2.28919860627178
"October","Valenciennea strigata","2016",405,613200,102,3.97058823529412
"October","Valenciennea strigata","2018",44,88000,124,0.354838709677419
"October","Valenciennea strigata","2022",89,267000,31,2.87096774193548
"October","Valenciennea strigata","2023",257,574000,187,1.37433155080214
"October","Variola louti","2012",5,7500,284,0.0176056338028169
"October","Variola louti","2013",8,13000,287,0.0278745644599303
"October","Variola louti","2015",1,2000,142,0.00704225352112676
"October","Variola louti","2016",2,3000,102,0.0196078431372549
"October","Variola louti","2017",4,8000,109,0.036697247706422
"October","Variola louti","2018",3,6000,124,0.0241935483870968
"October","Wetmorella nigropinnata","2012",183,196500,284,0.644366197183099
"October","Wetmorella nigropinnata","2015",30,37500,142,0.211267605633803
"October","Wetmorella nigropinnata","2016",25,32500,102,0.245098039215686
"October","Wetmorella nigropinnata","2017",29,41000,109,0.26605504587156
"October","Wetmorella nigropinnata","2018",44,47000,124,0.354838709677419
"October","Wetmorella nigropinnata","2023",34,38100,187,0.181818181818182
"October","Xyrichtys pavo","2023",1,1000,187,0.0053475935828877
"October","Xyrichtys pentadactylus","2022",1,7500,31,0.032258064516129
"October","Zanclus cornutus","2012",36,60700,284,0.126760563380282
"October","Zanclus cornutus","2015",9,13500,142,0.0633802816901408
"October","Zanclus cornutus","2016",15,25500,102,0.147058823529412
"October","Zanclus cornutus","2017",27,45500,109,0.247706422018349
"October","Zanclus cornutus","2018",21,42000,124,0.169354838709677
"October","Zanclus cornutus","2023",16,33000,187,0.0855614973262032
"October","Zebrasoma scopas","2012",377,585461.163522012,284,1.32746478873239
"October","Zebrasoma scopas","2013",248,376250,287,0.86411149825784
"October","Zebrasoma scopas","2015",221,412500,142,1.55633802816901
"October","Zebrasoma scopas","2016",77,146750,102,0.754901960784314
"October","Zebrasoma scopas","2017",108,229500,109,0.990825688073395
"October","Zebrasoma scopas","2018",128,284000,124,1.03225806451613
"October","Zebrasoma scopas","2022",52,207000,31,1.67741935483871
"October","Zebrasoma scopas","2023",353,770000,187,1.88770053475936
"November","#N/A","2012",385,1353500,219,1.75799086757991
"November","#N/A","2013",3821,7264000,287,13.3135888501742
"November","#N/A","2015",4701,9756600,158,29.753164556962
"November","#N/A","2017",1397,5049301.70616114,98,14.2551020408163
"November","Ablabys taenianotus","2013",3,3000,287,0.0104529616724739
"November","Ablabys taenianotus","2023",2,6000,176,0.0113636363636364
"November","Abudefduf saxatilis","2012",3,21000,219,0.0136986301369863
"November","Acanthurus bariene","2016",48,380000,154,0.311688311688312
"November","Acanthurus bariene","2018",5,50000,89,0.0561797752808989
"November","Acanthurus bariene","2022",1,10000,28,0.0357142857142857
"November","Acanthurus bariene","2023",1,10000,176,0.00568181818181818
"November","Acanthurus chronixis","2012",1483,1992450,219,6.77168949771689
"November","Acanthurus chronixis","2013",18,51500,287,0.0627177700348432
"November","Acanthurus chronixis","2022",15,90000,28,0.535714285714286
"November","Acanthurus chronixis","2023",14,84000,176,0.0795454545454545
"November","Acanthurus grammoptilus","2013",5,5000,287,0.0174216027874564
"November","Acanthurus leucoheilus","2015",1,5000,158,0.00632911392405063
"November","Acanthurus leucoheilus","2016",40,147500,154,0.25974025974026
"November","Acanthurus leucoheilus","2018",1,5000,89,0.0112359550561798
"November","Acanthurus leucosternon","2016",5,135000,154,0.0324675324675325
"November","Acanthurus lineatus","2012",110,250500,219,0.502283105022831
"November","Acanthurus lineatus","2013",62,176000,287,0.21602787456446
"November","Acanthurus lineatus","2015",20,52500,158,0.126582278481013
"November","Acanthurus lineatus","2016",282,806000,154,1.83116883116883
"November","Acanthurus lineatus","2017",137,409000,98,1.39795918367347
"November","Acanthurus lineatus","2018",122,443500,89,1.37078651685393
"November","Acanthurus lineatus","2022",81,389000,28,2.89285714285714
"November","Acanthurus lineatus","2023",91,372000,176,0.517045454545455
"November","Acanthurus maculiceps","2012",1,15000,219,0.0045662100456621
"November","Acanthurus maculiceps","2015",1,25000,158,0.00632911392405063
"November","Acanthurus maculiceps","2016",4,29000,154,0.025974025974026
"November","Acanthurus nigricans","2012",15,180000,219,0.0684931506849315
"November","Acanthurus nigricans","2015",1,12500,158,0.00632911392405063
"November","Acanthurus nigricans","2016",152,1518000,154,0.987012987012987
"November","Acanthurus nigricans","2017",5,60000,98,0.0510204081632653
"November","Acanthurus nigricans","2022",2,38750,28,0.0714285714285714
"November","Acanthurus nigricans","2023",7,113000,176,0.0397727272727273
"November","Acanthurus nigricauda","2012",1,6000,219,0.0045662100456621
"November","Acanthurus nigrofuscus","2012",6,5750,219,0.0273972602739726
"November","Acanthurus nigrofuscus","2015",1,1000,158,0.00632911392405063
"November","Acanthurus nigrofuscus","2016",26,26000,154,0.168831168831169
"November","Acanthurus nigrofuscus","2017",3,3000,98,0.0306122448979592
"November","Acanthurus nigrofuscus","2018",11,11000,89,0.123595505617978
"November","Acanthurus nigroris","2015",246,284000,158,1.55696202531646
"November","Acanthurus nigroris","2016",89,98000,154,0.577922077922078
"November","Acanthurus nigroris","2017",38,44000,98,0.387755102040816
"November","Acanthurus nigroris","2018",33,69000,89,0.370786516853933
"November","Acanthurus nigroris","2022",6,9000,28,0.214285714285714
"November","Acanthurus nigroris","2023",58,87000,176,0.329545454545455
"November","Acanthurus olivaceus","2012",28,72000,219,0.127853881278539
"November","Acanthurus olivaceus","2013",37,117000,287,0.128919860627178
"November","Acanthurus olivaceus","2015",9,38000,158,0.0569620253164557
"November","Acanthurus olivaceus","2016",64,136500,154,0.415584415584416
"November","Acanthurus olivaceus","2017",3,11500,98,0.0306122448979592
"November","Acanthurus olivaceus","2018",19,103000,89,0.213483146067416
"November","Acanthurus olivaceus","2022",14,98000,28,0.5
"November","Acanthurus olivaceus","2023",12,64000,176,0.0681818181818182
"November","Acanthurus pyroferus","2012",15,41500,219,0.0684931506849315
"November","Acanthurus pyroferus","2013",29,271500,287,0.101045296167247
"November","Acanthurus pyroferus","2015",6,20500,158,0.0379746835443038
"November","Acanthurus pyroferus","2016",162,314250,154,1.05194805194805
"November","Acanthurus pyroferus","2017",23,66500,98,0.23469387755102
"November","Acanthurus pyroferus","2018",26,77500,89,0.292134831460674
"November","Acanthurus pyroferus","2022",1,15000,28,0.0357142857142857
"November","Acanthurus pyroferus","2023",7,90000,176,0.0397727272727273
"November","Acanthurus triostegus","2012",200,284300,219,0.91324200913242
"November","Acanthurus triostegus","2015",148,221000,158,0.936708860759494
"November","Acanthurus triostegus","2016",22,30750,154,0.142857142857143
"November","Acanthurus triostegus","2017",103,189000,98,1.05102040816327
"November","Acanthurus triostegus","2018",39,88500,89,0.438202247191011
"November","Acanthurus triostegus","2022",82,319500,28,2.92857142857143
"November","Acanthurus triostegus","2023",97,161500,176,0.551136363636364
"November","Acanthurus tristris","2016",6,14500,154,0.038961038961039
"November","Acanthurus tristris","2017",2,4500,98,0.0204081632653061
"November","Acanthurus tristris","2018",2,6000,89,0.0224719101123595
"November","Acanthurus tristris","2022",4,12000,28,0.142857142857143
"November","Acanthurus tristris","2023",13,28000,176,0.0738636363636364
"November","Acanthurus xanthopterus","2016",5,25000,154,0.0324675324675325
"November","Acanthurus xanthopterus","2018",1,5000,89,0.0112359550561798
"November","Alectis ciliaris","2012",2,10000,219,0.0091324200913242
"November","Alectis indicus","2013",1,4000,287,0.00348432055749129
"November","Amblycirrhitus pinos","2013",38,37500,287,0.132404181184669
"November","Amblyeleotris steinitzi","2016",9,17000,154,0.0584415584415584
"November","Amblyeleotris steinitzi","2017",2,5000,98,0.0204081632653061
"November","Amblyeteleotris gymnocephala","2012",19,24500,219,0.0867579908675799
"November","Amblyeteleotris gymnocephala","2013",2,5000,287,0.00696864111498258
"November","Amphiprion clarkii","2012",129,204100,219,0.589041095890411
"November","Amphiprion clarkii","2015",98,186500,158,0.620253164556962
"November","Amphiprion clarkii","2016",101,141700,154,0.655844155844156
"November","Amphiprion clarkii","2017",34,81750,98,0.346938775510204
"November","Amphiprion clarkii","2018",30,76000,89,0.337078651685393
"November","Amphiprion clarkii","2022",14,49000,28,0.5
"November","Amphiprion clarkii","2023",38,96000,176,0.215909090909091
"November","Amphiprion frenatus","2015",3,9000,158,0.0189873417721519
"November","Amphiprion frenatus","2016",3,7500,154,0.0194805194805195
"November","Amphiprion ocellaris","2012",8,13000,219,0.0365296803652968
"November","Amphiprion ocellaris","2015",14,30000,158,0.0886075949367089
"November","Amphiprion ocellaris","2016",11,17000,154,0.0714285714285714
"November","Amphiprion ocellaris","2017",5,12500,98,0.0510204081632653
"November","Amphiprion ocellaris","2018",12,30000,89,0.134831460674157
"November","Amphiprion ocellaris","2022",13,29500,28,0.464285714285714
"November","Amphiprion ocellaris","2023",6,15000,176,0.0340909090909091
"November","Amphiprion perideraion","2022",3,7500,28,0.107142857142857
"November","Amphiprion perideraion","2023",6,13500,176,0.0340909090909091
"November","Amphiprion polymnus","2022",1,2000,28,0.0357142857142857
"November","Amphiprion sandaracinos","2016",6,6500,154,0.038961038961039
"November","Amphiprion sandaracinos","2018",5,9000,89,0.0561797752808989
"November","Amphiprion sandaracinos","2023",4,8000,176,0.0227272727272727
"November","Anampses caeruleopunctatus","2012",39,49500,219,0.178082191780822
"November","Anampses caeruleopunctatus","2015",19,29000,158,0.120253164556962
"November","Anampses caeruleopunctatus","2016",1,1500,154,0.00649350649350649
"November","Anampses caeruleopunctatus","2017",15,39000,98,0.153061224489796
"November","Anampses caeruleopunctatus","2018",2,6000,89,0.0224719101123595
"November","Anampses caeruleopunctatus","2022",17,59500,28,0.607142857142857
"November","Anampses caeruleopunctatus","2023",27,94500,176,0.153409090909091
"November","Anampses lineatus","2012",11,13000,219,0.0502283105022831
"November","Anampses melanurus","2018",5,11000,89,0.0561797752808989
"November","Anampses melanurus","2023",22,178000,176,0.125
"November","Anampses meleagrides","2012",94,670000,219,0.429223744292237
"November","Anampses meleagrides","2013",4,15500,287,0.0139372822299652
"November","Anampses meleagrides","2015",25,149500,158,0.158227848101266
"November","Anampses meleagrides","2016",6,36000,154,0.038961038961039
"November","Anampses meleagrides","2017",8,77000,98,0.0816326530612245
"November","Anampses meleagrides","2018",14,121500,89,0.157303370786517
"November","Anampses meleagrides","2022",20,236000,28,0.714285714285714
"November","Anampses meleagrides","2023",10,120000,176,0.0568181818181818
"November","Ancanthurus pyroferus","2016",9,54000,154,0.0584415584415584
"November","Ancanthurus pyroferus","2018",5,75000,89,0.0561797752808989
"November","Antennarius nummifer","2015",1,5000,158,0.00632911392405063
"November","Antennarius nummifer","2017",2,2000,98,0.0204081632653061
"November","Apogon semiornatus","2012",6,32000,219,0.0273972602739726
"November","Apolemichthys trimaculatus","2013",1,5000,287,0.00348432055749129
"November","Apolemichthys trimaculatus","2017",1,7000,98,0.0102040816326531
"November","Apolemichthys trimaculatus","2023",2,50000,176,0.0113636363636364
"November","Arothron meleagris","2013",40,85250,287,0.139372822299652
"November","Arothron meleagris","2015",2,4000,158,0.0126582278481013
"November","Arothron meleagris","2016",31,58750,154,0.201298701298701
"November","Arothron meleagris","2017",7,17398.6486486486,98,0.0714285714285714
"November","Arothron meleagris","2018",10,30000,89,0.112359550561798
"November","Arothron nigropunctatus","2022",2,6000,28,0.0714285714285714
"November","Arothron nigropunctatus","2023",31,64000,176,0.176136363636364
"November","Atrosalarias fuscus","2016",49,49000,154,0.318181818181818
"November","Atrosalarias fuscus","2017",1,1000,98,0.0102040816326531
"November","Atrosalarias fuscus","2018",38,38500,89,0.426966292134831
"November","Atrosalarias fuscus","2023",4,4000,176,0.0227272727272727
"November","Balistapus undulatus","2013",6,15000,287,0.0209059233449477
"November","Balistapus undulatus","2023",1,3000,176,0.00568181818181818
"November","Bodianus anthioides","2018",2,1e+05,89,0.0224719101123595
"November","Bodianus axillaris","2015",1,8000,158,0.00632911392405063
"November","Bodianus axillaris","2016",1,5000,154,0.00649350649350649
"November","Bodianus axillaris","2018",1,8000,89,0.0112359550561798
"November","Bodianus bilunulatus","2013",2,5000,287,0.00696864111498258
"November","Bodianus bilunulatus","2015",1,1500,158,0.00632911392405063
"November","Bodianus bimaculatus","2013",3,12000,287,0.0104529616724739
"November","Bodianus bimaculatus","2016",17,65000,154,0.11038961038961
"November","Bodianus bimaculatus","2018",3,6000,89,0.0337078651685393
"November","Bodianus diana","2015",108,217500,158,0.683544303797468
"November","Bodianus diana","2016",110,220500,154,0.714285714285714
"November","Bodianus diana","2017",123,253500,98,1.25510204081633
"November","Bodianus diana","2018",61,126500,89,0.685393258426966
"November","Bodianus diana","2022",1,3000,28,0.0357142857142857
"November","Bodianus diana","2023",41,85137.6590909091,176,0.232954545454545
"November","Bodianus mesothorax","2015",21,44000,158,0.132911392405063
"November","Bodianus mesothorax","2016",45,95500,154,0.292207792207792
"November","Bodianus mesothorax","2017",22,49000,98,0.224489795918367
"November","Bodianus mesothorax","2018",43,96500,89,0.48314606741573
"November","Bodianus mesothorax","2022",6,18418.6046511628,28,0.214285714285714
"November","Bodianus mesothorax","2023",100,223277.64516129,176,0.568181818181818
"November","Caesio teres","2023",3,45000,176,0.0170454545454545
"November","Cantherhines pardalis","2013",34,32250,287,0.118466898954704
"November","Canthigaster bennetti","2023",15,45000,176,0.0852272727272727
"November","Canthigaster epilampra","2013",24,48000,287,0.0836236933797909
"November","Canthigaster solandri","2022",8,24000,28,0.285714285714286
"November","Canthigaster solandri","2023",11,33000,176,0.0625
"November","Canthigaster valentini","2012",29,32000,219,0.132420091324201
"November","Canthigaster valentini","2015",30,46500,158,0.189873417721519
"November","Canthigaster valentini","2016",8,8000,154,0.051948051948052
"November","Canthigaster valentini","2017",25,40000,98,0.255102040816327
"November","Canthigaster valentini","2018",54,82500,89,0.606741573033708
"November","Canthigaster valentini","2022",40,121750,28,1.42857142857143
"November","Canthigaster valentini","2023",32,85500,176,0.181818181818182
"November","Centropyge argi","2012",12,139500,219,0.0547945205479452
"November","Centropyge bicolor","2012",137,415000,219,0.625570776255708
"November","Centropyge bicolor","2013",150,435500,287,0.522648083623693
"November","Centropyge bicolor","2015",131,368500,158,0.829113924050633
"November","Centropyge bicolor","2016",38,109750,154,0.246753246753247
"November","Centropyge bicolor","2017",124,423000,98,1.26530612244898
"November","Centropyge bicolor","2018",69,299000,89,0.775280898876405
"November","Centropyge bicolor","2022",57,378000,28,2.03571428571429
"November","Centropyge bicolor","2023",122,633000,176,0.693181818181818
"November","Centropyge bispinosa","2023",2,45000,176,0.0113636363636364
"November","Centropyge bispinosus","2012",1,3250,219,0.0045662100456621
"November","Centropyge bispinosus","2017",1,8000,98,0.0102040816326531
"November","Centropyge eibli","2012",59,188000,219,0.269406392694064
"November","Centropyge eibli","2015",26,1e+05,158,0.164556962025316
"November","Centropyge eibli","2016",63,202000,154,0.409090909090909
"November","Centropyge eibli","2017",13,59500,98,0.13265306122449
"November","Centropyge eibli","2018",27,135000,89,0.303370786516854
"November","Centropyge eibli","2022",20,137500,28,0.714285714285714
"November","Centropyge eibli","2023",69,329000,176,0.392045454545455
"November","Centropyge nox","2013",1,1500,287,0.00348432055749129
"November","Centropyge nox","2016",2,3500,154,0.012987012987013
"November","Centropyge nox","2018",1,3000,89,0.0112359550561798
"November","Centropyge nox","2023",17,34000,176,0.0965909090909091
"November","Centropyge tibicen","2012",46,99250,219,0.210045662100457
"November","Centropyge tibicen","2013",10,19250,287,0.0348432055749129
"November","Centropyge tibicen","2015",6,12000,158,0.0379746835443038
"November","Centropyge tibicen","2016",67,133000,154,0.435064935064935
"November","Centropyge tibicen","2017",10,23500,98,0.102040816326531
"November","Centropyge tibicen","2018",36,101500,89,0.404494382022472
"November","Centropyge tibicen","2022",10,40000,28,0.357142857142857
"November","Centropyge tibicen","2023",2,8000,176,0.0113636363636364
"November","Centropyge vroliki","2015",32,48000,158,0.20253164556962
"November","Centropyge vroliki","2016",45,63000,154,0.292207792207792
"November","Centropyge vroliki","2017",23,35000,98,0.23469387755102
"November","Centropyge vroliki","2018",16,28000,89,0.179775280898876
"November","Centropyge vroliki","2022",12,35000,28,0.428571428571429
"November","Centropyge vroliki","2023",65,168000,176,0.369318181818182
"November","Centropyge vrolikii","2012",46,47000,219,0.210045662100457
"November","Cephalopholis miniata","2012",9,25500,219,0.0410958904109589
"November","Cephalopholis miniata","2015",1,2000,158,0.00632911392405063
"November","Cephalopholis miniata","2016",13,39500,154,0.0844155844155844
"November","Cephalopholis miniata","2017",1,3000,98,0.0102040816326531
"November","Chaetodon Sp","2022",1,1500,28,0.0357142857142857
"November","Chaetodon Sp","2023",31,46500,176,0.176136363636364
"November","Chaetodon adiergastos","2015",2,2000,158,0.0126582278481013
"November","Chaetodon adiergastos","2016",19,19000,154,0.123376623376623
"November","Chaetodon adiergastos","2017",2,2000,98,0.0204081632653061
"November","Chaetodon adiergastos","2018",11,11000,89,0.123595505617978
"November","Chaetodon baronessa","2012",20,24000,219,0.091324200913242
"November","Chaetodon baronessa","2013",21,22000,287,0.0731707317073171
"November","Chaetodon baronessa","2015",17,21500,158,0.107594936708861
"November","Chaetodon baronessa","2016",10,10000,154,0.0649350649350649
"November","Chaetodon baronessa","2017",13,31000,98,0.13265306122449
"November","Chaetodon baronessa","2018",95,155000,89,1.06741573033708
"November","Chaetodon baronessa","2022",21,63000,28,0.75
"November","Chaetodon baronessa","2023",10,30000,176,0.0568181818181818
"November","Chaetodon bennetti","2012",4,16000,219,0.0182648401826484
"November","Chaetodon bennetti","2013",3,13500,287,0.0104529616724739
"November","Chaetodon bennetti","2016",9,40000,154,0.0584415584415584
"November","Chaetodon citrinellus","2023",32,64000,176,0.181818181818182
"November","Chaetodon ephippium","2013",1,7500,287,0.00348432055749129
"November","Chaetodon kleinii","2013",121,128000,287,0.421602787456446
"November","Chaetodon kleinii","2016",72,72000,154,0.467532467532468
"November","Chaetodon kleinii","2018",126,141000,89,1.41573033707865
"November","Chaetodon kleinii","2022",50,1e+05,28,1.78571428571429
"November","Chaetodon kleinii","2023",94,155000,176,0.534090909090909
"November","Chaetodon lunula","2013",2,15000,287,0.00696864111498258
"November","Chaetodon lunula","2016",2,14000,154,0.012987012987013
"November","Chaetodon lunula","2017",1,5000,98,0.0102040816326531
"November","Chaetodon lunula","2022",6,76500,28,0.214285714285714
"November","Chaetodon melannotus","2015",3,7500,158,0.0189873417721519
"November","Chaetodon melannotus","2018",1,3500,89,0.0112359550561798
"November","Chaetodon melannotus","2023",5,20000,176,0.0284090909090909
"November","Chaetodon meyeri","2012",5,40000,219,0.0228310502283105
"November","Chaetodon meyeri","2015",1,8000,158,0.00632911392405063
"November","Chaetodon meyeri","2016",2,5000,154,0.012987012987013
"November","Chaetodon ocellicaudus","2016",1,3000,154,0.00649350649350649
"November","Chaetodon ornatissimus","2012",4,21000,219,0.0182648401826484
"November","Chaetodon ornatissimus","2022",4,45000,28,0.142857142857143
"November","Chaetodon punctatofasciatus","2023",2,12000,176,0.0113636363636364
"November","Chaetodon rafflesi","2023",1,6000,176,0.00568181818181818
"November","Chaetodon trifascialis","2012",1,1000,219,0.0045662100456621
"November","Chaetodon trifascialis","2016",2,3000,154,0.012987012987013
"November","Chaetodon trifascialis","2017",2,8000,98,0.0204081632653061
"November","Chaetodon trifascialis","2022",4,20000,28,0.142857142857143
"November","Chaetodon trifascialis","2023",2,10000,176,0.0113636363636364
"November","Chaetodon trifasciatus","2012",142,149500,219,0.648401826484018
"November","Chaetodon trifasciatus","2013",9,11000,287,0.0313588850174216
"November","Chaetodon trifasciatus","2015",28,50000,158,0.177215189873418
"November","Chaetodon trifasciatus","2017",14,29905.6603773585,98,0.142857142857143
"November","Chaetodon trifasciatus","2018",2,5000,89,0.0224719101123595
"November","Chaetodon trifasciatus","2022",11,34000,28,0.392857142857143
"November","Chaetodon trifasciatus","2023",59,127500,176,0.335227272727273
"November","Chaetodon vagabundus","2022",29,84000,28,1.03571428571429
"November","Chaetodon vagabundus","2023",32,96000,176,0.181818181818182
"November","Cheilinus chlorourus","2012",1,2000,219,0.0045662100456621
"November","Cheilinus fasciatus","2012",3,3000,219,0.0136986301369863
"November","Cheilinus fasciatus","2015",1,1000,158,0.00632911392405063
"November","Cheilinus fasciatus","2016",6,6000,154,0.038961038961039
"November","Cheilinus fasciatus","2023",2,2000,176,0.0113636363636364
"November","Chirrhilabrus cyanopleura","2016",140,130250,154,0.909090909090909
"November","Chirrhilabrus cyanopleura","2018",89,164500,89,1
"November","Chromis lineata","2022",184,368000,28,6.57142857142857
"November","Chromis lineata","2023",384,768000,176,2.18181818181818
"November","Chromis margaritifer","2012",729,473500,219,3.32876712328767
"November","Chromis margaritifer","2013",666,586000,287,2.3205574912892
"November","Chromis margaritifer","2015",142,124800,158,0.89873417721519
"November","Chromis margaritifer","2016",349,315100,154,2.26623376623377
"November","Chromis margaritifer","2017",391,361700,98,3.98979591836735
"November","Chromis margaritifer","2018",365,464000,89,4.10112359550562
"November","Chromis margaritifer","2022",191,286500,28,6.82142857142857
"November","Chromis margaritifer","2023",482,499375,176,2.73863636363636
"November","Chromis opercularis","2012",193,137800,219,0.881278538812785
"November","Chromis retrofasciata","2016",156,93600,154,1.01298701298701
"November","Chromis retrofasciata","2018",281,305000,89,3.15730337078652
"November","Chromis retrofasciata","2022",176,264000,28,6.28571428571429
"November","Chromis retrofasciata","2023",347,520500,176,1.97159090909091
"November","Chromis viridis","2012",1032,797000,219,4.71232876712329
"November","Chromis viridis","2013",4889,3064400,287,17.0348432055749
"November","Chromis viridis","2015",1285,1482750,158,8.13291139240506
"November","Chromis viridis","2016",2299,1964400,154,14.9285714285714
"November","Chromis viridis","2017",600,9e+05,98,6.12244897959184
"November","Chromis viridis","2018",539,808500,89,6.0561797752809
"November","Chromis viridis","2022",1630,2445000,28,58.2142857142857
"November","Chromis viridis","2023",507,544676.161458333,176,2.88068181818182
"November","Chromis weberi","2012",1129,664700,219,5.15525114155251
"November","Chromis weberi","2013",901,558500,287,3.13937282229965
"November","Chromis xanthura","2012",140,130250,219,0.639269406392694
"November","Chrysiptera brownrigii","2012",1,2000,219,0.0045662100456621
"November","Chrysiptera caeruleolineata","2012",1339,7163000,219,6.11415525114155
"November","Chrysiptera talboti","2012",283,188500,219,1.29223744292237
"November","Chrysiptera talboti","2013",102,81200,287,0.355400696864112
"November","Chrysiptera talboti","2015",418,369600,158,2.64556962025316
"November","Chrysiptera talboti","2016",1174,704400,154,7.62337662337662
"November","Chrysiptera talboti","2017",836,611900,98,8.53061224489796
"November","Chrysiptera talboti","2018",923,1147000,89,10.3707865168539
"November","Chrysiptera talboti","2022",308,462000,28,11
"November","Chrysiptera talboti","2023",812,1014500,176,4.61363636363636
"November","Cirrhilabrus cyanopleura","2013",87,138000,287,0.303135888501742
"November","Cirrhilabrus cyanopleura","2022",54,108000,28,1.92857142857143
"November","Cirrhilabrus cyanopleura","2023",125,189000,176,0.710227272727273
"November","Cirrhilabrus exquisitus","2013",29,72500,287,0.101045296167247
"November","Cirrhilabrus exquisitus","2016",71,106500,154,0.461038961038961
"November","Cirrhilabrus exquisitus","2018",70,167000,89,0.786516853932584
"November","Cirrhilabrus exquisitus","2022",1,4000,28,0.0357142857142857
"November","Cirrhilabrus exquisitus","2023",29,52000,176,0.164772727272727
"November","Cirrhilabrus filamentosus","2015",5,18500,158,0.0316455696202532
"November","Cirrhilabrus filamentosus","2016",3,7500,154,0.0194805194805195
"November","Cirrhilabrus flavidorsalis","2012",21,51500,219,0.0958904109589041
"November","Cirrhilabrus lubbocki","2012",18,33000,219,0.0821917808219178
"November","Cirrhilabrus lubbocki","2016",15,15000,154,0.0974025974025974
"November","Cirrhitichthys aprinus","2012",173,169850,219,0.789954337899543
"November","Cirrhitichthys aprinus","2015",143,153500,158,0.905063291139241
"November","Cirrhitichthys aprinus","2016",133,133000,154,0.863636363636364
"November","Cirrhitichthys aprinus","2017",45,51180.4081632653,98,0.459183673469388
"November","Cirrhitichthys aprinus","2018",95,102000,89,1.06741573033708
"November","Cirrhitichthys aprinus","2022",5,10500,28,0.178571428571429
"November","Cirrhitichthys aprinus","2023",58,76000,176,0.329545454545455
"November","Cirrhitichthys falco","2022",10,21000,28,0.357142857142857
"November","Cirrhitichthys falco","2023",7,14000,176,0.0397727272727273
"November","Cirrhitichthys oxycephalus","2022",1,2000,28,0.0357142857142857
"November","Coris aygula","2012",1,25000,219,0.0045662100456621
"November","Coris aygula","2017",1,80000,98,0.0102040816326531
"November","Coris gaimard","2012",530,1296750,219,2.42009132420091
"November","Coris gaimard","2013",420,1001500,287,1.46341463414634
"November","Coris gaimard","2015",126,339500,158,0.79746835443038
"November","Coris gaimard","2016",189,516000,154,1.22727272727273
"November","Coris gaimard","2017",325,1080000,98,3.31632653061224
"November","Coris gaimard","2018",46,166000,89,0.51685393258427
"November","Coris gaimard","2022",96,224000,28,3.42857142857143
"November","Coris gaimard","2023",237,833000,176,1.34659090909091
"November","Coris julis","2012",132,145500,219,0.602739726027397
"November","Cryptocentrus leptocephalus","2022",26,78000,28,0.928571428571429
"November","Ctenochaetus striatus","2022",43,129500,28,1.53571428571429
"November","Ctenochaetus striatus","2023",43,129000,176,0.244318181818182
"November","Cyprinocirrhites polyactus","2015",57,63500,158,0.360759493670886
"November","Cyprinocirrhites polyactus","2023",134,201000,176,0.761363636363636
"November","Dascyllus aruanus","2013",94,47000,287,0.327526132404181
"November","Dascyllus melanurus","2016",3,1800,154,0.0194805194805195
"November","Dascyllus reticulatus","2012",55,27500,219,0.251141552511416
"November","Dascyllus reticulatus","2015",45,67500,158,0.284810126582278
"November","Dascyllus reticulatus","2017",50,75000,98,0.510204081632653
"November","Dascyllus reticulatus","2018",50,75000,89,0.561797752808989
"November","Dascyllus trimaculatus","2012",1156,732800,219,5.27853881278539
"November","Dascyllus trimaculatus","2013",1508,965000,287,5.25435540069686
"November","Dascyllus trimaculatus","2015",164,150000,158,1.0379746835443
"November","Dascyllus trimaculatus","2016",510,281900,154,3.31168831168831
"November","Dascyllus trimaculatus","2017",148,94200,98,1.51020408163265
"November","Dascyllus trimaculatus","2018",241,247000,89,2.70786516853933
"November","Dascyllus trimaculatus","2022",38,57000,28,1.35714285714286
"November","Dascyllus trimaculatus","2023",285,306000,176,1.61931818181818
"November","Dendrochirus biocellatus","2012",5,54000,219,0.0228310502283105
"November","Dendrochirus biocellatus","2013",279,364000,287,0.97212543554007
"November","Dendrochirus biocellatus","2015",3,24000,158,0.0189873417721519
"November","Dendrochirus biocellatus","2016",7,56000,154,0.0454545454545455
"November","Dendrochirus biocellatus","2017",1,10000,98,0.0102040816326531
"November","Dendrochirus biocellatus","2018",7,85000,89,0.0786516853932584
"November","Dendrochirus biocellatus","2023",2,30000,176,0.0113636363636364
"November","Dendrochirus zebra","2012",28,31000,219,0.127853881278539
"November","Dendrochirus zebra","2015",18,18000,158,0.113924050632911
"November","Dendrochirus zebra","2016",7,7000,154,0.0454545454545455
"November","Dendrochirus zebra","2017",1,1000,98,0.0102040816326531
"November","Dendrochirus zebra","2018",3,3000,89,0.0337078651685393
"November","Dendrochirus zebra","2022",2,6000,28,0.0714285714285714
"November","Dendrochirus zebra","2023",21,35000,176,0.119318181818182
"November","Diodon holocanthus","2012",13,13200,219,0.0593607305936073
"November","Diproctacanthus xanthurus","2012",1,1000,219,0.0045662100456621
"November","Dischistodus perspicillatus","2015",134,67000,158,0.848101265822785
"November","Dischistodus perspicillatus","2016",15,7500,154,0.0974025974025974
"November","Doryrhamphus dactyliophorus","2012",5,7500,219,0.0228310502283105
"November","Doryrhamphus dactyliophorus","2013",12,24000,287,0.0418118466898955
"November","Doryrhamphus dactyliophorus","2015",8,12000,158,0.0506329113924051
"November","Doryrhamphus dactyliophorus","2016",7,13500,154,0.0454545454545455
"November","Doryrhamphus dactyliophorus","2017",1,2000,98,0.0102040816326531
"November","Doryrhamphus dactyliophorus","2018",1,2500,89,0.0112359550561798
"November","Doryrhamphus dactyliophorus","2023",2,4000,176,0.0113636363636364
"November","Doryrhamphus janssi","2012",1,1500,219,0.0045662100456621
"November","Doryrhamphus janssii","2016",3,10000,154,0.0194805194805195
"November","Doryrhamphus janssii","2017",1,4000,98,0.0102040816326531
"November","Echidna polyzona","2012",3,21000,219,0.0136986301369863
"November","Echidna polyzona","2016",1,10000,154,0.00649350649350649
"November","Echidna polyzona","2017",1,10000,98,0.0102040816326531
"November","Ecsenius bicolor","2012",28,43000,219,0.127853881278539
"November","Ecsenius bicolor","2015",74,115000,158,0.468354430379747
"November","Ecsenius bicolor","2016",156,234000,154,1.01298701298701
"November","Ecsenius bicolor","2017",26,50263.488372093,98,0.26530612244898
"November","Ecsenius bicolor","2018",44,68000,89,0.49438202247191
"November","Ecsenius bicolor","2022",8,23000,28,0.285714285714286
"November","Ecsenius bicolor","2023",49,118000,176,0.278409090909091
"November","Ecsenius midas","2013",11,27500,287,0.0383275261324042
"November","Ecsenius midas","2016",1,2000,154,0.00649350649350649
"November","Ecsenius namiyei","2012",5,17500,219,0.0228310502283105
"November","Ecsenius namiyei","2013",8,8000,287,0.0278745644599303
"November","Enneapterygius atrogulare","2012",48,46750,219,0.219178082191781
"November","Enoplometopus occidentalis","2012",103,167000,219,0.470319634703196
"November","Enoplometopus occidentalis","2013",4,7000,287,0.0139372822299652
"November","Exallias brevis","2012",8,11500,219,0.0365296803652968
"November","Exallias brevis","2015",20,49500,158,0.126582278481013
"November","Exallias brevis","2016",8,19000,154,0.051948051948052
"November","Exallias brevis","2017",2,6000,98,0.0204081632653061
"November","Exallias brevis","2018",2,6000,89,0.0224719101123595
"November","Exallias brevis","2022",8,23000,28,0.285714285714286
"November","Exallias brevis","2023",19,46000,176,0.107954545454545
"November","Forcipiger flavissimus","2012",5,46000,219,0.0228310502283105
"November","Forcipiger flavissimus","2013",46,282500,287,0.160278745644599
"November","Forcipiger flavissimus","2016",2,14000,154,0.012987012987013
"November","Forcipiger flavissimus","2017",1,8000,98,0.0102040816326531
"November","Forcipiger flavissimus","2023",2,20000,176,0.0113636363636364
"November","Genicanthus lamarck","2016",1,4000,154,0.00649350649350649
"November","Gnathanodon speciosus","2015",1,5000,158,0.00632911392405063
"November","Gomphosus varius","2012",24,53000,219,0.10958904109589
"November","Gomphosus varius","2013",1,7000,287,0.00348432055749129
"November","Gomphosus varius","2016",61,114000,154,0.396103896103896
"November","Gomphosus varius","2017",4,6500,98,0.0408163265306122
"November","Gomphosus varius","2018",6,11000,89,0.0674157303370786
"November","Gomphosus varius","2023",4,7048.04545454545,176,0.0227272727272727
"November","Gorgasia preclara","2012",18,38000,219,0.0821917808219178
"November","Gymnomuraena zebra","2013",2,27000,287,0.00696864111498258
"November","Halichoeres bicolor","2023",1,2000,176,0.00568181818181818
"November","Halichoeres biocellatus","2022",3,9000,28,0.107142857142857
"November","Halichoeres chrysus","2012",807,1245400,219,3.68493150684932
"November","Halichoeres chrysus","2013",273,494500,287,0.951219512195122
"November","Halichoeres chrysus","2015",778,1102400,158,4.92405063291139
"November","Halichoeres chrysus","2016",704,1018000,154,4.57142857142857
"November","Halichoeres chrysus","2017",666,1307730.81140351,98,6.79591836734694
"November","Halichoeres chrysus","2018",666,1444500,89,7.48314606741573
"November","Halichoeres chrysus","2022",300,897000,28,10.7142857142857
"November","Halichoeres chrysus","2023",740,1699000,176,4.20454545454545
"November","Halichoeres hortulanus","2012",59,60450,219,0.269406392694064
"November","Halichoeres hortulanus","2013",102,136500,287,0.355400696864112
"November","Halichoeres hortulanus","2015",21,25000,158,0.132911392405063
"November","Halichoeres hortulanus","2016",38,28500,154,0.246753246753247
"November","Halichoeres hortulanus","2017",9,6750,98,0.0918367346938776
"November","Halichoeres hortulanus","2018",23,23250,89,0.258426966292135
"November","Halichoeres hortulanus","2023",31,32000,176,0.176136363636364
"November","Halichoeres marginatus","2012",1,2000,219,0.0045662100456621
"November","Halichoeres marginatus","2015",10,25000,158,0.0632911392405063
"November","Halichoeres marginatus","2018",1,2500,89,0.0112359550561798
"November","Halichoeres marginatus","2022",35,105000,28,1.25
"November","Halichoeres marginatus","2023",18,54000,176,0.102272727272727
"November","Halichoeres melanurus","2015",6,12000,158,0.0379746835443038
"November","Halichoeres melanurus","2016",9,9000,154,0.0584415584415584
"November","Halichoeres melanurus","2017",8,8000,98,0.0816326530612245
"November","Halichoeres melanurus","2018",43,43000,89,0.48314606741573
"November","Halichoeres melanurus","2022",2,6000,28,0.0714285714285714
"November","Halichoeres melanurus","2023",1,3000,176,0.00568181818181818
"November","Halichoeres nebulosus","2013",24,60000,287,0.0836236933797909
"November","Halichoeres prosopeion","2023",2,5000,176,0.0113636363636364
"November","Hemitaurichthys polylepis","2018",2,20000,89,0.0224719101123595
"November","Hemitaurichthys polylepis","2023",1,3000,176,0.00568181818181818
"November","Heniochus acuminatus","2013",205,1281000,287,0.714285714285714
"November","Heniochus acuminatus","2023",1,17500,176,0.00568181818181818
"November","Heniochus monoceros","2015",5,28500,158,0.0316455696202532
"November","Heniochus monoceros","2016",42,174000,154,0.272727272727273
"November","Heniochus monoceros","2017",1,10000,98,0.0102040816326531
"November","Heniochus pleurotaenia","2012",3,5000,219,0.0136986301369863
"November","Heniochus singularius","2012",69,130500,219,0.315068493150685
"November","Heniochus varius","2013",3,4500,287,0.0104529616724739
"November","Heniochus varius","2016",14,21000,154,0.0909090909090909
"November","Heniochus varius","2017",4,6000,98,0.0408163265306122
"November","Heniochus varius","2018",13,24000,89,0.146067415730337
"November","Hologymnosus annulatus","2013",2,5000,287,0.00696864111498258
"November","Hologymnosus doliatus","2022",1,2500,28,0.0357142857142857
"November","Hoplolatilus marcosi","2012",7,12250,219,0.0319634703196347
"November","Hymenocera picta","2012",125,257750,219,0.570776255707763
"November","Iniistius pavo","2013",84,212750,287,0.292682926829268
"November","Iniistius pavo","2016",8,19500,154,0.051948051948052
"November","Koumansetta rainfordi","2022",2,8000,28,0.0714285714285714
"November","Koumansetta rainfordi","2023",1,4000,176,0.00568181818181818
"November","Labrichthys Unilineatus","2023",1,3500,176,0.00568181818181818
"November","Labrichthys unilineatus","2016",11,11000,154,0.0714285714285714
"November","Labrichthys unilineatus","2017",1,2000,98,0.0102040816326531
"November","Labrichthys unilineatus","2018",2,4000,89,0.0224719101123595
"November","Labroides bicolor","2012",34,246500,219,0.155251141552511
"November","Labroides bicolor","2013",34,247000,287,0.118466898954704
"November","Labroides bicolor","2015",35,314000,158,0.221518987341772
"November","Labroides bicolor","2016",18,119500,154,0.116883116883117
"November","Labroides bicolor","2017",32,284000,98,0.326530612244898
"November","Labroides bicolor","2018",14,118000,89,0.157303370786517
"November","Labroides bicolor","2022",2,25000,28,0.0714285714285714
"November","Labroides bicolor","2023",23,226027.016129032,176,0.130681818181818
"November","Labroides dimidiatus","2012",370,369250,219,1.68949771689498
"November","Labroides dimidiatus","2013",444,393000,287,1.54703832752613
"November","Labroides dimidiatus","2015",361,380000,158,2.28481012658228
"November","Labroides dimidiatus","2016",315,316000,154,2.04545454545455
"November","Labroides dimidiatus","2017",183,187000,98,1.86734693877551
"November","Labroides dimidiatus","2018",114,127500,89,1.28089887640449
"November","Labroides dimidiatus","2022",87,174000,28,3.10714285714286
"November","Labroides dimidiatus","2023",517,798342.75,176,2.9375
"November","Labroides pectoralis","2012",57,57000,219,0.26027397260274
"November","Labroides pectoralis","2023",1,12500,176,0.00568181818181818
"November","Labroides rubrolabiatus","2012",3,24000,219,0.0136986301369863
"November","Labroides rubrolabiatus","2013",2,13500,287,0.00696864111498258
"November","Labroides rubrolabiatus","2015",5,20500,158,0.0316455696202532
"November","Labropsis alleni","2016",3,4500,154,0.0194805194805195
"November","Labropsis alleni","2017",4,8000,98,0.0408163265306122
"November","Labropsis alleni","2018",1,1500,89,0.0112359550561798
"November","Lactoria cornuta","2013",28,136500,287,0.0975609756097561
"November","Lutjanus sebae","2023",1,20000,176,0.00568181818181818
"November","Lysmata amboinensis","2013",936,4663000,287,3.26132404181185
"November","Lysmata amboinensis","2016",219,1705500,154,1.42207792207792
"November","Lysmata amboinensis","2018",137,1464000,89,1.53932584269663
"November","Lysmata amboinensis","2022",38,570000,28,1.35714285714286
"November","Lysmata amboinensis","2023",112,1333000,176,0.636363636363636
"November","Lysmata debelius","2012",446,4037050,219,2.0365296803653
"November","Lysmata debelius","2013",4,36000,287,0.0139372822299652
"November","Lysmata debelius","2023",1,15000,176,0.00568181818181818
"November","Macolor macularis","2012",1,1500,219,0.0045662100456621
"November","Macolor niger","2016",2,10000,154,0.012987012987013
"November","Macolor niger","2017",2,8500,98,0.0204081632653061
"November","Macolor niger","2023",2,120000,176,0.0113636363636364
"November","Macropharyngodon meleagris","2012",439,469500,219,2.00456621004566
"November","Macropharyngodon meleagris","2013",188,222700,287,0.655052264808362
"November","Macropharyngodon meleagris","2015",370,426000,158,2.34177215189873
"November","Macropharyngodon meleagris","2016",447,447000,154,2.9025974025974
"November","Macropharyngodon meleagris","2017",86,130000,98,0.877551020408163
"November","Macropharyngodon meleagris","2018",87,105500,89,0.97752808988764
"November","Macropharyngodon meleagris","2022",32,48000,28,1.14285714285714
"November","Macropharyngodon meleagris","2023",313,469500,176,1.77840909090909
"November","Macropharyngodon negrosensis","2012",11,15000,219,0.0502283105022831
"November","Macropharyngodon negrosensis","2013",2,3000,287,0.00696864111498258
"November","Macropharyngodon negrosensis","2015",4,5000,158,0.0253164556962025
"November","Macropharyngodon negrosensis","2016",11,11000,154,0.0714285714285714
"November","Macropharyngodon negrosensis","2017",38,54000,98,0.387755102040816
"November","Macropharyngodon negrosensis","2018",32,42500,89,0.359550561797753
"November","Macropharyngodon negrosensis","2022",6,15000,28,0.214285714285714
"November","Macropharyngodon negrosensis","2023",31,44000,176,0.176136363636364
"November","Macropharyngodon ornatus","2022",17,51000,28,0.607142857142857
"November","Macropharyngodon ornatus","2023",21,63000,176,0.119318181818182
"November","Malacanthus brevirostris","2012",2,3000,219,0.0091324200913242
"November","Malacanthus brevirostris","2017",1,1500,98,0.0102040816326531
"November","Malacanthus latocittatus","2012",12,21500,219,0.0547945205479452
"November","Malacanthus latovittatus","2012",46,184000,219,0.210045662100457
"November","Malacanthus latovittatus","2013",2,4500,287,0.00696864111498258
"November","Malacanthus latovittatus","2015",3,4500,158,0.0189873417721519
"November","Malacanthus latovittatus","2016",5,8500,154,0.0324675324675325
"November","Meiacanthus atrodorsalis","2022",9,28000,28,0.321428571428571
"November","Meiacanthus atrodorsalis","2023",15,45000,176,0.0852272727272727
"November","Meiacanthus grammistes","2012",7,9000,219,0.0319634703196347
"November","Meiacanthus grammistes","2013",5,4400,287,0.0174216027874564
"November","Meiacanthus grammistes","2016",2,2000,154,0.012987012987013
"November","Meiacanthus grammistes","2017",5,5000,98,0.0510204081632653
"November","Meiacanthus grammistes","2018",8,16000,89,0.0898876404494382
"November","Meiacanthus grammistes","2023",178,237500,176,1.01136363636364
"November","Meiacanthus smithii","2012",1,6000,219,0.0045662100456621
"November","Meiacanthus smithii","2023",4,5000,176,0.0227272727272727
"November","Melichthys indicus","2012",18,152000,219,0.0821917808219178
"November","Melichthys vidua","2012",18,38000,219,0.0821917808219178
"November","Melichthys vidua","2013",11,45500,287,0.0383275261324042
"November","Melichthys vidua","2016",4,16000,154,0.025974025974026
"November","Melichthys vidua","2018",5,17500,89,0.0561797752808989
"November","Melichthys vidua","2023",7,14000,176,0.0397727272727273
"November","Monacanthus chinensis","2012",3,4750,219,0.0136986301369863
"November","Monacanthus chinensis","2015",17,33750,158,0.107594936708861
"November","Monacanthus chinensis","2016",2,1500,154,0.012987012987013
"November","Monacanthus chinensis","2017",19,30000,98,0.193877551020408
"November","Monacanthus chinensis","2018",40,1e+05,89,0.449438202247191
"November","Monacanthus chinensis","2023",33,33000,176,0.1875
"November","Myripristis murdjan","2023",2,10000,176,0.0113636363636364
"November","Naso Lopezi","2022",13,39000,28,0.464285714285714
"November","Naso elegans","2017",1,5000,98,0.0102040816326531
"November","Naso lituratus","2012",1,6000,219,0.0045662100456621
"November","Naso lituratus","2013",100,483750,287,0.348432055749129
"November","Naso lituratus","2015",20,108000,158,0.126582278481013
"November","Naso lituratus","2016",112,390500,154,0.727272727272727
"November","Naso lituratus","2017",15,69500,98,0.153061224489796
"November","Naso lituratus","2018",12,83000,89,0.134831460674157
"November","Naso lituratus","2022",90,481000,28,3.21428571428571
"November","Naso lituratus","2023",62,251000,176,0.352272727272727
"November","Naso unicornis","2018",5,5000,89,0.0561797752808989
"November","Naso unicornis","2022",2,8000,28,0.0714285714285714
"November","Naso unicornis","2023",4,16000,176,0.0227272727272727
"November","Naso vlamingii","2022",24,168000,28,0.857142857142857
"November","Naso vlamingii","2023",5,32000,176,0.0284090909090909
"November","Nemateleotris magnifica","2012",9,73500,219,0.0410958904109589
"November","Nemateleotris magnifica","2015",1,7000,158,0.00632911392405063
"November","Nemateleotris magnifica","2016",1,7000,154,0.00649350649350649
"November","Nemateleotris magnifica","2018",2,16000,89,0.0224719101123595
"November","Nemateleotris magnifica","2023",5,50000,176,0.0284090909090909
"November","Neoglyphidodon crossi","2012",1,1000,219,0.0045662100456621
"November","Neoglyphidodon crossi","2013",2803,2824000,287,9.76655052264808
"November","Neoglyphidodon crossi","2016",96,96000,154,0.623376623376623
"November","Neoglyphidodon crossi","2018",7,7000,89,0.0786516853932584
"November","Neoglyphidodon crossi","2023",2,3500,176,0.0113636363636364
"November","Neoglyphidodon melas","2013",2,1200,287,0.00696864111498258
"November","Neoglyphidodon melas","2016",1,1000,154,0.00649350649350649
"November","Neoniphon argenteus","2013",18,13500,287,0.0627177700348432
"November","Neopenrolisthes maculata","2013",51,46500,287,0.177700348432056
"November","Neopenrolisthes maculata","2016",8,8000,154,0.051948051948052
"November","Neopenrolisthes maculata","2018",4,4000,89,0.0449438202247191
"November","Neopetrolisthes ohshimai","2023",2,5000,176,0.0113636363636364
"November","Novaculichthys taeniourus","2013",1,1500,287,0.00348432055749129
"November","Novaculichthys taeniourus","2015",1,7500,158,0.00632911392405063
"November","Novaculichthys taeniourus","2017",23,73500,98,0.23469387755102
"November","Novaculichthys taeniourus","2018",3,13000,89,0.0337078651685393
"November","Novaculichthys taeniourus","2022",8,30000,28,0.285714285714286
"November","Novaculichthys taeniourus","2023",43,145000,176,0.244318181818182
"November","Odontodactylus scyllarus","2016",2,5000,154,0.012987012987013
"November","Odontodactylus scyllarus","2018",2,5000,89,0.0224719101123595
"November","Odonus niger","2012",55,111250,219,0.251141552511416
"November","Odonus niger","2013",298,467500,287,1.0383275261324
"November","Odonus niger","2015",61,99000,158,0.386075949367089
"November","Odonus niger","2016",130,240500,154,0.844155844155844
"November","Odonus niger","2017",46,92000,98,0.469387755102041
"November","Odonus niger","2018",52,114000,89,0.584269662921348
"November","Odonus niger","2022",2,10000,28,0.0714285714285714
"November","Odonus niger","2023",2,4336.66666666667,176,0.0113636363636364
"November","Ostracion cubicus","2012",15,153000,219,0.0684931506849315
"November","Ostracion cubicus","2013",1,10000,287,0.00348432055749129
"November","Ostracion meleagris","2023",9,72000,176,0.0511363636363636
"November","Ostracion solorensis","2013",14,62000,287,0.0487804878048781
"November","Ostracion solorensis","2015",1,12000,158,0.00632911392405063
"November","Ostracion solorensis","2016",3,22000,154,0.0194805194805195
"November","Ostracion solorensis","2017",6,45000,98,0.0612244897959184
"November","Ostracion solorensis","2018",72,529000,89,0.808988764044944
"November","Oxycirrhites typus","2016",1,15000,154,0.00649350649350649
"November","Oxymonacanthus longirostris","2012",11,20000,219,0.0502283105022831
"November","Oxymonacanthus longirostris","2018",7,21000,89,0.0786516853932584
"November","Oxymonacanthus longirostris","2022",4,20000,28,0.142857142857143
"November","Paguristes species","2022",153,612000,28,5.46428571428571
"November","Panulirus versicolor","2013",34,50250,287,0.118466898954704
"November","Paracanthurus hepatus","2012",4,26000,219,0.0182648401826484
"November","Paracanthurus hepatus","2015",1,20000,158,0.00632911392405063
"November","Paracanthurus hepatus","2016",2,20000,154,0.012987012987013
"November","Paracanthurus hepatus","2017",1,50000,98,0.0102040816326531
"November","Paracanthurus hepatus","2022",2,80000,28,0.0714285714285714
"November","Paracanthurus hepatus","2023",2,56132.5555555556,176,0.0113636363636364
"November","Paracheilinus carpenteri","2022",1,3000,28,0.0357142857142857
"November","Paracheilinus carpenteri","2023",18,27000,176,0.102272727272727
"November","Paracheilinus mccoskeri","2013",154,227750,287,0.536585365853659
"November","Paracheilinus mccoskeri","2016",357,429500,154,2.31818181818182
"November","Paracheilinus mccoskeri","2018",14,14000,89,0.157303370786517
"November","Paracirrhites arcatus","2012",83,101500,219,0.378995433789954
"November","Paracirrhites arcatus","2013",30,44000,287,0.104529616724739
"November","Paracirrhites arcatus","2023",3,9000,176,0.0170454545454545
"November","Paracirrhites arcuatus","2015",4,6000,158,0.0253164556962025
"November","Paracirrhites arcuatus","2016",33,33000,154,0.214285714285714
"November","Paracirrhites arcuatus","2017",13,14000,98,0.13265306122449
"November","Paracirrhites arcuatus","2018",39,39500,89,0.438202247191011
"November","Paracirrhites forsteri","2022",2,5000,28,0.0714285714285714
"November","Paracirrhites forsteri","2023",2,5000,176,0.0113636363636364
"November","Paraglyphidodon melas","2012",7,59000,219,0.0319634703196347
"November","Paragobiodon echinocephalus","2012",116,110750,219,0.529680365296804
"November","Paraluteres prionurus","2022",14,42000,28,0.5
"November","Paraluteres prionurus","2023",31,93000,176,0.176136363636364
"November","Paramonacanthus filicauda","2022",4,8000,28,0.142857142857143
"November","Paramonacanthus filicauda","2023",4,8000,176,0.0227272727272727
"November","Parapercis schuinslandi","2016",9,9750,154,0.0584415584415584
"November","Parapercis schuinslandi","2018",16,24000,89,0.179775280898876
"November","Parupeneus cyclostomus","2012",6,7000,219,0.0273972602739726
"November","Parupeneus cyclostomus","2016",1,1000,154,0.00649350649350649
"November","Parupeneus cyclostomus","2023",1,5000,176,0.00568181818181818
"November","Parupeneus rubescens","2012",38,33250,219,0.17351598173516
"November","Parupeneus rubescens","2013",1,750,287,0.00348432055749129
"November","Parupeneus rubescens","2015",1,1000,158,0.00632911392405063
"November","Parupeneus rubescens","2016",10,10000,154,0.0649350649350649
"November","Parupeneus rubescens","2017",1,750,98,0.0102040816326531
"November","Parupeneus rubescens","2018",1,1500,89,0.0112359550561798
"November","Periclimenes brevicarpalis","2013",66,100250,287,0.229965156794425
"November","Periclimenes brevicarpalis","2016",11,11000,154,0.0714285714285714
"November","Periclimenes brevicarpalis","2018",4,5000,89,0.0449438202247191
"November","Periclimenes brevicarpalis","2022",3,6500,28,0.107142857142857
"November","Pervagor Janthinosoma","2016",5,5000,154,0.0324675324675325
"November","Pervagor janthinosoma","2013",20,39500,287,0.0696864111498258
"November","Pervagor janthinosoma","2023",35,52500,176,0.198863636363636
"November","Pervagor melanosoma","2023",2,6000,176,0.0113636363636364
"November","Plagiotremus laudandus","2013",5,7600,287,0.0174216027874564
"November","Plagiotremus ludandus","2016",25,25000,154,0.162337662337662
"November","Plagiotremus ludandus","2018",75,117000,89,0.842696629213483
"November","Plectorhinchus chaetodonoides","2016",3,6000,154,0.0194805194805195
"November","Plectorhinchus chaetodonoides","2017",1,2500,98,0.0102040816326531
"November","Plectorhinchus chaetodonoides","2022",1,7000,28,0.0357142857142857
"November","Plectorhinchus chaetodonoides","2023",1,1500,176,0.00568181818181818
"November","Plectorhinchus diagrammus","2012",6,37000,219,0.0273972602739726
"November","Plectorhinchus diagrammus","2013",13,13000,287,0.0452961672473868
"November","Plectorhinchus diagrammus","2023",2,6000,176,0.0113636363636364
"November","Plectorhinchus orientalis","2012",31,66500,219,0.141552511415525
"November","Plectorhinchus orientalis","2015",1,2000,158,0.00632911392405063
"November","Plectorhinchus orientalis","2016",20,32500,154,0.12987012987013
"November","Plectorhinchus orientalis","2017",17,33500,98,0.173469387755102
"November","Plectorhinchus orientalis","2022",6,24547.1698113207,28,0.214285714285714
"November","Plectorhinchus orientalis","2023",8,21334.6666666667,176,0.0454545454545455
"November","Plectorhinchus pictus","2013",12,21000,287,0.0418118466898955
"November","Plectorhincus diagrammus","2016",1,1500,154,0.00649350649350649
"November","Plectorhincus diagrammus","2018",6,9000,89,0.0674157303370786
"November","Plectroglyphidodon dickii","2023",4,6000,176,0.0227272727272727
"November","Plectroglyphidodon lacrymatus","2022",3,4500,28,0.107142857142857
"November","Plectroglyphidodon lacrymatus","2023",1,1500,176,0.00568181818181818
"November","Pomacanthus Imperator","2016",19,385000,154,0.123376623376623
"November","Pomacanthus Imperator","2018",13,305000,89,0.146067415730337
"November","Pomacanthus annularis","2023",3,37500,176,0.0170454545454545
"November","Pomacanthus imperator","2013",23,621000,287,0.0801393728222996
"November","Pomacanthus imperator","2023",27,885000,176,0.153409090909091
"November","Pomacanthus semicirculatus","2022",1,15000,28,0.0357142857142857
"November","Pomacanthus semicirculatus","2023",1,15000,176,0.00568181818181818
"November","Pomacentrus amboinensis","2012",12,30000,219,0.0547945205479452
"November","Pomacentrus auriventris","2015",680,440000,158,4.30379746835443
"November","Pomacentrus auriventris","2016",561,283600,154,3.64285714285714
"November","Pomacentrus auriventris","2017",250,275000,98,2.55102040816327
"November","Pomacentrus auriventris","2018",320,282000,89,3.59550561797753
"November","Pomacentrus auriventris","2023",50,75000,176,0.284090909090909
"November","Pomacentrus bankanensis","2012",121,121000,219,0.552511415525114
"November","Pomacentrus bankanensis","2013",155,155000,287,0.54006968641115
"November","Pomacentrus bankanensis","2015",50,75000,158,0.316455696202532
"November","Pomacentrus bankanensis","2017",86,129000,98,0.877551020408163
"November","Pomacentrus bankanensis","2018",44,66000,89,0.49438202247191
"November","Pomacentrus bankanensis","2022",106,159000,28,3.78571428571429
"November","Pomacentrus bankanensis","2023",149,223500,176,0.846590909090909
"November","Pomacentrus coelestis","2023",118,88500,176,0.670454545454545
"November","Pomacentrus moluccensis","2015",1,1500,158,0.00632911392405063
"November","Pomacentrus moluccensis","2018",3,4500,89,0.0337078651685393
"November","Pomacentrus moluccensis","2022",13,19500,28,0.464285714285714
"November","Pomacentrus moluccensis","2023",17,25500,176,0.0965909090909091
"November","Pomacentrus smithi","2016",2,2000,154,0.012987012987013
"November","Pomacentrus smithi","2017",2,2000,98,0.0204081632653061
"November","Prionurus scalprus","2012",16,168000,219,0.0730593607305936
"November","Pseudalutarius Nasicornis","2023",2,4000,176,0.0113636363636364
"November","Pseudanthias cooperi","2013",96,133250,287,0.334494773519164
"November","Pseudanthias dispar","2012",1820,1867500,219,8.31050228310502
"November","Pseudanthias dispar","2013",1298,1562500,287,4.52264808362369
"November","Pseudanthias dispar","2015",2389,3347500,158,15.120253164557
"November","Pseudanthias dispar","2016",1064,2128000,154,6.90909090909091
"November","Pseudanthias dispar","2017",413,826000,98,4.21428571428571
"November","Pseudanthias dispar","2018",500,1e+06,89,5.61797752808989
"November","Pseudanthias dispar","2022",158,471500,28,5.64285714285714
"November","Pseudanthias dispar","2023",1152,2868000,176,6.54545454545455
"November","Pseudanthias huchtii","2012",78,95250,219,0.356164383561644
"November","Pseudanthias huchtii","2015",302,347750,158,1.91139240506329
"November","Pseudanthias huchtii","2016",49,36750,154,0.318181818181818
"November","Pseudanthias huchtii","2017",98,177250,98,1
"November","Pseudanthias huchtii","2018",68,109750,89,0.764044943820225
"November","Pseudanthias huchtii","2022",37,83500,28,1.32142857142857
"November","Pseudanthias huchtii","2023",266,524215.558252427,176,1.51136363636364
"November","Pseudanthias hypselosoma","2012",371,403000,219,1.69406392694064
"November","Pseudanthias hypselosoma","2015",213,233500,158,1.34810126582278
"November","Pseudanthias hypselosoma","2016",1186,1147250,154,7.7012987012987
"November","Pseudanthias hypselosoma","2017",86,132750,98,0.877551020408163
"November","Pseudanthias hypselosoma","2018",72,148500,89,0.808988764044944
"November","Pseudanthias hypselosoma","2023",14,70000,176,0.0795454545454545
"November","Pseudanthias luzonensis","2013",9,15000,287,0.0313588850174216
"November","Pseudanthias pleurotaenia","2012",12,26000,219,0.0547945205479452
"November","Pseudanthias pleurotaenia","2015",35,87500,158,0.221518987341772
"November","Pseudanthias pleurotaenia","2016",42,116000,154,0.272727272727273
"November","Pseudanthias pleurotaenia","2017",18,49000,98,0.183673469387755
"November","Pseudanthias pleurotaenia","2018",37,97000,89,0.415730337078652
"November","Pseudanthias pleurotaenia","2023",3,9000,176,0.0170454545454545
"November","Pseudanthias rubrizonatus","2012",4,6500,219,0.0182648401826484
"November","Pseudanthias squamipinnis","2022",68,172000,28,2.42857142857143
"November","Pseudanthias squamipinnis","2023",294,546023.65,176,1.67045454545455
"November","Pseudanthias tuka","2012",176,592500,219,0.80365296803653
"November","Pseudanthias tuka","2013",76,228000,287,0.264808362369338
"November","Pseudanthias tuka","2015",33,137000,158,0.208860759493671
"November","Pseudanthias tuka","2016",4,11000,154,0.025974025974026
"November","Pseudanthias tuka","2017",9,36000,98,0.0918367346938776
"November","Pseudanthias tuka","2018",23,49000,89,0.258426966292135
"November","Pseudocheilinus evanidus","2012",84,118750,219,0.383561643835616
"November","Pseudocheilinus evanidus","2013",25,46000,287,0.0871080139372822
"November","Pseudocheilinus evanidus","2015",82,83500,158,0.518987341772152
"November","Pseudocheilinus evanidus","2016",96,84250,154,0.623376623376623
"November","Pseudocheilinus evanidus","2017",40,40000,98,0.408163265306122
"November","Pseudocheilinus evanidus","2018",28,28000,89,0.314606741573034
"November","Pseudocheilinus evanidus","2022",2,5000,28,0.0714285714285714
"November","Pseudocheilinus evanidus","2023",73,97000,176,0.414772727272727
"November","Pseudocheilinus hexataenia","2012",1471,3008800,219,6.71689497716895
"November","Pseudocheilinus hexataenia","2013",1083,2330500,287,3.77351916376307
"November","Pseudocheilinus hexataenia","2015",1108,2379500,158,7.0126582278481
"November","Pseudocheilinus hexataenia","2016",1151,2257500,154,7.47402597402597
"November","Pseudocheilinus hexataenia","2017",565,1358000,98,5.76530612244898
"November","Pseudocheilinus hexataenia","2018",830,2202000,89,9.32584269662921
"November","Pseudocheilinus hexataenia","2022",477,1652000,28,17.0357142857143
"November","Pseudocheilinus hexataenia","2023",1147,3615000,176,6.51704545454545
"November","Pseudocheilinus octotaenia","2012",3,9000,219,0.0136986301369863
"November","Pseudocheilinus octotaenia","2022",3,31500,28,0.107142857142857
"November","Pseudocheilinus octotaenia","2023",1,10500,176,0.00568181818181818
"November","Pseudochromis bitaeniatus","2012",122,154250,219,0.557077625570776
"November","Pseudochromis paccagnellae","2012",2,2500,219,0.0091324200913242
"November","Pseudochromis paccagnellae","2015",2,2000,158,0.0126582278481013
"November","Pseudochromis paccagnellae","2016",29,29000,154,0.188311688311688
"November","Pseudochromis paccagnellae","2017",1,1000,98,0.0102040816326531
"November","Pseudochromis paccagnellae","2018",3,3000,89,0.0337078651685393
"November","Pseudocoris yamashiroi","2023",1,2000,176,0.00568181818181818
"November","Ptereleotris evides","2012",107,154250,219,0.488584474885845
"November","Ptereleotris evides","2015",145,295500,158,0.917721518987342
"November","Ptereleotris evides","2016",181,262500,154,1.17532467532468
"November","Ptereleotris evides","2017",65,97500,98,0.663265306122449
"November","Ptereleotris evides","2018",99,213000,89,1.1123595505618
"November","Ptereleotris evides","2022",12,39000,28,0.428571428571429
"November","Ptereleotris evides","2023",110,235000,176,0.625
"November","Ptereleotris heteroptera","2012",45,67500,219,0.205479452054795
"November","Ptereleotris heteroptera","2013",1,2000,287,0.00348432055749129
"November","Ptereleotris heteroptera","2023",2,6000,176,0.0113636363636364
"November","Ptereleotris heteropterus","2016",34,51250,154,0.220779220779221
"November","Ptereleotris heteropterus","2017",11,18000,98,0.112244897959184
"November","Ptereleotris microlepis","2015",6,6000,158,0.0379746835443038
"November","Ptereleotris uroditaenia","2012",1,2000,219,0.0045662100456621
"November","Ptereleotris zebra","2012",2,3000,219,0.0091324200913242
"November","Ptereleotris zebra","2013",4,7000,287,0.0139372822299652
"November","Ptereleotris zebra","2015",22,38500,158,0.139240506329114
"November","Ptereleotris zebra","2016",11,19250,154,0.0714285714285714
"November","Pterocaesio chrysozona","2012",65,67000,219,0.296803652968037
"November","Pterocaesio chrysozona","2018",1,7500,89,0.0112359550561798
"November","Pterois antennata","2012",37,59200,219,0.168949771689498
"November","Pterois antennata","2015",25,37500,158,0.158227848101266
"November","Pterois antennata","2016",34,65500,154,0.220779220779221
"November","Pterois antennata","2017",38,75000,98,0.387755102040816
"November","Pterois antennata","2018",28,61000,89,0.314606741573034
"November","Pterois antennata","2022",6,30000,28,0.214285714285714
"November","Pterois antennata","2023",35,80500,176,0.198863636363636
"November","Pterois radiata","2012",9,1e+05,219,0.0410958904109589
"November","Pterois radiata","2016",5,40000,154,0.0324675324675325
"November","Pterois radiata","2017",2,20000,98,0.0204081632653061
"November","Pterois radiata","2022",1,15000,28,0.0357142857142857
"November","Pterois volitans","2013",206,1927500,287,0.717770034843206
"November","Pterois volitans","2016",3,24000,154,0.0194805194805195
"November","Pterois volitans","2018",2,20000,89,0.0224719101123595
"November","Pterois volitans","2022",1,15000,28,0.0357142857142857
"November","Pterois volitans","2023",10,115000,176,0.0568181818181818
"November","Pygoplites diacanthus","2012",3,47000,219,0.0136986301369863
"November","Pygoplites diacanthus","2015",1,7000,158,0.00632911392405063
"November","Pygoplites diacanthus","2016",1,10000,154,0.00649350649350649
"November","Pygoplites diacanthus","2017",1,15000,98,0.0102040816326531
"November","Pygoplites diacanthus","2018",3,35000,89,0.0337078651685393
"November","Pygoplites diacanthus","2023",3,45000,176,0.0170454545454545
"November","Rhinchocinetes durbanensis","2016",389,274800,154,2.52597402597403
"November","Rhinecanthus aculeatus","2012",2,7000,219,0.0091324200913242
"November","Rhinecanthus aculeatus","2013",6,12500,287,0.0209059233449477
"November","Rhinecanthus verrucosus","2012",21,21000,219,0.0958904109589041
"November","Rhinecanthus verrucosus","2013",52,52000,287,0.181184668989547
"November","Rhinecanthus verrucosus","2015",5,5000,158,0.0316455696202532
"November","Rhinecanthus verrucosus","2016",12,12000,154,0.0779220779220779
"November","Rhinecanthus verrucosus","2017",5,5000,98,0.0510204081632653
"November","Rhinecanthus verrucosus","2018",10,10000,89,0.112359550561798
"November","Rhinomuraena quaesita","2013",13,116000,287,0.0452961672473868
"November","Rhinomuraena quaesita","2022",1,30000,28,0.0357142857142857
"November","Rhinomuraena quaesita","2023",1,15000,176,0.00568181818181818
"November","Rhinomuraena quesita","2016",4,40000,154,0.025974025974026
"November","Rhinomuraena quesita","2018",8,120000,89,0.0898876404494382
"November","Rhynchocinetes durbanensis","2013",653,553500,287,2.27526132404181
"November","Rhynchocinetes durbanensis","2023",155,155000,176,0.880681818181818
"November","Salarias ceramensis","2013",1,1500,287,0.00348432055749129
"November","Salarias ceramensis","2023",4,24000,176,0.0227272727272727
"November","Salarias fasciatus","2012",11,11000,219,0.0502283105022831
"November","Salarias fasciatus","2015",48,47750,158,0.30379746835443
"November","Salarias fasciatus","2016",51,51000,154,0.331168831168831
"November","Salarias fasciatus","2017",2,2000,98,0.0204081632653061
"November","Salarias fasciatus","2018",19,19000,89,0.213483146067416
"November","Salarias fasciatus","2022",32,32000,28,1.14285714285714
"November","Salarias fasciatus","2023",54,67000,176,0.306818181818182
"November","Scorpaenopsis diablolus","2013",1,10000,287,0.00348432055749129
"November","Siderea picta","2022",4,20000,28,0.142857142857143
"November","Siderea picta","2023",5,25000,176,0.0284090909090909
"November","Siganus corallinus","2012",3,6000,219,0.0136986301369863
"November","Siganus corallinus","2022",1,3500,28,0.0357142857142857
"November","Siganus virgatus","2016",1,1500,154,0.00649350649350649
"November","Siganus vulpinus","2012",2,4500,219,0.0091324200913242
"November","Signigobius biocellatus","2013",5,56000,287,0.0174216027874564
"November","Stenopus Hispodus","2016",63,238000,154,0.409090909090909
"November","Stenopus Hispodus","2018",12,12000,89,0.134831460674157
"November","Stenopus hispidus","2023",18,26000,176,0.102272727272727
"November","Stenopus hispodus","2013",249,209000,287,0.867595818815331
"November","Stethojulis bandanensis","2012",2,2000,219,0.0091324200913242
"November","Stethojulis bandanensis","2015",1,1000,158,0.00632911392405063
"November","Stethojulis bandanensis","2016",9,9000,154,0.0584415584415584
"November","Stethojulis bandanensis","2017",3,4000,98,0.0306122448979592
"November","Stethojulis bandanensis","2018",2,3000,89,0.0224719101123595
"November","Sufflamen Chrysopterus","2023",3,9000,176,0.0170454545454545
"November","Sufflamen bursa","2013",4,12000,287,0.0139372822299652
"November","Sufflamen bursa","2022",1,4000,28,0.0357142857142857
"November","Sufflamen bursa","2023",3,9000,176,0.0170454545454545
"November","Sufflamen chrysopterum","2012",9,13000,219,0.0410958904109589
"November","Sufflamen chrysopterus","2015",3,9000,158,0.0189873417721519
"November","Sufflamen chrysopterus","2018",3,9000,89,0.0337078651685393
"November","Synchiropus ocellatus","2012",174,175500,219,0.794520547945205
"November","Synchiropus ocellatus","2013",51,65000,287,0.177700348432056
"November","Synchiropus ocellatus","2015",7,8750,158,0.0443037974683544
"November","Synchiropus ocellatus","2016",137,171250,154,0.88961038961039
"November","Synchiropus ocellatus","2017",36,48000,98,0.36734693877551
"November","Synchiropus ocellatus","2018",63,75000,89,0.707865168539326
"November","Synchiropus ocellatus","2022",106,171000,28,3.78571428571429
"November","Synchiropus ocellatus","2023",23,46000,176,0.130681818181818
"November","Synchiropus picturatus","2023",30,51000,176,0.170454545454545
"November","Synchiropus stellatus","2016",2,6000,154,0.012987012987013
"November","Taenianotus triacanthus","2016",6,15000,154,0.038961038961039
"November","Taenianotus triacanthus","2017",1,3000,98,0.0102040816326531
"November","Thalassoma amblycephalum","2013",2,6000,287,0.00696864111498258
"November","Thalassoma amblycephalum","2016",2,2000,154,0.012987012987013
"November","Thalassoma amblycephalum","2018",5,15000,89,0.0561797752808989
"November","Thalassoma amblycephalum","2022",1,3000,28,0.0357142857142857
"November","Thalassoma jansenii","2023",4,7000,176,0.0227272727272727
"November","Thalassoma lunare","2012",12,10750,219,0.0547945205479452
"November","Thalassoma lunare","2015",1,1000,158,0.00632911392405063
"November","Thalassoma lunare","2016",32,32000,154,0.207792207792208
"November","Thalassoma lunare","2017",2,2000,98,0.0204081632653061
"November","Thalassoma lunare","2018",1,3000,89,0.0112359550561798
"November","Thalassoma lutescens","2023",7,32000,176,0.0397727272727273
"November","Valenciennea helsdingenii","2012",146,239500,219,0.666666666666667
"November","Valenciennea helsdingenii","2015",12,18000,158,0.0759493670886076
"November","Valenciennea helsdingenii","2016",61,91500,154,0.396103896103896
"November","Valenciennea helsdingenii","2017",19,34250,98,0.193877551020408
"November","Valenciennea helsdingenii","2018",12,24000,89,0.134831460674157
"November","Valenciennea helsdingenii","2023",4,11500,176,0.0227272727272727
"November","Valenciennea puellaris","2012",914,1425700,219,4.17351598173516
"November","Valenciennea puellaris","2013",1182,1721750,287,4.1184668989547
"November","Valenciennea puellaris","2015",177,360200,158,1.12025316455696
"November","Valenciennea puellaris","2016",623,919700,154,4.04545454545455
"November","Valenciennea puellaris","2017",462,894750,98,4.71428571428571
"November","Valenciennea puellaris","2018",151,314000,89,1.69662921348315
"November","Valenciennea puellaris","2022",52,147500,28,1.85714285714286
"November","Valenciennea puellaris","2023",173,390000,176,0.982954545454545
"November","Valenciennea sexguttata","2012",43,97500,219,0.19634703196347
"November","Valenciennea sexguttata","2013",55,55000,287,0.191637630662021
"November","Valenciennea sexguttata","2015",10,10000,158,0.0632911392405063
"November","Valenciennea sexguttata","2016",113,116750,154,0.733766233766234
"November","Valenciennea sexguttata","2017",28,41500,98,0.285714285714286
"November","Valenciennea sexguttata","2018",54,81000,89,0.606741573033708
"November","Valenciennea sexguttata","2022",31,80500,28,1.10714285714286
"November","Valenciennea sexguttata","2023",21,40500,176,0.119318181818182
"November","Valenciennea strigata","2013",306,434000,287,1.06620209059233
"November","Valenciennea strigata","2016",183,248400,154,1.18831168831169
"November","Valenciennea strigata","2018",50,1e+05,89,0.561797752808989
"November","Valenciennea strigata","2022",45,132000,28,1.60714285714286
"November","Valenciennea strigata","2023",445,1020000,176,2.52840909090909
"November","Variola louti","2012",8,13000,219,0.0365296803652968
"November","Variola louti","2013",6,9000,287,0.0209059233449477
"November","Variola louti","2015",1,2000,158,0.00632911392405063
"November","Variola louti","2016",1,1500,154,0.00649350649350649
"November","Variola louti","2017",2,4000,98,0.0204081632653061
"November","Wetmorella nigropinnata","2012",55,56500,219,0.251141552511416
"November","Wetmorella nigropinnata","2015",216,232500,158,1.36708860759494
"November","Wetmorella nigropinnata","2016",47,47000,154,0.305194805194805
"November","Wetmorella nigropinnata","2017",20,20000,98,0.204081632653061
"November","Wetmorella nigropinnata","2018",18,25000,89,0.202247191011236
"November","Wetmorella nigropinnata","2023",44,46500,176,0.25
"November","Zanclus cornutus","2012",12,19750,219,0.0547945205479452
"November","Zanclus cornutus","2015",5,7500,158,0.0316455696202532
"November","Zanclus cornutus","2016",82,128250,154,0.532467532467532
"November","Zanclus cornutus","2017",5,8500,98,0.0510204081632653
"November","Zanclus cornutus","2018",16,32000,89,0.179775280898876
"November","Zanclus cornutus","2023",4,9000,176,0.0227272727272727
"November","Zebrasoma scopas","2012",252,385600,219,1.15068493150685
"November","Zebrasoma scopas","2013",194,311500,287,0.67595818815331
"November","Zebrasoma scopas","2015",295,552000,158,1.86708860759494
"November","Zebrasoma scopas","2016",185,271250,154,1.2012987012987
"November","Zebrasoma scopas","2017",113,231000,98,1.1530612244898
"November","Zebrasoma scopas","2018",98,227000,89,1.10112359550562
"November","Zebrasoma scopas","2022",127,450000,28,4.53571428571429
"November","Zebrasoma scopas","2023",361,875000,176,2.05113636363636
"November","Zebrasoma veliferum","2013",1,3500,287,0.00348432055749129
"December","#N/A","2012",114,472500,47,2.42553191489362
"December","#N/A","2013",2339,3524750,74,31.6081081081081
"December","#N/A","2015",1067,2224750,58,18.3965517241379
"December","#N/A","2017",1284,3231039.81042654,95,13.5157894736842
"December","#N/A","2022",2,2000,70,0.0285714285714286
"December","#N/A","2023",14,23611.1111111111,213,0.0657276995305164
"December","Ablabys taenianotus","2012",1,3000,47,0.0212765957446809
"December","Abudefduf septemfasciatus","2012",50,30000,47,1.06382978723404
"December","Acanthurus bariene","2016",111,946000,92,1.20652173913043
"December","Acanthurus bariene","2018",1,10000,51,0.0196078431372549
"December","Acanthurus bariene","2022",22,220000,70,0.314285714285714
"December","Acanthurus chronixis","2012",141,211500,47,3
"December","Acanthurus chronixis","2013",3,12000,74,0.0405405405405405
"December","Acanthurus chronixis","2022",18,108000,70,0.257142857142857
"December","Acanthurus chronixis","2023",2,12000,213,0.00938967136150235
"December","Acanthurus leucoheilus","2015",1,2500,58,0.0172413793103448
"December","Acanthurus leucoheilus","2016",7,30000,92,0.0760869565217391
"December","Acanthurus leucoheilus","2018",2,10000,51,0.0392156862745098
"December","Acanthurus leucosternon","2022",6,150000,70,0.0857142857142857
"December","Acanthurus lineatus","2012",31,91250,47,0.659574468085106
"December","Acanthurus lineatus","2013",33,122000,74,0.445945945945946
"December","Acanthurus lineatus","2015",1,2500,58,0.0172413793103448
"December","Acanthurus lineatus","2016",204,525000,92,2.21739130434783
"December","Acanthurus lineatus","2017",13,47180.5555555556,95,0.136842105263158
"December","Acanthurus lineatus","2018",38,142500,51,0.745098039215686
"December","Acanthurus lineatus","2022",334,1342000,70,4.77142857142857
"December","Acanthurus lineatus","2023",82,329000,213,0.384976525821596
"December","Acanthurus maculiceps","2012",2,40000,47,0.0425531914893617
"December","Acanthurus maculiceps","2016",7,60000,92,0.0760869565217391
"December","Acanthurus maculiceps","2022",3,30000,70,0.0428571428571429
"December","Acanthurus nigricans","2012",2,24000,47,0.0425531914893617
"December","Acanthurus nigricans","2016",3,24000,92,0.0326086956521739
"December","Acanthurus nigricans","2017",4,48770.8333333333,95,0.0421052631578947
"December","Acanthurus nigricans","2022",176,2848750,70,2.51428571428571
"December","Acanthurus nigricans","2023",2,32500,213,0.00938967136150235
"December","Acanthurus nigricauda","2012",3,18000,47,0.0638297872340425
"December","Acanthurus nigrofuscus","2012",6,6000,47,0.127659574468085
"December","Acanthurus nigrofuscus","2016",9,9000,92,0.0978260869565217
"December","Acanthurus nigrofuscus","2018",4,4000,51,0.0784313725490196
"December","Acanthurus nigrofuscus","2022",3,3750,70,0.0428571428571429
"December","Acanthurus nigroris","2015",49,79000,58,0.844827586206897
"December","Acanthurus nigroris","2016",42,42000,92,0.456521739130435
"December","Acanthurus nigroris","2017",29,73000,95,0.305263157894737
"December","Acanthurus nigroris","2018",4,10000,51,0.0784313725490196
"December","Acanthurus nigroris","2022",125,187500,70,1.78571428571429
"December","Acanthurus nigroris","2023",221,781000,213,1.03755868544601
"December","Acanthurus olivaceus","2012",5,20500,47,0.106382978723404
"December","Acanthurus olivaceus","2013",6,34000,74,0.0810810810810811
"December","Acanthurus olivaceus","2015",2,3500,58,0.0344827586206897
"December","Acanthurus olivaceus","2016",39,80500,92,0.423913043478261
"December","Acanthurus olivaceus","2017",7,30175,95,0.0736842105263158
"December","Acanthurus olivaceus","2018",5,29000,51,0.0980392156862745
"December","Acanthurus olivaceus","2022",29,146000,70,0.414285714285714
"December","Acanthurus olivaceus","2023",5,24000,213,0.0234741784037559
"December","Acanthurus pyroferus","2012",11,28000,47,0.234042553191489
"December","Acanthurus pyroferus","2015",1,5000,58,0.0172413793103448
"December","Acanthurus pyroferus","2016",44,90000,92,0.478260869565217
"December","Acanthurus pyroferus","2017",22,66165.5172413793,95,0.231578947368421
"December","Acanthurus pyroferus","2018",16,57500,51,0.313725490196078
"December","Acanthurus pyroferus","2022",5,55000,70,0.0714285714285714
"December","Acanthurus pyroferus","2023",2,25000,213,0.00938967136150235
"December","Acanthurus triostegus","2012",44,58750,47,0.936170212765957
"December","Acanthurus triostegus","2016",55,84500,92,0.597826086956522
"December","Acanthurus triostegus","2017",6,11256.7567567568,95,0.0631578947368421
"December","Acanthurus triostegus","2018",12,22500,51,0.235294117647059
"December","Acanthurus triostegus","2022",154,328500,70,2.2
"December","Acanthurus triostegus","2023",250,391500,213,1.17370892018779
"December","Acanthurus tristris","2016",6,15000,92,0.0652173913043478
"December","Acanthurus tristris","2022",10,30000,70,0.142857142857143
"December","Acanthurus tristris","2023",36,83000,213,0.169014084507042
"December","Acanthurus xanthopterus","2016",12,60000,92,0.130434782608696
"December","Amblycirrhitus pinos","2013",7,10500,74,0.0945945945945946
"December","Amblyeleotris steinitzi","2016",6,15000,92,0.0652173913043478
"December","Amblyeleotris steinitzi","2017",12,30000,95,0.126315789473684
"December","Amblyeleotris steinitzi","2022",3,6000,70,0.0428571428571429
"December","Amblyeleotris steinitzi","2023",2,4000,213,0.00938967136150235
"December","Amblyeteleotris gymnocephala","2012",8,8500,47,0.170212765957447
"December","Amblygobius rainfordi","2015",1,2000,58,0.0172413793103448
"December","Amblygobius rainfordi","2016",1,1000,92,0.0108695652173913
"December","Amblygobius rainfordi","2017",2,2000,95,0.0210526315789474
"December","Amblygobius rainfordi","2018",1,1000,51,0.0196078431372549
"December","Amphiprion clarkii","2012",43,74000,47,0.914893617021277
"December","Amphiprion clarkii","2015",20,39500,58,0.344827586206897
"December","Amphiprion clarkii","2016",43,60600,92,0.467391304347826
"December","Amphiprion clarkii","2017",56,112791.97080292,95,0.589473684210526
"December","Amphiprion clarkii","2018",29,68250,51,0.568627450980392
"December","Amphiprion clarkii","2022",11,28000,70,0.157142857142857
"December","Amphiprion clarkii","2023",81,172000,213,0.380281690140845
"December","Amphiprion frenatus","2015",1,3000,58,0.0172413793103448
"December","Amphiprion ocellaris","2012",5,9000,47,0.106382978723404
"December","Amphiprion ocellaris","2015",4,8000,58,0.0689655172413793
"December","Amphiprion ocellaris","2017",3,6500,95,0.0315789473684211
"December","Amphiprion ocellaris","2018",19,47500,51,0.372549019607843
"December","Amphiprion ocellaris","2022",4,5000,70,0.0571428571428571
"December","Amphiprion ocellaris","2023",1,1500,213,0.00469483568075117
"December","Amphiprion perideraion","2022",3,7500,70,0.0428571428571429
"December","Amphiprion perideraion","2023",8,17500,213,0.0375586854460094
"December","Amphiprion polymnus","2022",2,6000,70,0.0285714285714286
"December","Amphiprion polymnus","2023",7,16000,213,0.0328638497652582
"December","Amphiprion sandaracinos","2016",1,1000,92,0.0108695652173913
"December","Amphiprion sandaracinos","2018",6,9500,51,0.117647058823529
"December","Amphiprion sandaracinos","2023",2,4000,213,0.00938967136150235
"December","Anampses caeruleopunctatus","2012",19,36000,47,0.404255319148936
"December","Anampses caeruleopunctatus","2015",6,12000,58,0.103448275862069
"December","Anampses caeruleopunctatus","2017",10,30000,95,0.105263157894737
"December","Anampses caeruleopunctatus","2018",3,9000,51,0.0588235294117647
"December","Anampses caeruleopunctatus","2022",9,31500,70,0.128571428571429
"December","Anampses caeruleopunctatus","2023",18,43000,213,0.0845070422535211
"December","Anampses lineatus","2012",5,5500,47,0.106382978723404
"December","Anampses melanurus","2017",4,8000,95,0.0421052631578947
"December","Anampses melanurus","2022",4,4000,70,0.0571428571428571
"December","Anampses melanurus","2023",58,492000,213,0.272300469483568
"December","Anampses meleagrides","2012",10,75500,47,0.212765957446809
"December","Anampses meleagrides","2015",32,276500,58,0.551724137931034
"December","Anampses meleagrides","2016",7,36500,92,0.0760869565217391
"December","Anampses meleagrides","2017",23,230000,95,0.242105263157895
"December","Anampses meleagrides","2018",12,100500,51,0.235294117647059
"December","Anampses meleagrides","2022",21,170000,70,0.3
"December","Anampses meleagrides","2023",5,43000,213,0.0234741784037559
"December","Ancanthurus pyroferus","2016",11,66000,92,0.119565217391304
"December","Ancanthurus pyroferus","2018",3,35000,51,0.0588235294117647
"December","Antennarius nummifer","2022",1,2000,70,0.0142857142857143
"December","Apogon semiornatus","2012",1,3500,47,0.0212765957446809
"December","Apolemichthys trimaculatus","2015",1,25000,58,0.0172413793103448
"December","Apolemichthys trimaculatus","2022",1,20000,70,0.0142857142857143
"December","Apolemichthys trimaculatus","2023",1,15000,213,0.00469483568075117
"December","Arothron meleagris","2013",1,2500,74,0.0135135135135135
"December","Arothron meleagris","2015",1,3000,58,0.0172413793103448
"December","Arothron meleagris","2016",17,33000,92,0.184782608695652
"December","Arothron meleagris","2017",1,2449.32432432432,95,0.0105263157894737
"December","Arothron meleagris","2018",4,12000,51,0.0784313725490196
"December","Arothron nigropunctatus","2022",34,88000,70,0.485714285714286
"December","Arothron nigropunctatus","2023",52,104000,213,0.244131455399061
"December","Atrosalarias fuscus","2015",3,3000,58,0.0517241379310345
"December","Atrosalarias fuscus","2016",15,15000,92,0.16304347826087
"December","Atrosalarias fuscus","2018",7,7000,51,0.137254901960784
"December","Atrosalarias fuscus","2022",29,29000,70,0.414285714285714
"December","Atrosalarias fuscus","2023",4,4000,213,0.0187793427230047
"December","Balistapus undulatus","2013",5,12500,74,0.0675675675675676
"December","Balistapus undulatus","2016",2,2000,92,0.0217391304347826
"December","Balistapus undulatus","2018",4,8000,51,0.0784313725490196
"December","Balistapus undulatus","2022",1,3375,70,0.0142857142857143
"December","Bodianus axillaris","2015",1,8000,58,0.0172413793103448
"December","Bodianus axillaris","2023",1,3000,213,0.00469483568075117
"December","Bodianus bilunulatus","2017",1,1500,95,0.0105263157894737
"December","Bodianus bimaculatus","2016",2,8000,92,0.0217391304347826
"December","Bodianus diana","2015",27,59000,58,0.46551724137931
"December","Bodianus diana","2016",66,132000,92,0.717391304347826
"December","Bodianus diana","2017",117,235319.881889764,95,1.23157894736842
"December","Bodianus diana","2018",31,66500,51,0.607843137254902
"December","Bodianus diana","2022",46,156565.217391304,70,0.657142857142857
"December","Bodianus diana","2023",65,129412.977272727,213,0.305164319248826
"December","Bodianus mesothorax","2015",4,8000,58,0.0689655172413793
"December","Bodianus mesothorax","2016",33,66500,92,0.358695652173913
"December","Bodianus mesothorax","2017",16,39500,95,0.168421052631579
"December","Bodianus mesothorax","2018",43,93000,51,0.843137254901961
"December","Bodianus mesothorax","2022",7,23511.6279069767,70,0.1
"December","Bodianus mesothorax","2023",159,345758.817204301,213,0.746478873239437
"December","Caesio teres","2022",1,15000,70,0.0142857142857143
"December","Calcinus elegans","2023",340,3396785.71428571,213,1.5962441314554
"December","Canthigaster bennetti","2023",2,6000,213,0.00938967136150235
"December","Canthigaster epilampra","2013",12,24000,74,0.162162162162162
"December","Canthigaster janthinoptera","2022",1,1500,70,0.0142857142857143
"December","Canthigaster solandri","2022",7,21000,70,0.1
"December","Canthigaster solandri","2023",6,18000,213,0.028169014084507
"December","Canthigaster valentini","2012",36,53000,47,0.765957446808511
"December","Canthigaster valentini","2015",21,40500,58,0.362068965517241
"December","Canthigaster valentini","2016",8,8000,92,0.0869565217391304
"December","Canthigaster valentini","2017",63,99500,95,0.663157894736842
"December","Canthigaster valentini","2018",47,77000,51,0.92156862745098
"December","Canthigaster valentini","2022",25,61000,70,0.357142857142857
"December","Canthigaster valentini","2023",8,20500,213,0.0375586854460094
"December","Centropyge argi","2012",7,129000,47,0.148936170212766
"December","Centropyge bicolor","2012",47,138000,47,1
"December","Centropyge bicolor","2013",31,147500,74,0.418918918918919
"December","Centropyge bicolor","2015",8,31500,58,0.137931034482759
"December","Centropyge bicolor","2016",40,106500,92,0.434782608695652
"December","Centropyge bicolor","2017",86,331535.416666667,95,0.905263157894737
"December","Centropyge bicolor","2018",30,136000,51,0.588235294117647
"December","Centropyge bicolor","2022",97,339000,70,1.38571428571429
"December","Centropyge bicolor","2023",187,728000,213,0.877934272300469
"December","Centropyge eibli","2012",23,84000,47,0.48936170212766
"December","Centropyge eibli","2015",3,9000,58,0.0517241379310345
"December","Centropyge eibli","2016",28,95000,92,0.304347826086957
"December","Centropyge eibli","2017",28,129082.446808511,95,0.294736842105263
"December","Centropyge eibli","2018",14,70000,51,0.274509803921569
"December","Centropyge eibli","2022",16,65500,70,0.228571428571429
"December","Centropyge eibli","2023",102,413000,213,0.47887323943662
"December","Centropyge fisheri","2022",4,8000,70,0.0571428571428571
"December","Centropyge fisheri","2023",2,4000,213,0.00938967136150235
"December","Centropyge nox","2016",4,8000,92,0.0434782608695652
"December","Centropyge nox","2018",1,3000,51,0.0196078431372549
"December","Centropyge nox","2022",18,36000,70,0.257142857142857
"December","Centropyge nox","2023",31,62000,213,0.145539906103286
"December","Centropyge tibicen","2012",13,26500,47,0.276595744680851
"December","Centropyge tibicen","2013",4,10000,74,0.0540540540540541
"December","Centropyge tibicen","2015",1,3000,58,0.0172413793103448
"December","Centropyge tibicen","2016",34,68500,92,0.369565217391304
"December","Centropyge tibicen","2017",34,76000,95,0.357894736842105
"December","Centropyge tibicen","2018",5,13000,51,0.0980392156862745
"December","Centropyge tibicen","2022",13,37000,70,0.185714285714286
"December","Centropyge tibicen","2023",2,8000,213,0.00938967136150235
"December","Centropyge vroliki","2015",8,15000,58,0.137931034482759
"December","Centropyge vroliki","2016",40,53500,92,0.434782608695652
"December","Centropyge vroliki","2017",12,16220.4724409449,95,0.126315789473684
"December","Centropyge vroliki","2018",6,6000,51,0.117647058823529
"December","Centropyge vroliki","2022",21,45000,70,0.3
"December","Centropyge vroliki","2023",68,150000,213,0.31924882629108
"December","Centropyge vrolikii","2012",1,1000,47,0.0212765957446809
"December","Cephalopholis miniata","2012",6,9000,47,0.127659574468085
"December","Cephalopholis miniata","2016",2,5500,92,0.0217391304347826
"December","Cephalopholis miniata","2017",2,8000,95,0.0210526315789474
"December","Cetoscarus bicolor","2016",1,5000,92,0.0108695652173913
"December","Cetoscarus bicolor","2022",1,8000,70,0.0142857142857143
"December","Chaetodermis pencilligera","2022",2,20000,70,0.0285714285714286
"December","Chaetodermis penicilligerus","2022",1,14000,70,0.0142857142857143
"December","Chaetodon Sp","2022",123,184500,70,1.75714285714286
"December","Chaetodon Sp","2023",46,69000,213,0.215962441314554
"December","Chaetodon adiergastos","2016",12,12000,92,0.130434782608696
"December","Chaetodon adiergastos","2017",9,9000,95,0.0947368421052632
"December","Chaetodon adiergastos","2018",9,9000,51,0.176470588235294
"December","Chaetodon adiergastos","2022",6,9000,70,0.0857142857142857
"December","Chaetodon auriga","2016",1,2000,92,0.0108695652173913
"December","Chaetodon baronessa","2013",8,16000,74,0.108108108108108
"December","Chaetodon baronessa","2015",5,12500,58,0.0862068965517241
"December","Chaetodon baronessa","2016",13,13000,92,0.141304347826087
"December","Chaetodon baronessa","2017",4,10000,95,0.0421052631578947
"December","Chaetodon baronessa","2018",36,57000,51,0.705882352941177
"December","Chaetodon baronessa","2023",5,15000,213,0.0234741784037559
"December","Chaetodon bennetti","2015",2,10000,58,0.0344827586206897
"December","Chaetodon citrinellus","2022",1,1500,70,0.0142857142857143
"December","Chaetodon citrinellus","2023",10,19500,213,0.0469483568075117
"December","Chaetodon kleinii","2013",5,7500,74,0.0675675675675676
"December","Chaetodon kleinii","2016",65,65000,92,0.706521739130435
"December","Chaetodon kleinii","2018",58,79000,51,1.13725490196078
"December","Chaetodon kleinii","2022",33,64000,70,0.471428571428571
"December","Chaetodon kleinii","2023",59,95000,213,0.276995305164319
"December","Chaetodon lunula","2016",3,10000,92,0.0326086956521739
"December","Chaetodon lunula","2017",1,5000,95,0.0105263157894737
"December","Chaetodon lunula","2022",3,10500,70,0.0428571428571429
"December","Chaetodon melannotus","2015",2,5000,58,0.0344827586206897
"December","Chaetodon melannotus","2023",1,4000,213,0.00469483568075117
"December","Chaetodon meyeri","2012",4,32000,47,0.0851063829787234
"December","Chaetodon meyeri","2016",1,5000,92,0.0108695652173913
"December","Chaetodon meyeri","2017",1,6000,95,0.0105263157894737
"December","Chaetodon meyeri","2018",3,21000,51,0.0588235294117647
"December","Chaetodon meyeri","2022",3,4500,70,0.0428571428571429
"December","Chaetodon ornatissimus","2012",5,34000,47,0.106382978723404
"December","Chaetodon ornatissimus","2022",2,16000,70,0.0285714285714286
"December","Chaetodon speculum","2022",1,1500,70,0.0142857142857143
"December","Chaetodon trifascialis","2012",1,1750,47,0.0212765957446809
"December","Chaetodon trifascialis","2015",1,2000,58,0.0172413793103448
"December","Chaetodon trifascialis","2017",1,4000,95,0.0105263157894737
"December","Chaetodon trifascialis","2018",1,4000,51,0.0196078431372549
"December","Chaetodon trifascialis","2022",1,1500,70,0.0142857142857143
"December","Chaetodon trifasciatus","2012",17,26000,47,0.361702127659574
"December","Chaetodon trifasciatus","2013",4,8000,74,0.0540540540540541
"December","Chaetodon trifasciatus","2015",21,52500,58,0.362068965517241
"December","Chaetodon trifasciatus","2016",3,3000,92,0.0326086956521739
"December","Chaetodon trifasciatus","2017",1,2500,95,0.0105263157894737
"December","Chaetodon trifasciatus","2018",1,1000,51,0.0196078431372549
"December","Chaetodon trifasciatus","2023",55,87000,213,0.258215962441315
"December","Chaetodon unimaculatus","2022",1,5000,70,0.0142857142857143
"December","Chaetodon vagabundus","2022",19,57000,70,0.271428571428571
"December","Chaetodon vagabundus","2023",2,5000,213,0.00938967136150235
"December","Cheilinus chlorourus","2012",7,14000,47,0.148936170212766
"December","Cheilinus fasciatus","2016",1,1000,92,0.0108695652173913
"December","Cheilinus fasciatus","2018",1,1000,51,0.0196078431372549
"December","Cheilinus fasciatus","2023",1,1000,213,0.00469483568075117
"December","Chirrhilabrus cyanopleura","2016",120,88750,92,1.30434782608696
"December","Chirrhilabrus cyanopleura","2018",58,107000,51,1.13725490196078
"December","Chromis lineata","2022",67,134000,70,0.957142857142857
"December","Chromis lineata","2023",106,212000,213,0.497652582159624
"December","Chromis margaritifer","2012",139,133000,47,2.95744680851064
"December","Chromis margaritifer","2013",147,147000,74,1.98648648648649
"December","Chromis margaritifer","2015",126,167400,58,2.17241379310345
"December","Chromis margaritifer","2016",194,135700,92,2.10869565217391
"December","Chromis margaritifer","2017",375,294500,95,3.94736842105263
"December","Chromis margaritifer","2018",178,256500,51,3.49019607843137
"December","Chromis margaritifer","2022",206,180250,70,2.94285714285714
"December","Chromis margaritifer","2023",356,317375,213,1.67136150234742
"December","Chromis opercularis","2012",60,60000,47,1.27659574468085
"December","Chromis retrofasciata","2016",120,72000,92,1.30434782608696
"December","Chromis retrofasciata","2018",147,193000,51,2.88235294117647
"December","Chromis retrofasciata","2022",292,391125,70,4.17142857142857
"December","Chromis retrofasciata","2023",122,180500,213,0.572769953051643
"December","Chromis viridis","2012",450,450000,47,9.57446808510638
"December","Chromis viridis","2013",700,7e+05,74,9.45945945945946
"December","Chromis viridis","2015",1985,1854750,58,34.2241379310345
"December","Chromis viridis","2016",100,80000,92,1.08695652173913
"December","Chromis viridis","2017",1060,1514864.40677966,95,11.1578947368421
"December","Chromis viridis","2018",185,277500,51,3.62745098039216
"December","Chromis viridis","2022",1408,2112000,70,20.1142857142857
"December","Chromis viridis","2023",1770,1494624.08854167,213,8.30985915492958
"December","Chromis weberi","2012",160,140000,47,3.40425531914894
"December","Chromis weberi","2013",207,207000,74,2.7972972972973
"December","Chromis xanthura","2012",69,96000,47,1.46808510638298
"December","Chrysiptera caeruleolineata","2012",54,308000,47,1.14893617021277
"December","Chrysiptera talboti","2012",180,132000,47,3.82978723404255
"December","Chrysiptera talboti","2013",137,137000,74,1.85135135135135
"December","Chrysiptera talboti","2015",114,142200,58,1.96551724137931
"December","Chrysiptera talboti","2016",573,348600,92,6.22826086956522
"December","Chrysiptera talboti","2017",876,577200,95,9.22105263157895
"December","Chrysiptera talboti","2018",480,552000,51,9.41176470588235
"December","Chrysiptera talboti","2022",615,701000,70,8.78571428571429
"December","Chrysiptera talboti","2023",1001,1000250,213,4.69953051643192
"December","Cirrhilabrus cyanopleura","2013",48,96000,74,0.648648648648649
"December","Cirrhilabrus cyanopleura","2022",30,56000,70,0.428571428571429
"December","Cirrhilabrus cyanopleura","2023",102,102000,213,0.47887323943662
"December","Cirrhilabrus exquisitus","2013",72,180000,74,0.972972972972973
"December","Cirrhilabrus exquisitus","2016",36,54000,92,0.391304347826087
"December","Cirrhilabrus exquisitus","2018",30,71000,51,0.588235294117647
"December","Cirrhilabrus exquisitus","2022",1,1500,70,0.0142857142857143
"December","Cirrhilabrus exquisitus","2023",45,88000,213,0.211267605633803
"December","Cirrhilabrus filamentosus","2012",24,59000,47,0.51063829787234
"December","Cirrhilabrus filamentosus","2015",2,6500,58,0.0344827586206897
"December","Cirrhilabrus filamentosus","2016",3,7500,92,0.0326086956521739
"December","Cirrhilabrus filamentosus","2018",1,4000,51,0.0196078431372549
"December","Cirrhilabrus flavidorsalis","2012",2,3000,47,0.0425531914893617
"December","Cirrhilabrus flavidorsalis","2023",3,7500,213,0.0140845070422535
"December","Cirrhilabrus lubbocki","2012",12,12000,47,0.25531914893617
"December","Cirrhilabrus lubbocki","2016",23,23000,92,0.25
"December","Cirrhilabrus lubbocki","2022",2,8000,70,0.0285714285714286
"December","Cirrhitichthys aprinus","2012",74,92250,47,1.57446808510638
"December","Cirrhitichthys aprinus","2015",7,10000,58,0.120689655172414
"December","Cirrhitichthys aprinus","2016",62,62000,92,0.673913043478261
"December","Cirrhitichthys aprinus","2017",93,98500,95,0.978947368421053
"December","Cirrhitichthys aprinus","2018",42,50500,51,0.823529411764706
"December","Cirrhitichthys aprinus","2022",96,96000,70,1.37142857142857
"December","Cirrhitichthys aprinus","2023",42,56500,213,0.197183098591549
"December","Cirrhitichthys falco","2022",8,18000,70,0.114285714285714
"December","Cirrhitichthys oxycephalus","2022",1,2000,70,0.0142857142857143
"December","Cirrhitichthys oxycephalus","2023",2,4000,213,0.00938967136150235
"December","Coris aygula","2017",1,42500,95,0.0105263157894737
"December","Coris gaimard","2012",75,231000,47,1.59574468085106
"December","Coris gaimard","2013",71,248500,74,0.959459459459459
"December","Coris gaimard","2015",197,508000,58,3.39655172413793
"December","Coris gaimard","2016",111,336500,92,1.20652173913043
"December","Coris gaimard","2017",78,246784.037558685,95,0.821052631578947
"December","Coris gaimard","2018",52,223000,51,1.01960784313725
"December","Coris gaimard","2022",219,552000,70,3.12857142857143
"December","Coris gaimard","2023",239,877000,213,1.12206572769953
"December","Coris julis","2012",39,48500,47,0.829787234042553
"December","Cryptocentrus leptocephalus","2022",7,21000,70,0.1
"December","Ctenochaetus striatus","2022",32,96000,70,0.457142857142857
"December","Ctenochaetus striatus","2023",27,81000,213,0.126760563380282
"December","Ctenochaetus tominiensis","2023",1,15000,213,0.00469483568075117
"December","Cyprinocirrhites polyactis","2012",8,8000,47,0.170212765957447
"December","Cyprinocirrhites polyactus","2023",117,175500,213,0.549295774647887
"December","Dascyllus melanurus","2016",2,1200,92,0.0217391304347826
"December","Dascyllus reticulatus","2015",45,67500,58,0.775862068965517
"December","Dascyllus reticulatus","2017",20,30000,95,0.210526315789474
"December","Dascyllus reticulatus","2022",4,6000,70,0.0571428571428571
"December","Dascyllus trimaculatus","2012",306,237600,47,6.51063829787234
"December","Dascyllus trimaculatus","2013",110,110000,74,1.48648648648649
"December","Dascyllus trimaculatus","2015",23,11500,58,0.396551724137931
"December","Dascyllus trimaculatus","2016",267,141400,92,2.90217391304348
"December","Dascyllus trimaculatus","2017",368,238800,95,3.87368421052632
"December","Dascyllus trimaculatus","2018",228,267000,51,4.47058823529412
"December","Dascyllus trimaculatus","2022",95,112500,70,1.35714285714286
"December","Dascyllus trimaculatus","2023",260,195000,213,1.22065727699531
"December","Dendrochirus biocellatus","2016",3,24000,92,0.0326086956521739
"December","Dendrochirus biocellatus","2017",8,71000,95,0.0842105263157895
"December","Dendrochirus biocellatus","2022",4,40000,70,0.0571428571428571
"December","Dendrochirus biocellatus","2023",3,30000,213,0.0140845070422535
"December","Dendrochirus zebra","2012",5,5000,47,0.106382978723404
"December","Dendrochirus zebra","2015",4,4000,58,0.0689655172413793
"December","Dendrochirus zebra","2016",4,4000,92,0.0434782608695652
"December","Dendrochirus zebra","2018",2,3000,51,0.0392156862745098
"December","Dendrochirus zebra","2022",12,36000,70,0.171428571428571
"December","Dendrochirus zebra","2023",14,22000,213,0.0657276995305164
"December","Diodon holocanthus","2012",1,1500,47,0.0212765957446809
"December","Dischistodus perspicillatus","2016",15,7500,92,0.16304347826087
"December","Dischistodus perspicillatus","2018",80,80000,51,1.56862745098039
"December","Doryrhamphus dactyliophorus","2016",2,4000,92,0.0217391304347826
"December","Doryrhamphus dactyliophorus","2017",1,3000,95,0.0105263157894737
"December","Doryrhamphus dactyliophorus","2022",1,2000,70,0.0142857142857143
"December","Doryrhamphus dactyliophorus","2023",2,4000,213,0.00938967136150235
"December","Doryrhamphus janssi","2012",1,3000,47,0.0212765957446809
"December","Doryrhamphus janssii","2017",2,7000,95,0.0210526315789474
"December","Ecsenius bicolor","2012",9,15500,47,0.191489361702128
"December","Ecsenius bicolor","2015",19,28500,58,0.327586206896552
"December","Ecsenius bicolor","2016",92,138000,92,1
"December","Ecsenius bicolor","2017",23,41500,95,0.242105263157895
"December","Ecsenius bicolor","2018",16,25000,51,0.313725490196078
"December","Ecsenius bicolor","2022",21,48000,70,0.3
"December","Ecsenius bicolor","2023",40,80000,213,0.187793427230047
"December","Enneapterygius atrogulare","2012",17,19000,47,0.361702127659574
"December","Enoplometopus occidentalis","2012",72,124000,47,1.53191489361702
"December","Exallias brevis","2012",7,15500,47,0.148936170212766
"December","Exallias brevis","2015",4,10500,58,0.0689655172413793
"December","Exallias brevis","2016",5,10000,92,0.0543478260869565
"December","Exallias brevis","2017",2,5500,95,0.0210526315789474
"December","Exallias brevis","2018",4,12000,51,0.0784313725490196
"December","Exallias brevis","2022",16,46000,70,0.228571428571429
"December","Exallias brevis","2023",58,119500,213,0.272300469483568
"December","Forcipiger flavissimus","2016",2,14000,92,0.0217391304347826
"December","Forcipiger flavissimus","2017",1,8000,95,0.0105263157894737
"December","Forcipiger flavissimus","2022",1,1500,70,0.0142857142857143
"December","Forcipiger flavissimus","2023",1,1500,213,0.00469483568075117
"December","Genicanthus lamarck","2012",1,3500,47,0.0212765957446809
"December","Gomphosus varius","2012",11,32500,47,0.234042553191489
"December","Gomphosus varius","2015",3,4500,58,0.0517241379310345
"December","Gomphosus varius","2016",13,25500,92,0.141304347826087
"December","Gomphosus varius","2017",1,1500,95,0.0105263157894737
"December","Gomphosus varius","2018",1,2000,51,0.0196078431372549
"December","Gomphosus varius","2022",5,48333.3333333334,70,0.0714285714285714
"December","Gomphosus varius","2023",4,6096.0909090909,213,0.0187793427230047
"December","Gorgasia preclara","2012",1,2500,47,0.0212765957446809
"December","Gymnomuraena zebra","2013",1,20000,74,0.0135135135135135
"December","Gymnomuraena zebra","2022",1,27500,70,0.0142857142857143
"December","Gymnomuraena zebra","2023",1,10000,213,0.00469483568075117
"December","Gymnothorax undulatus","2023",1,4000,213,0.00469483568075117
"December","Halichoeres biocellatus","2023",1,3000,213,0.00469483568075117
"December","Halichoeres chrysus","2012",329,549500,47,7
"December","Halichoeres chrysus","2013",76,152000,74,1.02702702702703
"December","Halichoeres chrysus","2015",348,616000,58,6
"December","Halichoeres chrysus","2016",498,734500,92,5.41304347826087
"December","Halichoeres chrysus","2017",456,897803.179824561,95,4.8
"December","Halichoeres chrysus","2018",264,619000,51,5.17647058823529
"December","Halichoeres chrysus","2022",653,1607500,70,9.32857142857143
"December","Halichoeres chrysus","2023",1568,3291000,213,7.36150234741784
"December","Halichoeres hortulanus","2012",20,27250,47,0.425531914893617
"December","Halichoeres hortulanus","2013",14,21000,74,0.189189189189189
"December","Halichoeres hortulanus","2015",1,1500,58,0.0172413793103448
"December","Halichoeres hortulanus","2016",29,21750,92,0.315217391304348
"December","Halichoeres hortulanus","2017",5,3750,95,0.0526315789473684
"December","Halichoeres hortulanus","2018",8,6750,51,0.156862745098039
"December","Halichoeres hortulanus","2022",9,11250,70,0.128571428571429
"December","Halichoeres hortulanus","2023",34,34500,213,0.15962441314554
"December","Halichoeres marginatus","2012",2,4000,47,0.0425531914893617
"December","Halichoeres marginatus","2015",18,45000,58,0.310344827586207
"December","Halichoeres marginatus","2018",1,2500,51,0.0196078431372549
"December","Halichoeres marginatus","2022",21,63000,70,0.3
"December","Halichoeres marginatus","2023",22,66000,213,0.103286384976526
"December","Halichoeres melanurus","2016",43,43000,92,0.467391304347826
"December","Halichoeres melanurus","2022",3,9000,70,0.0428571428571429
"December","Halichoeres nebulosus","2013",23,57500,74,0.310810810810811
"December","Halichoeres ornatissimus","2022",3,9000,70,0.0428571428571429
"December","Halichoeres podostigma","2022",4,12000,70,0.0571428571428571
"December","Halichoeres podostigma","2023",2,5000,213,0.00938967136150235
"December","Hemitaurichthys polylepis","2017",2,25000,95,0.0210526315789474
"December","Hemitaurichthys polylepis","2022",2,3000,70,0.0285714285714286
"December","Heniochus monoceros","2015",1,17500,58,0.0172413793103448
"December","Heniochus monoceros","2016",22,51000,92,0.239130434782609
"December","Heniochus monoceros","2017",3,9000,95,0.0315789473684211
"December","Heniochus monoceros","2018",5,87500,51,0.0980392156862745
"December","Heniochus monoceros","2023",5,50000,213,0.0234741784037559
"December","Heniochus pleurotaenia","2012",4,9500,47,0.0851063829787234
"December","Heniochus singularius","2012",22,55000,47,0.468085106382979
"December","Heniochus varius","2012",1,2500,47,0.0212765957446809
"December","Heniochus varius","2013",1,2500,74,0.0135135135135135
"December","Heniochus varius","2016",14,21000,92,0.152173913043478
"December","Heniochus varius","2017",9,13500,95,0.0947368421052632
"December","Heniochus varius","2018",13,30000,51,0.254901960784314
"December","Heniochus varius","2022",1,1000,70,0.0142857142857143
"December","Heniochus varius","2023",1,1000,213,0.00469483568075117
"December","Hologymnosus annulatus","2013",2,5000,74,0.027027027027027
"December","Hoplolatilus marcosi","2012",4,7750,47,0.0851063829787234
"December","Hymenocera elegans","2022",52,78000,70,0.742857142857143
"December","Hymenocera elegans","2023",3,45000,213,0.0140845070422535
"December","Hymenocera picta","2012",21,65250,47,0.446808510638298
"December","Iniistius pavo","2013",6,27000,74,0.0810810810810811
"December","Iniistius pavo","2016",23,85000,92,0.25
"December","Labrichthys unilineatus","2016",4,4000,92,0.0434782608695652
"December","Labrichthys unilineatus","2018",5,15000,51,0.0980392156862745
"December","Labroides bicolor","2012",32,253000,47,0.680851063829787
"December","Labroides bicolor","2013",8,60000,74,0.108108108108108
"December","Labroides bicolor","2015",15,141000,58,0.258620689655172
"December","Labroides bicolor","2016",7,46500,92,0.0760869565217391
"December","Labroides bicolor","2017",28,240000,95,0.294736842105263
"December","Labroides bicolor","2018",12,96000,51,0.235294117647059
"December","Labroides bicolor","2022",6,84069.7674418602,70,0.0857142857142857
"December","Labroides bicolor","2023",32,309040.524193548,213,0.150234741784038
"December","Labroides dimidiatus","2012",70,70500,47,1.48936170212766
"December","Labroides dimidiatus","2013",22,22000,74,0.297297297297297
"December","Labroides dimidiatus","2015",87,94000,58,1.5
"December","Labroides dimidiatus","2016",195,195000,92,2.1195652173913
"December","Labroides dimidiatus","2017",268,274500,95,2.82105263157895
"December","Labroides dimidiatus","2018",108,133000,51,2.11764705882353
"December","Labroides dimidiatus","2022",278,556000,70,3.97142857142857
"December","Labroides dimidiatus","2023",886,1306904.37,213,4.15962441314554
"December","Labroides pectoralis","2012",1,1000,47,0.0212765957446809
"December","Labroides pectoralis","2022",1,12500,70,0.0142857142857143
"December","Labroides rubrolabiatus","2012",1,8000,47,0.0212765957446809
"December","Labroides rubrolabiatus","2015",4,26000,58,0.0689655172413793
"December","Labroides rubrolabiatus","2017",2,20000,95,0.0210526315789474
"December","Labroides rubrolabiatus","2018",14,70000,51,0.274509803921569
"December","Labropsis alleni","2015",1,1000,58,0.0172413793103448
"December","Labropsis alleni","2016",1,1000,92,0.0108695652173913
"December","Labropsis alleni","2017",7,15000,95,0.0736842105263158
"December","Labropsis alleni","2018",3,9000,51,0.0588235294117647
"December","Labropsis alleni","2022",2,6000,70,0.0285714285714286
"December","Labropsis alleni","2023",2,6000,213,0.00938967136150235
"December","Lysmata amboinensis","2013",8,56000,74,0.108108108108108
"December","Lysmata amboinensis","2016",55,435500,92,0.597826086956522
"December","Lysmata amboinensis","2018",15,175000,51,0.294117647058824
"December","Lysmata amboinensis","2022",29,102000,70,0.414285714285714
"December","Lysmata amboinensis","2023",97,1043000,213,0.455399061032864
"December","Lysmata debelius","2023",1,15000,213,0.00469483568075117
"December","Macolor niger","2016",1,5000,92,0.0108695652173913
"December","Macolor niger","2017",1,1500,95,0.0105263157894737
"December","Macolor niger","2018",1,6000,51,0.0196078431372549
"December","Macolor niger","2022",2,14000,70,0.0285714285714286
"December","Macolor niger","2023",3,70000,213,0.0140845070422535
"December","Macropharyngodon meleagris","2012",72,100750,47,1.53191489361702
"December","Macropharyngodon meleagris","2013",32,48000,74,0.432432432432432
"December","Macropharyngodon meleagris","2015",62,118000,58,1.06896551724138
"December","Macropharyngodon meleagris","2016",173,173000,92,1.8804347826087
"December","Macropharyngodon meleagris","2017",102,126280.991735537,95,1.07368421052632
"December","Macropharyngodon meleagris","2018",58,92500,51,1.13725490196078
"December","Macropharyngodon meleagris","2022",80,120000,70,1.14285714285714
"December","Macropharyngodon meleagris","2023",554,831000,213,2.60093896713615
"December","Macropharyngodon negrosensis","2012",37,55500,47,0.787234042553192
"December","Macropharyngodon negrosensis","2013",3,4500,74,0.0405405405405405
"December","Macropharyngodon negrosensis","2015",22,35000,58,0.379310344827586
"December","Macropharyngodon negrosensis","2016",9,9000,92,0.0978260869565217
"December","Macropharyngodon negrosensis","2017",29,37500,95,0.305263157894737
"December","Macropharyngodon negrosensis","2018",20,30000,51,0.392156862745098
"December","Macropharyngodon negrosensis","2022",27,55500,70,0.385714285714286
"December","Macropharyngodon negrosensis","2023",23,29000,213,0.107981220657277
"December","Macropharyngodon ornatus","2022",14,45500,70,0.2
"December","Macropharyngodon ornatus","2023",7,21000,213,0.0328638497652582
"December","Malacanthus brevirostris","2012",1,1500,47,0.0212765957446809
"December","Malacanthus brevirostris","2016",1,1500,92,0.0108695652173913
"December","Malacanthus brevirostris","2017",1,1500,95,0.0105263157894737
"December","Malacanthus latocittatus","2012",5,10250,47,0.106382978723404
"December","Malacanthus latovittatus","2012",25,150000,47,0.531914893617021
"December","Malacanthus latovittatus","2015",5,7500,58,0.0862068965517241
"December","Malacanthus latovittatus","2016",1,1500,92,0.0108695652173913
"December","Meiacanthus atrodorsalis","2022",27,93000,70,0.385714285714286
"December","Meiacanthus atrodorsalis","2023",2,6000,213,0.00938967136150235
"December","Meiacanthus grammistes","2015",9,18000,58,0.155172413793103
"December","Meiacanthus grammistes","2016",7,7000,92,0.0760869565217391
"December","Meiacanthus grammistes","2022",3,9000,70,0.0428571428571429
"December","Meiacanthus grammistes","2023",187,229500,213,0.877934272300469
"December","Meiacanthus smithii","2022",44,55000,70,0.628571428571429
"December","Meiacanthus smithii","2023",12,15000,213,0.0563380281690141
"December","Melichthys indicus","2012",3,33500,47,0.0638297872340425
"December","Melichthys vidua","2012",9,31500,47,0.191489361702128
"December","Melichthys vidua","2013",2,10000,74,0.027027027027027
"December","Melichthys vidua","2016",3,11500,92,0.0326086956521739
"December","Melichthys vidua","2018",2,7000,51,0.0392156862745098
"December","Melichthys vidua","2023",11,26000,213,0.0516431924882629
"December","Monacanthus chinensis","2015",5,10750,58,0.0862068965517241
"December","Monacanthus chinensis","2017",7,16562.5,95,0.0736842105263158
"December","Monacanthus chinensis","2018",2,2000,51,0.0392156862745098
"December","Monacanthus chinensis","2022",8,8000,70,0.114285714285714
"December","Monacanthus chinensis","2023",42,42000,213,0.197183098591549
"December","Myripristis murdjan","2022",1,3000,70,0.0142857142857143
"December","Myripristis murdjan","2023",1,5000,213,0.00469483568075117
"December","Naso Lopezi","2022",11,33000,70,0.157142857142857
"December","Naso Lopezi","2023",1,3000,213,0.00469483568075117
"December","Naso elegans","2017",3,15000,95,0.0315789473684211
"December","Naso lituratus","2012",3,12500,47,0.0638297872340425
"December","Naso lituratus","2013",4,24000,74,0.0540540540540541
"December","Naso lituratus","2016",27,96500,92,0.293478260869565
"December","Naso lituratus","2017",36,170519.650655022,95,0.378947368421053
"December","Naso lituratus","2018",19,124500,51,0.372549019607843
"December","Naso lituratus","2022",117,509000,70,1.67142857142857
"December","Naso lituratus","2023",41,160000,213,0.192488262910798
"December","Naso unicornis","2018",1,3000,51,0.0196078431372549
"December","Naso unicornis","2022",38,152000,70,0.542857142857143
"December","Naso vlamingii","2022",68,296000,70,0.971428571428571
"December","Nemateleotris magnifica","2012",2,20000,47,0.0425531914893617
"December","Nemateleotris magnifica","2017",2,16000,95,0.0210526315789474
"December","Nemateleotris magnifica","2022",2,32000,70,0.0285714285714286
"December","Nemateleotris magnifica","2023",4,40000,213,0.0187793427230047
"December","Neoglyphidodon crossi","2013",9,13500,74,0.121621621621622
"December","Neoglyphidodon crossi","2016",81,173500,92,0.880434782608696
"December","Neoglyphidodon crossi","2017",2,3000,95,0.0210526315789474
"December","Neoglyphidodon crossi","2018",5,5000,51,0.0980392156862745
"December","Neoglyphidodon crossi","2022",3,7500,70,0.0428571428571429
"December","Neoglyphidodon melas","2016",3,3000,92,0.0326086956521739
"December","Neopenrolisthes maculata","2013",4,6000,74,0.0540540540540541
"December","Neopenrolisthes maculata","2016",2,2000,92,0.0217391304347826
"December","Neopenrolisthes maculata","2018",6,6500,51,0.117647058823529
"December","Neopetrolisthes ohshimai","2022",4,10500,70,0.0571428571428571
"December","Novaculichthys taeniourus","2017",8,40000,95,0.0842105263157895
"December","Novaculichthys taeniourus","2018",2,10000,51,0.0392156862745098
"December","Novaculichthys taeniourus","2022",47,95000,70,0.671428571428571
"December","Novaculichthys taeniourus","2023",56,208000,213,0.262910798122066
"December","Odontodactylus scyllarus","2016",6,15000,92,0.0652173913043478
"December","Odontodactylus scyllarus","2018",1,2500,51,0.0196078431372549
"December","Odonus niger","2012",16,34000,47,0.340425531914894
"December","Odonus niger","2015",15,22500,58,0.258620689655172
"December","Odonus niger","2016",83,157500,92,0.902173913043478
"December","Odonus niger","2017",28,56000,95,0.294736842105263
"December","Odonus niger","2018",48,128000,51,0.941176470588235
"December","Odonus niger","2022",10,49166.6666666667,70,0.142857142857143
"December","Odonus niger","2023",6,12000,213,0.028169014084507
"December","Ostracion cubicus","2012",21,139000,47,0.446808510638298
"December","Ostracion cubicus","2023",1,2000,213,0.00469483568075117
"December","Ostracion solorensis","2013",7,35000,74,0.0945945945945946
"December","Ostracion solorensis","2015",13,102000,58,0.224137931034483
"December","Ostracion solorensis","2016",3,15000,92,0.0326086956521739
"December","Ostracion solorensis","2017",5,39000,95,0.0526315789473684
"December","Ostracion solorensis","2018",32,244000,51,0.627450980392157
"December","Oxymonacanthus longirostris","2015",1,3000,58,0.0172413793103448
"December","Paguristes species","2022",367,1468000,70,5.24285714285714
"December","Paguristes species","2023",16,64000,213,0.0751173708920188
"December","Paracanthurus hepatus","2022",9,421666.666666666,70,0.128571428571429
"December","Paracheilinus carpenteri","2022",71,106500,70,1.01428571428571
"December","Paracheilinus carpenteri","2023",87,130500,213,0.408450704225352
"December","Paracheilinus mccoskeri","2013",16,32000,74,0.216216216216216
"December","Paracheilinus mccoskeri","2016",357,501500,92,3.8804347826087
"December","Paracirrhites arcatus","2012",57,70000,47,1.21276595744681
"December","Paracirrhites arcatus","2013",3,4500,74,0.0405405405405405
"December","Paracirrhites arcatus","2022",2,6000,70,0.0285714285714286
"December","Paracirrhites arcatus","2023",2,6000,213,0.00938967136150235
"December","Paracirrhites arcuatus","2015",4,6000,58,0.0689655172413793
"December","Paracirrhites arcuatus","2016",10,10000,92,0.108695652173913
"December","Paracirrhites arcuatus","2017",26,29500,95,0.273684210526316
"December","Paracirrhites arcuatus","2018",16,16000,51,0.313725490196078
"December","Paraglyphidodon melas","2012",5,44000,47,0.106382978723404
"December","Paragobiodon echinocephalus","2012",39,78000,47,0.829787234042553
"December","Paraluteres prionurus","2022",20,60000,70,0.285714285714286
"December","Paraluteres prionurus","2023",9,27000,213,0.0422535211267606
"December","Paramonacanthus filicauda","2022",4,8000,70,0.0571428571428571
"December","Parapercis schuinslandi","2016",13,16250,92,0.141304347826087
"December","Parupeneus cyclostomus","2012",1,1500,47,0.0212765957446809
"December","Parupeneus rubescens","2012",3,3000,47,0.0638297872340425
"December","Parupeneus rubescens","2016",1,750,92,0.0108695652173913
"December","Parupeneus rubescens","2017",3,3000,95,0.0315789473684211
"December","Periclimenes brevicarpalis","2013",2,3000,74,0.027027027027027
"December","Periclimenes brevicarpalis","2016",6,6000,92,0.0652173913043478
"December","Periclimenes brevicarpalis","2018",11,13000,51,0.215686274509804
"December","Pervagor janthinosoma","2013",19,47500,74,0.256756756756757
"December","Pervagor janthinosoma","2022",27,42000,70,0.385714285714286
"December","Pervagor janthinosoma","2023",45,127000,213,0.211267605633803
"December","Pervagor melanosoma","2023",1,3000,213,0.00469483568075117
"December","Plagiotremus laudandus","2013",2,4000,74,0.027027027027027
"December","Plagiotremus ludandus","2016",2,2000,92,0.0217391304347826
"December","Plagiotremus ludandus","2018",20,28000,51,0.392156862745098
"December","Platax orbicularis","2022",2,12384.6153846154,70,0.0285714285714286
"December","Platax pinnatus","2016",1,25000,92,0.0108695652173913
"December","Plectorhinchus chaetodonoides","2016",2,4500,92,0.0217391304347826
"December","Plectorhinchus chaetodonoides","2017",1,5000,95,0.0105263157894737
"December","Plectorhinchus chaetodonoides","2022",1,1500,70,0.0142857142857143
"December","Plectorhinchus chaetodonoides","2023",2,3000,213,0.00938967136150235
"December","Plectorhinchus diagrammus","2023",2,2502.25,213,0.00938967136150235
"December","Plectorhinchus orientalis","2012",4,6500,47,0.0851063829787234
"December","Plectorhinchus orientalis","2015",2,3000,58,0.0344827586206897
"December","Plectorhinchus orientalis","2016",32,59000,92,0.347826086956522
"December","Plectorhinchus orientalis","2017",3,4500,95,0.0315789473684211
"December","Plectorhinchus orientalis","2022",43,194433.962264151,70,0.614285714285714
"December","Plectorhinchus orientalis","2023",14,24008,213,0.0657276995305164
"December","Plectorhincus diagrammus","2016",1,1500,92,0.0108695652173913
"December","Plectorhincus diagrammus","2018",1,1500,51,0.0196078431372549
"December","Plectroglyphidodon dickii","2023",3,4500,213,0.0140845070422535
"December","Plectroglyphidodon lacrymatus","2023",1,1500,213,0.00469483568075117
"December","Pomacanthus Imperator","2016",7,1e+05,92,0.0760869565217391
"December","Pomacanthus Imperator","2018",4,130000,51,0.0784313725490196
"December","Pomacanthus annularis","2022",2,24000,70,0.0285714285714286
"December","Pomacanthus annularis","2023",29,362500,213,0.136150234741784
"December","Pomacanthus imperator","2013",2,62500,74,0.027027027027027
"December","Pomacanthus imperator","2022",6,202000,70,0.0857142857142857
"December","Pomacanthus imperator","2023",36,1332000,213,0.169014084507042
"December","Pomacentrus amboinensis","2012",10,25000,47,0.212765957446809
"December","Pomacentrus auriventris","2015",402,308000,58,6.93103448275862
"December","Pomacentrus auriventris","2016",390,207000,92,4.23913043478261
"December","Pomacentrus auriventris","2017",225,295858.024691358,95,2.36842105263158
"December","Pomacentrus auriventris","2018",140,186000,51,2.74509803921569
"December","Pomacentrus bankanensis","2012",88,88000,47,1.87234042553191
"December","Pomacentrus bankanensis","2013",140,140000,74,1.89189189189189
"December","Pomacentrus bankanensis","2015",102,153000,58,1.75862068965517
"December","Pomacentrus bankanensis","2017",35,52500,95,0.368421052631579
"December","Pomacentrus bankanensis","2018",35,52500,51,0.686274509803922
"December","Pomacentrus bankanensis","2022",24,36000,70,0.342857142857143
"December","Pomacentrus bankanensis","2023",42,63000,213,0.197183098591549
"December","Pomacentrus coelestis","2022",114,85500,70,1.62857142857143
"December","Pomacentrus coelestis","2023",135,101250,213,0.633802816901408
"December","Pomacentrus moluccensis","2015",8,12000,58,0.137931034482759
"December","Pomacentrus moluccensis","2018",7,10500,51,0.137254901960784
"December","Pomacentrus moluccensis","2022",4,6000,70,0.0571428571428571
"December","Pomacentrus moluccensis","2023",2,3000,213,0.00938967136150235
"December","Pomacentrus smithi","2016",4,4000,92,0.0434782608695652
"December","Pomacentrus smithi","2017",4,4000,95,0.0421052631578947
"December","Premnas biaculeatus","2023",1,3000,213,0.00469483568075117
"December","Prionurus scalprus","2012",6,60000,47,0.127659574468085
"December","Pseudanthias cooperi","2013",13,19500,74,0.175675675675676
"December","Pseudanthias dispar","2012",210,270000,47,4.46808510638298
"December","Pseudanthias dispar","2013",195,292500,74,2.63513513513514
"December","Pseudanthias dispar","2015",873,1194750,58,15.051724137931
"December","Pseudanthias dispar","2016",998,1995000,92,10.8478260869565
"December","Pseudanthias dispar","2017",680,1360000,95,7.15789473684211
"December","Pseudanthias dispar","2018",297,594000,51,5.82352941176471
"December","Pseudanthias dispar","2022",756,1582000,70,10.8
"December","Pseudanthias dispar","2023",2085,5055500,213,9.7887323943662
"December","Pseudanthias huchtii","2012",67,105750,47,1.42553191489362
"December","Pseudanthias huchtii","2015",100,142500,58,1.72413793103448
"December","Pseudanthias huchtii","2016",11,8250,92,0.119565217391304
"December","Pseudanthias huchtii","2017",69,118250,95,0.726315789473684
"December","Pseudanthias huchtii","2018",36,72000,51,0.705882352941177
"December","Pseudanthias huchtii","2022",66,140482.75862069,70,0.942857142857143
"December","Pseudanthias huchtii","2023",85,119386.223300971,213,0.39906103286385
"December","Pseudanthias hypselosoma","2012",42,74000,47,0.893617021276596
"December","Pseudanthias hypselosoma","2015",83,109000,58,1.43103448275862
"December","Pseudanthias hypselosoma","2016",374,361000,92,4.06521739130435
"December","Pseudanthias hypselosoma","2017",78,93043.3673469388,95,0.821052631578947
"December","Pseudanthias hypselosoma","2018",78,163750,51,1.52941176470588
"December","Pseudanthias pleurotaenia","2012",3,7500,47,0.0638297872340425
"December","Pseudanthias pleurotaenia","2016",40,107000,92,0.434782608695652
"December","Pseudanthias pleurotaenia","2017",17,43000,95,0.178947368421053
"December","Pseudanthias pleurotaenia","2018",10,26000,51,0.196078431372549
"December","Pseudanthias pleurotaenia","2022",6,42000,70,0.0857142857142857
"December","Pseudanthias pleurotaenia","2023",1,3000,213,0.00469483568075117
"December","Pseudanthias squamipinnis","2022",289,751179.347826088,70,4.12857142857143
"December","Pseudanthias squamipinnis","2023",676,906023.65,213,3.17370892018779
"December","Pseudanthias tuka","2012",47,139500,47,1
"December","Pseudanthias tuka","2013",35,105000,74,0.472972972972973
"December","Pseudanthias tuka","2015",15,60000,58,0.258620689655172
"December","Pseudanthias tuka","2016",4,12000,92,0.0434782608695652
"December","Pseudanthias tuka","2017",32,129000,95,0.336842105263158
"December","Pseudanthias tuka","2022",1,2000,70,0.0142857142857143
"December","Pseudanthias tuka","2023",15,40000,213,0.0704225352112676
"December","Pseudoceros sp","2013",1,500,74,0.0135135135135135
"December","Pseudocheilinus evanidus","2012",27,41250,47,0.574468085106383
"December","Pseudocheilinus evanidus","2013",10,25000,74,0.135135135135135
"December","Pseudocheilinus evanidus","2015",11,24500,58,0.189655172413793
"December","Pseudocheilinus evanidus","2016",53,44500,92,0.576086956521739
"December","Pseudocheilinus evanidus","2017",72,72000,95,0.757894736842105
"December","Pseudocheilinus evanidus","2018",27,27000,51,0.529411764705882
"December","Pseudocheilinus evanidus","2022",20,30250,70,0.285714285714286
"December","Pseudocheilinus evanidus","2023",82,96250,213,0.384976525821596
"December","Pseudocheilinus hexataenia","2012",760,1692000,47,16.1702127659574
"December","Pseudocheilinus hexataenia","2013",166,415000,74,2.24324324324324
"December","Pseudocheilinus hexataenia","2015",418,1006000,58,7.20689655172414
"December","Pseudocheilinus hexataenia","2016",608,1193000,92,6.60869565217391
"December","Pseudocheilinus hexataenia","2017",591,1388410.88180113,95,6.22105263157895
"December","Pseudocheilinus hexataenia","2018",403,1105500,51,7.90196078431373
"December","Pseudocheilinus hexataenia","2022",644,2010500,70,9.2
"December","Pseudocheilinus hexataenia","2023",1481,4463000,213,6.95305164319249
"December","Pseudochromis cyanotaenia","2013",1,2000,74,0.0135135135135135
"December","Pseudochromis paccagnellae","2016",12,12000,92,0.130434782608696
"December","Pseudochromis paccagnellae","2022",3,4500,70,0.0428571428571429
"December","Ptereleotris evides","2012",53,116500,47,1.12765957446809
"December","Ptereleotris evides","2015",119,265500,58,2.05172413793103
"December","Ptereleotris evides","2016",120,180000,92,1.30434782608696
"December","Ptereleotris evides","2017",11,16500,95,0.115789473684211
"December","Ptereleotris evides","2018",42,67500,51,0.823529411764706
"December","Ptereleotris evides","2022",30,64000,70,0.428571428571429
"December","Ptereleotris evides","2023",250,5e+05,213,1.17370892018779
"December","Ptereleotris heteroptera","2012",2,4500,47,0.0425531914893617
"December","Ptereleotris heteropterus","2016",38,66000,92,0.41304347826087
"December","Ptereleotris heteropterus","2017",11,28000,95,0.115789473684211
"December","Ptereleotris heteropterus","2022",1,2500,70,0.0142857142857143
"December","Ptereleotris microlepis","2016",1,1000,92,0.0108695652173913
"December","Ptereleotris uroditaenia","2012",1,2000,47,0.0212765957446809
"December","Ptereleotris zebra","2012",28,67500,47,0.595744680851064
"December","Ptereleotris zebra","2015",18,31500,58,0.310344827586207
"December","Ptereleotris zebra","2016",45,78750,92,0.489130434782609
"December","Pterocaesio chrysozona","2016",1,1000,92,0.0108695652173913
"December","Pterois antennata","2012",18,32000,47,0.382978723404255
"December","Pterois antennata","2015",3,4500,58,0.0517241379310345
"December","Pterois antennata","2016",27,53500,92,0.293478260869565
"December","Pterois antennata","2017",42,83500,95,0.442105263157895
"December","Pterois antennata","2018",27,55000,51,0.529411764705882
"December","Pterois antennata","2022",47,88000,70,0.671428571428571
"December","Pterois antennata","2023",34,58000,213,0.15962441314554
"December","Pterois radiata","2012",1,13000,47,0.0212765957446809
"December","Pterois radiata","2016",6,48000,92,0.0652173913043478
"December","Pterois radiata","2017",2,25000,95,0.0210526315789474
"December","Pterois radiata","2018",1,10000,51,0.0196078431372549
"December","Pterois radiata","2022",4,40000,70,0.0571428571428571
"December","Pterois radiata","2023",2,25000,213,0.00938967136150235
"December","Pterois volitans","2016",3,20000,92,0.0326086956521739
"December","Pterois volitans","2022",6,90000,70,0.0857142857142857
"December","Pterois volitans","2023",19,190000,213,0.0892018779342723
"December","Pygoplites diacanthus","2012",1,20000,47,0.0212765957446809
"December","Pygoplites diacanthus","2017",1,15000,95,0.0105263157894737
"December","Pygoplites diacanthus","2022",3,119062.5,70,0.0428571428571429
"December","Pygoplites diacanthus","2023",7,105000,213,0.0328638497652582
"December","Rhinchocinetes durbanensis","2016",80,56500,92,0.869565217391304
"December","Rhinecanthus verrucosus","2012",8,16000,47,0.170212765957447
"December","Rhinecanthus verrucosus","2016",13,13000,92,0.141304347826087
"December","Rhinecanthus verrucosus","2017",4,10000,95,0.0421052631578947
"December","Rhinecanthus verrucosus","2018",4,4000,51,0.0784313725490196
"December","Rhinomuraena quaesita","2022",3,75000,70,0.0428571428571429
"December","Rhinomuraena quaesita","2023",7,79000,213,0.0328638497652582
"December","Rhinomuraena quesita","2016",5,50000,92,0.0543478260869565
"December","Rhinomuraena quesita","2018",3,45000,51,0.0588235294117647
"December","Rhynchocinetes durbanensis","2013",7,7000,74,0.0945945945945946
"December","Rhynchocinetes durbanensis","2022",72,72000,70,1.02857142857143
"December","Rhynchocinetes durbanensis","2023",304,304000,213,1.42723004694836
"December","Salarias ceramensis","2023",1,6000,213,0.00469483568075117
"December","Salarias fasciatus","2012",13,13000,47,0.276595744680851
"December","Salarias fasciatus","2015",15,15000,58,0.258620689655172
"December","Salarias fasciatus","2016",22,22000,92,0.239130434782609
"December","Salarias fasciatus","2017",1,1000,95,0.0105263157894737
"December","Salarias fasciatus","2018",6,6000,51,0.117647058823529
"December","Salarias fasciatus","2022",73,73000,70,1.04285714285714
"December","Salarias fasciatus","2023",95,117000,213,0.446009389671362
"December","Siderea picta","2022",6,30000,70,0.0857142857142857
"December","Siderea picta","2023",1,5000,213,0.00469483568075117
"December","Siganus corallinus","2012",1,3500,47,0.0212765957446809
"December","Stenopus Hispodus","2016",37,37000,92,0.402173913043478
"December","Stenopus Hispodus","2018",2,2000,51,0.0392156862745098
"December","Stenopus hispidus","2022",72,73500,70,1.02857142857143
"December","Stenopus hispidus","2023",17,25000,213,0.07981220657277
"December","Stenopus hispodus","2013",1,1500,74,0.0135135135135135
"December","Stenopus zanzibaricus","2022",1,8000,70,0.0142857142857143
"December","Stethojulis bandanensis","2015",4,7000,58,0.0689655172413793
"December","Stethojulis bandanensis","2016",12,12000,92,0.130434782608696
"December","Stethojulis bandanensis","2017",1,1000,95,0.0105263157894737
"December","Stethojulis bandanensis","2023",7,7000,213,0.0328638497652582
"December","Sufflamen Chrysopterus","2023",3,9000,213,0.0140845070422535
"December","Sufflamen bursa","2013",3,9000,74,0.0405405405405405
"December","Sufflamen chrysopterum","2012",17,50000,47,0.361702127659574
"December","Sufflamen chrysopterus","2017",2,2000,95,0.0210526315789474
"December","Sufflamen chrysopterus","2018",5,10000,51,0.0980392156862745
"December","Synchiropus ocellatus","2012",1,1000,47,0.0212765957446809
"December","Synchiropus ocellatus","2013",9,22500,74,0.121621621621622
"December","Synchiropus ocellatus","2015",18,24250,58,0.310344827586207
"December","Synchiropus ocellatus","2016",121,150750,92,1.31521739130435
"December","Synchiropus ocellatus","2017",4,12000,95,0.0421052631578947
"December","Synchiropus ocellatus","2018",11,11000,51,0.215686274509804
"December","Synchiropus ocellatus","2022",5,7500,70,0.0714285714285714
"December","Synchiropus ocellatus","2023",52,104000,213,0.244131455399061
"December","Synchiropus picturatus","2022",72,108000,70,1.02857142857143
"December","Synchiropus picturatus","2023",25,37500,213,0.117370892018779
"December","Taenianotus triacanthus","2016",1,3000,92,0.0108695652173913
"December","Thalassoma amblycephalum","2013",2,6000,74,0.027027027027027
"December","Thalassoma jansenii","2022",2,2000,70,0.0285714285714286
"December","Thalassoma jansenii","2023",1,2000,213,0.00469483568075117
"December","Thalassoma lunare","2016",16,16000,92,0.173913043478261
"December","Thalassoma lunare","2017",10,14000,95,0.105263157894737
"December","Thalassoma lunare","2018",2,6000,51,0.0392156862745098
"December","Thalassoma lutescens","2023",27,130000,213,0.126760563380282
"December","Valenciennea helsdingenii","2012",8,16000,47,0.170212765957447
"December","Valenciennea helsdingenii","2016",16,24000,92,0.173913043478261
"December","Valenciennea helsdingenii","2017",5,8653.22580645161,95,0.0526315789473684
"December","Valenciennea puellaris","2012",159,313000,47,3.38297872340426
"December","Valenciennea puellaris","2013",170,340000,74,2.2972972972973
"December","Valenciennea puellaris","2015",65,120250,58,1.12068965517241
"December","Valenciennea puellaris","2016",203,304500,92,2.20652173913043
"December","Valenciennea puellaris","2017",435,811330.604584527,95,4.57894736842105
"December","Valenciennea puellaris","2018",52,105000,51,1.01960784313725
"December","Valenciennea puellaris","2022",54,127500,70,0.771428571428571
"December","Valenciennea puellaris","2023",571,1142000,213,2.68075117370892
"December","Valenciennea sexguttata","2012",25,34750,47,0.531914893617021
"December","Valenciennea sexguttata","2015",6,6000,58,0.103448275862069
"December","Valenciennea sexguttata","2016",70,70750,92,0.760869565217391
"December","Valenciennea sexguttata","2017",57,84500,95,0.6
"December","Valenciennea sexguttata","2018",8,12000,51,0.156862745098039
"December","Valenciennea sexguttata","2022",18,33000,70,0.257142857142857
"December","Valenciennea sexguttata","2023",19,29500,213,0.0892018779342723
"December","Valenciennea strigata","2013",61,91500,74,0.824324324324324
"December","Valenciennea strigata","2016",70,104100,92,0.760869565217391
"December","Valenciennea strigata","2018",11,22000,51,0.215686274509804
"December","Valenciennea strigata","2022",285,596000,70,4.07142857142857
"December","Valenciennea strigata","2023",415,874000,213,1.94835680751174
"December","Variola louti","2012",3,4500,47,0.0638297872340425
"December","Variola louti","2017",1,4000,95,0.0105263157894737
"December","Wetmorella nigropinnata","2012",6,8000,47,0.127659574468085
"December","Wetmorella nigropinnata","2015",4,10000,58,0.0689655172413793
"December","Wetmorella nigropinnata","2016",22,22000,92,0.239130434782609
"December","Wetmorella nigropinnata","2017",16,16000,95,0.168421052631579
"December","Wetmorella nigropinnata","2018",11,12000,51,0.215686274509804
"December","Wetmorella nigropinnata","2023",75,78525,213,0.352112676056338
"December","Zanclus cornutus","2012",8,16250,47,0.170212765957447
"December","Zanclus cornutus","2016",45,72500,92,0.489130434782609
"December","Zanclus cornutus","2017",4,7000,95,0.0421052631578947
"December","Zanclus cornutus","2018",5,10000,51,0.0980392156862745
"December","Zanclus cornutus","2022",13,26000,70,0.185714285714286
"December","Zanclus cornutus","2023",22,44000,213,0.103286384976526
"December","Zebrasoma scopas","2012",66,116500,47,1.40425531914894
"December","Zebrasoma scopas","2013",25,50000,74,0.337837837837838
"December","Zebrasoma scopas","2015",143,328500,58,2.46551724137931
"December","Zebrasoma scopas","2016",25,32750,92,0.271739130434783
"December","Zebrasoma scopas","2017",64,124500,95,0.673684210526316
"December","Zebrasoma scopas","2018",62,157000,51,1.2156862745098
"December","Zebrasoma scopas","2022",241,598000,70,3.44285714285714
"December","Zebrasoma scopas","2023",407,842000,213,1.91079812206573
